Property ID,Column,Value in File 1,Value in File 2
PT-1014-914250,Owner Id,"['9d63c352-9596-4d5d-bce2-57c5d1bdd38c', 'a246f659-1939-419e-8082-343a2c959c55', '5d9e67b8-b1da-413e-bdbf-635dc3802263', '68c00544-0bdd-4cde-9a12-d0e8beb394ff', 'daadf787-db7d-4355-b714-6a212c2d3335']","['68c00544-0bdd-4cde-9a12-d0e8beb394ff', 'daadf787-db7d-4355-b714-6a212c2d3335', '9d63c352-9596-4d5d-bce2-57c5d1bdd38c', 'a246f659-1939-419e-8082-343a2c959c55', '5d9e67b8-b1da-413e-bdbf-635dc3802263']"
PT-1014-856267,Owner Id,"['adfa9219-8bf5-4872-9a26-fd54b156e8bf', 'dfa12206-ac19-45cc-9e21-fe6c730556a7']","['dfa12206-ac19-45cc-9e21-fe6c730556a7', 'adfa9219-8bf5-4872-9a26-fd54b156e8bf']"
PT-1014-710587,Owner Id,"['3db058c3-1a6e-4a1e-9c55-2e24c906c53f', '5814446e-d5a9-48b5-bb6e-7a3126838fbc', 'a924afee-5841-46c3-88a7-e793acb7c17c', '971ab8f9-1612-404c-92ae-24e4b9018540']","['3db058c3-1a6e-4a1e-9c55-2e24c906c53f', 'a924afee-5841-46c3-88a7-e793acb7c17c', '971ab8f9-1612-404c-92ae-24e4b9018540', '5814446e-d5a9-48b5-bb6e-7a3126838fbc']"
PT-1014-1224959,Owner Id,"['e86a6d6a-e4e6-4add-bc15-fe994840b5d5', '37750543-d3d8-4083-936e-78f05516cd6e', '658c0574-1ddd-4b91-892f-7b56f19b70ad', 'a5eea967-f809-490e-bae9-2e43bca45c50']","['a5eea967-f809-490e-bae9-2e43bca45c50', 'e86a6d6a-e4e6-4add-bc15-fe994840b5d5', '658c0574-1ddd-4b91-892f-7b56f19b70ad', '37750543-d3d8-4083-936e-78f05516cd6e']"
PT-1014-1139746,Owner Id,"['bbd3b2e2-525f-4394-b0a2-26ba4a33f656', '89140072-fc8a-4e4c-b277-aa28e89d833c', '2cf43494-aad1-4f30-b77c-2d6e1ba6ed26']","['2cf43494-aad1-4f30-b77c-2d6e1ba6ed26', '89140072-fc8a-4e4c-b277-aa28e89d833c', 'bbd3b2e2-525f-4394-b0a2-26ba4a33f656']"
PT-1014-877371,Owner Id,"['13919f76-6158-4dde-9b08-c6e0224d0667', '081d4d76-a242-4a11-a258-acbe51ba8908']","['081d4d76-a242-4a11-a258-acbe51ba8908', '13919f76-6158-4dde-9b08-c6e0224d0667']"
PT-1014-1519470,Owner Id,"['2f95afe4-d82b-4bb3-98db-296d0c18f4dc', '20d78078-e703-4106-9d12-5653954222ad', '8f906af1-f343-4af2-9a83-80f5d05f135c', 'c42699e3-5647-446e-818f-356a8c568c54']","['2f95afe4-d82b-4bb3-98db-296d0c18f4dc', '20d78078-e703-4106-9d12-5653954222ad', 'c42699e3-5647-446e-818f-356a8c568c54', '8f906af1-f343-4af2-9a83-80f5d05f135c']"
PT-1014-1011868,Owner Id,"['82562023-d624-49b9-b800-dfe8276f7462', '6a7d3099-1963-4e5c-96d4-bbccb2a19a97', 'd9fdfc8a-3cfd-4b2c-9d71-3b4dcd9d1b4c']","['6a7d3099-1963-4e5c-96d4-bbccb2a19a97', 'd9fdfc8a-3cfd-4b2c-9d71-3b4dcd9d1b4c', '82562023-d624-49b9-b800-dfe8276f7462']"
PT-1014-1991141,Owner Id,"['78b5c8f4-4991-4f01-8105-049f9372d309', 'b7fb6cf9-64c0-401e-9dd8-4e46fdd74d2d', 'c474f3e4-d3fe-49db-879e-f41935ad8ae7']","['78b5c8f4-4991-4f01-8105-049f9372d309', 'c474f3e4-d3fe-49db-879e-f41935ad8ae7', 'b7fb6cf9-64c0-401e-9dd8-4e46fdd74d2d']"
PT-1014-1159152,Owner Id,"['75763629-9b77-4f18-8d68-01239724c9af', 'ef1062f1-ec30-4e3f-a3ac-96f5b1ccf410']","['ef1062f1-ec30-4e3f-a3ac-96f5b1ccf410', '75763629-9b77-4f18-8d68-01239724c9af']"
PT-1014-1557317,Owner Id,"['06a4f45f-7718-45c2-9121-c3257c44b82d', '17f4d156-2d0a-4005-96e0-6c1c00aeea6d']","['17f4d156-2d0a-4005-96e0-6c1c00aeea6d', '06a4f45f-7718-45c2-9121-c3257c44b82d']"
PT-1014-840756,Owner Id,"['fc9928e3-6f24-494e-99d3-2a7960d838eb', 'bd4d4072-fb99-4451-bf0d-6d0156c1b834', 'dc47dc59-4bbc-41fc-bbc3-cf0dfcbddd2b', '7dbcbdb5-5f4d-43b9-9714-bdab1a59f621']","['fc9928e3-6f24-494e-99d3-2a7960d838eb', 'dc47dc59-4bbc-41fc-bbc3-cf0dfcbddd2b', '7dbcbdb5-5f4d-43b9-9714-bdab1a59f621', 'bd4d4072-fb99-4451-bf0d-6d0156c1b834']"
PT-1014-768965,Owner Id,"['8f124e36-d25c-4f74-9736-ee8776d3093a', '212d78c3-0b5f-464a-afe9-5fb7cd7278b1']","['212d78c3-0b5f-464a-afe9-5fb7cd7278b1', '8f124e36-d25c-4f74-9736-ee8776d3093a']"
PT-1014-1156234,Owner Id,"['ad7f56be-e7d3-4cc3-9308-f9048ec1848f', '2da3fa44-6ce1-4b49-bf06-059203ae2fb1']","['2da3fa44-6ce1-4b49-bf06-059203ae2fb1', 'ad7f56be-e7d3-4cc3-9308-f9048ec1848f']"
PT-1014-1210437,Owner Id,"['024a555c-650d-471e-bd3b-db90299f8848', 'f55fdff4-5781-40e7-901a-fdb2ca350829', '736f9276-44c6-4e63-987f-286e3b128462']","['024a555c-650d-471e-bd3b-db90299f8848', '736f9276-44c6-4e63-987f-286e3b128462', 'f55fdff4-5781-40e7-901a-fdb2ca350829']"
PT-1014-1548193,Owner Id,"['a020240b-36a5-42e6-82d7-a28660319668', '020c28ee-7fe0-4c82-92b7-345aabef4d95', 'c914cc13-14e7-48ec-9b3b-c5a81508c414']","['a020240b-36a5-42e6-82d7-a28660319668', 'c914cc13-14e7-48ec-9b3b-c5a81508c414', '020c28ee-7fe0-4c82-92b7-345aabef4d95']"
PT-1014-1019618,Owner Id,"['5ccaf188-f2c9-4a52-ace2-32002ff23c50', 'f52955fa-fe46-4cd6-b50a-490970fe4d64', '4a803456-839d-4cf8-bb2d-be561dda7aea', 'f1fe952e-b0e1-42a9-8e0f-154bdeff9f4a', '655d71c3-7639-4951-8b9c-a5dfdacd17fa']","['655d71c3-7639-4951-8b9c-a5dfdacd17fa', '4a803456-839d-4cf8-bb2d-be561dda7aea', 'f52955fa-fe46-4cd6-b50a-490970fe4d64', 'f1fe952e-b0e1-42a9-8e0f-154bdeff9f4a', '5ccaf188-f2c9-4a52-ace2-32002ff23c50']"
PT-1014-1411813,Owner Id,"['12c8e4b3-efb4-48a6-9748-fb2337266f50', 'a696b2db-1351-49ae-af80-0a5ab11317b0']","['a696b2db-1351-49ae-af80-0a5ab11317b0', '12c8e4b3-efb4-48a6-9748-fb2337266f50']"
PT-1014-859691,Owner Id,"['921fa2e7-2245-4ce0-aeef-110f864d9a4b', '797a2b91-bf8f-4214-83d9-477f70216d3e', '63c32dbd-3f3d-493c-ba53-637ba341f18a']","['797a2b91-bf8f-4214-83d9-477f70216d3e', '63c32dbd-3f3d-493c-ba53-637ba341f18a', '921fa2e7-2245-4ce0-aeef-110f864d9a4b']"
PT-1014-1774470,Owner Id,"['9d922305-3ad7-4759-94e4-92cda04d6169', 'faea9936-5813-47c7-94f3-79ab9cf9bf62', '2d62edea-35ef-48bc-9feb-ef57644b1a15', '000e7900-8b23-4c2a-9d5b-fb92b97fd13d', 'b2835c2e-f5b2-4982-878a-38704a1671c2']","['faea9936-5813-47c7-94f3-79ab9cf9bf62', '000e7900-8b23-4c2a-9d5b-fb92b97fd13d', '2d62edea-35ef-48bc-9feb-ef57644b1a15', '9d922305-3ad7-4759-94e4-92cda04d6169', 'b2835c2e-f5b2-4982-878a-38704a1671c2']"
PT-1014-1546302,Owner Id,"['5af96e0f-f947-435e-ba5d-e1a045aa4963', '506727d2-da65-46b0-bf23-d7ef0a28402b']","['506727d2-da65-46b0-bf23-d7ef0a28402b', '5af96e0f-f947-435e-ba5d-e1a045aa4963']"
PT-1014-772042,Owner Id,"['7f57c30d-7c8d-4b42-8110-4cf6553d5541', 'f37ec4fd-7a06-4fca-a86c-5a2d702e5d14']","['f37ec4fd-7a06-4fca-a86c-5a2d702e5d14', '7f57c30d-7c8d-4b42-8110-4cf6553d5541']"
PT-1014-2345069,Owner Id,"['ecde6c32-8d16-4b89-b432-b4c4902710ed', '760d9b93-eb8b-45df-a33f-80ed00cfe315']","['760d9b93-eb8b-45df-a33f-80ed00cfe315', 'ecde6c32-8d16-4b89-b432-b4c4902710ed']"
PT-1014-1139069,Owner Id,"['9af997ec-1817-41a9-8c8b-5ccece0bcb2c', 'fa4bde44-9dd6-4315-9073-a8308c69c48a']","['fa4bde44-9dd6-4315-9073-a8308c69c48a', '9af997ec-1817-41a9-8c8b-5ccece0bcb2c']"
PT-1014-1405390,Owner Id,"['93755a72-b7e5-4177-8557-569395a8fee8', 'dc09699d-e7ca-4d2a-b846-d534427c1287', 'c3b3ae25-d540-4922-9d56-bf4be5a08957']","['dc09699d-e7ca-4d2a-b846-d534427c1287', 'c3b3ae25-d540-4922-9d56-bf4be5a08957', '93755a72-b7e5-4177-8557-569395a8fee8']"
PT-1014-1549165,Owner Id,"['3db67098-57cb-42ef-ac06-6da9dce2db3f', 'f22e8b17-f679-4de8-acf8-a512d333ec51']","['f22e8b17-f679-4de8-acf8-a512d333ec51', '3db67098-57cb-42ef-ac06-6da9dce2db3f']"
PT-1014-993643,Owner Id,"['4f3bdc81-7219-4807-beb7-24fc7dcec62f', '1e4abca4-b24c-4e57-a1a8-8fa6fb4dd776', 'c4a3e5bc-fd6f-46e3-83ba-a848fdfe8132']","['1e4abca4-b24c-4e57-a1a8-8fa6fb4dd776', '4f3bdc81-7219-4807-beb7-24fc7dcec62f', 'c4a3e5bc-fd6f-46e3-83ba-a848fdfe8132']"
PT-1014-1596843,Owner Id,"['52b2e2ca-bd72-4f6c-a5e1-368690a02f3d', '5f0d805a-443e-4b0e-9253-85e84d20ea40', '77d386b1-c03c-4fc5-9b19-de7ae87983f2', 'be65aab9-c1c9-453c-9be3-847ada6c2f5b', 'b01cfe67-c31d-4c82-a04b-424c1652feca', '87b872e2-8b19-4b64-9e75-ab5f73d60d50', '3ff4c78a-e287-419e-bf0b-a50a16e748b0', '092b75f2-4a08-4485-a634-1f80c6de6191']","['092b75f2-4a08-4485-a634-1f80c6de6191', '77d386b1-c03c-4fc5-9b19-de7ae87983f2', 'be65aab9-c1c9-453c-9be3-847ada6c2f5b', '52b2e2ca-bd72-4f6c-a5e1-368690a02f3d', '5f0d805a-443e-4b0e-9253-85e84d20ea40', '3ff4c78a-e287-419e-bf0b-a50a16e748b0', '87b872e2-8b19-4b64-9e75-ab5f73d60d50', 'b01cfe67-c31d-4c82-a04b-424c1652feca']"
PT-1014-2003310,Owner Id,"['4338a8a5-4074-4a65-8932-4e0137ced8f5', 'ecaf0b20-9c90-498a-a614-0098d018436b', 'e6e27fab-e705-4cce-8189-b66aedfc37ca', '78ebdc9a-2c8a-4c32-88fd-ca1a5efacdcd']","['e6e27fab-e705-4cce-8189-b66aedfc37ca', '78ebdc9a-2c8a-4c32-88fd-ca1a5efacdcd', 'ecaf0b20-9c90-498a-a614-0098d018436b', '4338a8a5-4074-4a65-8932-4e0137ced8f5']"
PT-1014-1744239,Owner Id,"['85b8581c-757e-4e35-9c2a-19799320b41e', 'aef36c10-eaa3-40bf-9bf1-511e75b2b0c4', '88ad6275-793b-401c-a80c-e9abaf8e0406']","['88ad6275-793b-401c-a80c-e9abaf8e0406', '85b8581c-757e-4e35-9c2a-19799320b41e', 'aef36c10-eaa3-40bf-9bf1-511e75b2b0c4']"
PT-1014-765926,Owner Id,"['3a35652f-341d-450a-8a86-a4b69c074c51', '8a7d75d8-88be-4dc9-8aba-f94d94419d3f', '9a61d067-06b5-4d6c-b0ef-c82134d4aaec']","['9a61d067-06b5-4d6c-b0ef-c82134d4aaec', '8a7d75d8-88be-4dc9-8aba-f94d94419d3f', '3a35652f-341d-450a-8a86-a4b69c074c51']"
PT-1014-1033232,Owner Id,"['4be7da8c-f346-4f04-91bf-f06ef7ae8c66', 'c411f004-aab7-4321-ac9e-69bf4d67fcaf']","['c411f004-aab7-4321-ac9e-69bf4d67fcaf', '4be7da8c-f346-4f04-91bf-f06ef7ae8c66']"
PT-1014-1244458,Owner Id,"['d03610c5-a054-4338-b654-8d87f81db1a5', 'e602b132-cc99-4bb5-92b7-55ffde5daac2']","['e602b132-cc99-4bb5-92b7-55ffde5daac2', 'd03610c5-a054-4338-b654-8d87f81db1a5']"
PT-1014-866772,Owner Id,"['48a9cb75-8790-4d77-b55a-dc95b683d36b', '65a61aec-ebb7-42eb-a760-9af815664d2e', '1ba05116-7159-45bd-8b31-dac73913dd92', '8638f182-f646-439b-8106-2147cdd12979', '71a20e60-eb51-446e-93ff-e847baa10a05']","['8638f182-f646-439b-8106-2147cdd12979', '48a9cb75-8790-4d77-b55a-dc95b683d36b', '65a61aec-ebb7-42eb-a760-9af815664d2e', '71a20e60-eb51-446e-93ff-e847baa10a05', '1ba05116-7159-45bd-8b31-dac73913dd92']"
PT-1014-835648,Owner Id,"['ce35a5f4-753f-4538-8067-45c7586914df', '7f88b7a3-efaf-454e-9188-515b94d141e7', 'ca27e3bd-701d-4a11-b5de-e3c2cd34d58f']","['7f88b7a3-efaf-454e-9188-515b94d141e7', 'ca27e3bd-701d-4a11-b5de-e3c2cd34d58f', 'ce35a5f4-753f-4538-8067-45c7586914df']"
PT-1014-1412858,Owner Id,"['5520b989-b25e-4d7e-a9a4-8fc42c922780', '08177979-9e7c-4783-98d1-1c91c8235a9e', '6d105b21-238f-4513-9b1a-6de7134b9182']","['08177979-9e7c-4783-98d1-1c91c8235a9e', '5520b989-b25e-4d7e-a9a4-8fc42c922780', '6d105b21-238f-4513-9b1a-6de7134b9182']"
PT-1014-771556,Owner Id,"['fed4b046-2268-473f-b73b-e56d12d9c9ed', '8bae57ef-e232-441e-ac69-5533e1d4d7b4']","['8bae57ef-e232-441e-ac69-5533e1d4d7b4', 'fed4b046-2268-473f-b73b-e56d12d9c9ed']"
PT-1014-754804,Owner Id,"['212d78c3-0b5f-464a-afe9-5fb7cd7278b1', '61f550b4-551c-4d05-a3de-087aba614740']","['61f550b4-551c-4d05-a3de-087aba614740', '212d78c3-0b5f-464a-afe9-5fb7cd7278b1']"
PT-1014-890245,Owner Id,"['b383e82b-4ab3-4cfd-a779-58fe776b579e', '77efe7bc-3fed-43e8-9ef9-7045ac1277f7']","['77efe7bc-3fed-43e8-9ef9-7045ac1277f7', 'b383e82b-4ab3-4cfd-a779-58fe776b579e']"
PT-1014-1001528,Owner Id,"['8966fcab-201a-41d4-966e-ba1a4d3a01ff', 'b206d80c-8761-4f9f-9b7a-d71723841361', '26583299-ae1e-4ea3-99c6-f010bc252ccf', '011a2944-9769-414d-87ec-ee7617325c71', '596fddef-b496-47d0-a252-c44243ee4595']","['011a2944-9769-414d-87ec-ee7617325c71', '8966fcab-201a-41d4-966e-ba1a4d3a01ff', '26583299-ae1e-4ea3-99c6-f010bc252ccf', '596fddef-b496-47d0-a252-c44243ee4595', 'b206d80c-8761-4f9f-9b7a-d71723841361']"
PT-1014-913260,Owner Id,"['a588c232-dee3-4ead-9458-c17252216573', '40254135-17b8-4dfc-ab65-882909aeb6ce', 'bf3345f4-27a5-4527-8d96-881dc0f70092', 'ca40df3b-6b26-40c3-98f9-d831864ac4a4']","['bf3345f4-27a5-4527-8d96-881dc0f70092', '40254135-17b8-4dfc-ab65-882909aeb6ce', 'a588c232-dee3-4ead-9458-c17252216573', 'ca40df3b-6b26-40c3-98f9-d831864ac4a4']"
PT-1014-2449897,Owner Id,"['0a5e177f-da5d-42e0-8902-1f9b44114ac0', '3449ebee-af77-4b5a-8ee9-e52534a34895']","['3449ebee-af77-4b5a-8ee9-e52534a34895', '0a5e177f-da5d-42e0-8902-1f9b44114ac0']"
PT-1014-1758287,Owner Id,"['863bba3c-81f8-4acb-91f3-d38d1146cfb6', '7f470d51-9d7b-4b84-889c-622edabc78e4', '23d177d0-a8b6-4840-95e3-2624d6b0edc4', 'db0d021a-061c-4d04-99da-9033c7e82a95', '7ea0191c-417e-4793-b4fa-bc2997a06a33']","['db0d021a-061c-4d04-99da-9033c7e82a95', '7ea0191c-417e-4793-b4fa-bc2997a06a33', '23d177d0-a8b6-4840-95e3-2624d6b0edc4', '863bba3c-81f8-4acb-91f3-d38d1146cfb6', '7f470d51-9d7b-4b84-889c-622edabc78e4']"
PT-1014-999622,Owner Id,"['bd69dbc0-0635-42ed-911d-ef10c28206ec', '66d15959-acef-4956-8cba-039501fcc8f5']","['66d15959-acef-4956-8cba-039501fcc8f5', 'bd69dbc0-0635-42ed-911d-ef10c28206ec']"
PT-1014-868519,Owner Id,"['1b2d26d9-706b-40a1-82d0-ba76acd2c93f', '8d94d0fc-fbeb-447b-abf0-fdb8b1e79b23']","['8d94d0fc-fbeb-447b-abf0-fdb8b1e79b23', '1b2d26d9-706b-40a1-82d0-ba76acd2c93f']"
PT-1014-2031021,Owner Id,"['a45e81f6-fa8d-4dfe-98ba-2ffffff97918', 'b8e7bd45-42e5-46ca-af5b-94bdabe41c14']","['b8e7bd45-42e5-46ca-af5b-94bdabe41c14', 'a45e81f6-fa8d-4dfe-98ba-2ffffff97918']"
PT-1014-1774458,Owner Id,"['f2c1f36b-2022-496b-a904-3cfe408ba7b7', '9120b652-19c5-497a-82c7-8df9ef14dc9a', '0017d07e-a114-4710-8dd0-2a317ddc2aeb', 'dd6cb696-b515-4224-b840-44340bd78d0f', '7de58063-fe52-4974-8d3c-c7df0e8e669f']","['9120b652-19c5-497a-82c7-8df9ef14dc9a', 'dd6cb696-b515-4224-b840-44340bd78d0f', '0017d07e-a114-4710-8dd0-2a317ddc2aeb', '7de58063-fe52-4974-8d3c-c7df0e8e669f', 'f2c1f36b-2022-496b-a904-3cfe408ba7b7']"
PT-1014-1626537,Owner Id,"['d2b513ff-1f95-4f19-ad00-bb4dd3321dde', '622c8136-3013-49d2-b15e-1b42dfe249ec', '0cc34897-b9a0-4567-a151-4e68ab630276', '45c8f457-d301-4b21-83d1-695c5953a561', '08697dd2-140a-496e-9111-c97ba222166c']","['622c8136-3013-49d2-b15e-1b42dfe249ec', '0cc34897-b9a0-4567-a151-4e68ab630276', '08697dd2-140a-496e-9111-c97ba222166c', 'd2b513ff-1f95-4f19-ad00-bb4dd3321dde', '45c8f457-d301-4b21-83d1-695c5953a561']"
PT-1014-1241117,Owner Id,"['900f7ea5-7a1a-4627-ab9c-45e706abc7f4', '4aeb2c9f-b1d9-4d74-926c-4efecd69e7d9']","['4aeb2c9f-b1d9-4d74-926c-4efecd69e7d9', '900f7ea5-7a1a-4627-ab9c-45e706abc7f4']"
PT-1014-1991765,Owner Id,"['cbf0c594-a130-4be4-b817-57187e1b92ed', '9dc73866-9599-4f24-9429-cc68538087fd', '769b35ae-9c70-4759-b9bc-25592413bf5b', '2788a15c-8564-4ec8-a5af-2b18bd125c2a']","['769b35ae-9c70-4759-b9bc-25592413bf5b', '9dc73866-9599-4f24-9429-cc68538087fd', '2788a15c-8564-4ec8-a5af-2b18bd125c2a', 'cbf0c594-a130-4be4-b817-57187e1b92ed']"
PT-1014-779929,Owner Id,"['ba6b1f41-99ba-42fd-b54c-8ab5de6d0c68', '4d177dc3-cc42-4080-b810-b9d5fcc56891']","['4d177dc3-cc42-4080-b810-b9d5fcc56891', 'ba6b1f41-99ba-42fd-b54c-8ab5de6d0c68']"
PT-1014-774964,Owner Id,"['f1e0e972-3e26-45b3-8491-7494ce096bed', '297f93a0-daa9-4e59-a306-b2df7a9d2782']","['297f93a0-daa9-4e59-a306-b2df7a9d2782', 'f1e0e972-3e26-45b3-8491-7494ce096bed']"
PT-1014-898325,Owner Id,"['ec22d305-13ee-4a46-acb8-de1903cd3208', '2238ee08-c725-4d97-a954-6e545338c5d0', '6118d931-110b-4a04-a592-79828ce07e3d']","['2238ee08-c725-4d97-a954-6e545338c5d0', '6118d931-110b-4a04-a592-79828ce07e3d', 'ec22d305-13ee-4a46-acb8-de1903cd3208']"
PT-1014-860113,Owner Id,"['f9ff2e47-a096-4e0c-84b2-09c7928bd9fa', '1a1d329f-ad47-496b-90eb-dce0e408ec80', 'e589681e-430f-41f3-96c6-29586f8a41c4', 'f19c94ee-6bb7-492c-994b-85d7dbe5a7a3', '59d8a59e-4bbf-4144-a1a0-e7180a20fd59']","['f9ff2e47-a096-4e0c-84b2-09c7928bd9fa', '59d8a59e-4bbf-4144-a1a0-e7180a20fd59', 'f19c94ee-6bb7-492c-994b-85d7dbe5a7a3', 'e589681e-430f-41f3-96c6-29586f8a41c4', '1a1d329f-ad47-496b-90eb-dce0e408ec80']"
PT-1014-1775701,Owner Id,"['9b86062d-be51-4ae2-a260-30d1148738c2', 'baea51ba-0993-43cc-94d8-5fbb5ff9c7cd', '9d0456d8-6af5-43fa-8bfd-aab0f88e174f']","['9d0456d8-6af5-43fa-8bfd-aab0f88e174f', 'baea51ba-0993-43cc-94d8-5fbb5ff9c7cd', '9b86062d-be51-4ae2-a260-30d1148738c2']"
PT-1014-870229,Owner Id,"['8ed225cb-e5f3-4bc4-a47e-a005eda57c09', 'b8a6646b-4245-46c5-9b15-784fdab0ce23']","['b8a6646b-4245-46c5-9b15-784fdab0ce23', '8ed225cb-e5f3-4bc4-a47e-a005eda57c09']"
PT-1014-993622,Owner Id,"['441dedba-2c8c-4be2-be74-8e2e547c7c38', '595b55ce-1877-4ccc-8514-83e5ad4a5140']","['595b55ce-1877-4ccc-8514-83e5ad4a5140', '441dedba-2c8c-4be2-be74-8e2e547c7c38']"
PT-1014-784282,Owner Id,"['12373fa2-a162-42f1-af2f-2bdb04b9fcc2', 'd8de341f-0dac-496b-b3d9-525f9baa7cec']","['d8de341f-0dac-496b-b3d9-525f9baa7cec', '12373fa2-a162-42f1-af2f-2bdb04b9fcc2']"
PT-1014-1232430,Owner Id,"['c6c4a97e-b868-41c4-8b9b-0794e2f5f817', 'b8d10e89-fd41-4faa-acae-d9b59c0d4521', '276dfc08-a542-4fee-ae6f-98d15942c671']","['276dfc08-a542-4fee-ae6f-98d15942c671', 'c6c4a97e-b868-41c4-8b9b-0794e2f5f817', 'b8d10e89-fd41-4faa-acae-d9b59c0d4521']"
PT-1014-851472,Owner Id,"['572a37ec-0bb0-4f46-a295-fe14f9059754', '12ef3b76-716b-4dcb-9c50-3d986534d08c']","['12ef3b76-716b-4dcb-9c50-3d986534d08c', '572a37ec-0bb0-4f46-a295-fe14f9059754']"
PT-1014-1528075,Owner Id,"['962b72a6-971d-4144-8a2f-a47c3ecf4c33', '60b9122c-df20-4e30-a3ed-6fb6eaed4789']","['60b9122c-df20-4e30-a3ed-6fb6eaed4789', '962b72a6-971d-4144-8a2f-a47c3ecf4c33']"
PT-1014-1423497,Owner Id,"['0fb34cab-8f2c-4821-9eb9-5a57deaee11f', 'cc02d1c3-816e-4090-b638-3ca84797486d']","['cc02d1c3-816e-4090-b638-3ca84797486d', '0fb34cab-8f2c-4821-9eb9-5a57deaee11f']"
PT-1014-904635,Owner Id,"['c6a24af4-c04d-46ba-8bbb-3d59b282d644', '6de68f88-4113-49ba-aeec-ef4e11a10aa8', 'fe8a96fd-381d-4de5-899e-2c109ed906bb']","['fe8a96fd-381d-4de5-899e-2c109ed906bb', 'c6a24af4-c04d-46ba-8bbb-3d59b282d644', '6de68f88-4113-49ba-aeec-ef4e11a10aa8']"
PT-1014-1998983,Owner Id,"['b6b4d575-d1dd-47bb-a5db-060084681e5b', '457794c4-53ea-4709-bf0b-496b89c6c256']","['457794c4-53ea-4709-bf0b-496b89c6c256', 'b6b4d575-d1dd-47bb-a5db-060084681e5b']"
PT-1014-1146601,Owner Id,"['6b3edb45-19f0-4af3-8ccb-9aaf50188b89', 'fd6952e6-6546-4248-acbd-399d769b08ae', 'c003f56f-aa5d-4188-adb6-54e274eb77da']","['fd6952e6-6546-4248-acbd-399d769b08ae', 'c003f56f-aa5d-4188-adb6-54e274eb77da', '6b3edb45-19f0-4af3-8ccb-9aaf50188b89']"
PT-1014-982793,Owner Id,"['88c71d70-4c81-42fd-a44f-7120ac0933a3', '7f601f89-f0c9-4d73-be4d-df74ba50d5da']","['7f601f89-f0c9-4d73-be4d-df74ba50d5da', '88c71d70-4c81-42fd-a44f-7120ac0933a3']"
PT-1014-1621587,Owner Id,"['2954e744-ac83-4012-9457-d6a4d7daa32b', '45658bd9-4379-4ab3-91d5-719352e982f3']","['45658bd9-4379-4ab3-91d5-719352e982f3', '2954e744-ac83-4012-9457-d6a4d7daa32b']"
PT-1014-1678479,Owner Id,"['beb2881e-8372-4846-9799-25f2d351c610', '67c1ce21-f597-4130-840b-f6576a02eb16']","['67c1ce21-f597-4130-840b-f6576a02eb16', 'beb2881e-8372-4846-9799-25f2d351c610']"
PT-1014-706536,Owner Id,"['1cb43202-346f-4f54-ba01-48c3a8a7d808', '6b4e468a-4161-437b-9f65-1f24e63af7ac', 'f6610a01-47bf-4b3c-ac4f-c83aa7b51d66']","['6b4e468a-4161-437b-9f65-1f24e63af7ac', '1cb43202-346f-4f54-ba01-48c3a8a7d808', 'f6610a01-47bf-4b3c-ac4f-c83aa7b51d66']"
PT-1014-1034819,Owner Id,"['5d1f9884-233b-41d3-b7f2-aec5597fa09b', '667701df-5bc2-4409-a0b2-d4b54c6648b8']","['667701df-5bc2-4409-a0b2-d4b54c6648b8', '5d1f9884-233b-41d3-b7f2-aec5597fa09b']"
PT-1014-1039025,Owner Id,"['fc220e57-02f4-479c-b7ec-4d07a66cc0e9', 'd74e09fb-0a12-4d25-bde6-3b1ac7f4fabe', '476de2a7-f80d-4594-9f4b-6ecdac266390', 'aaf74924-9cc4-4bc4-9d5e-a1180eef6229']","['d74e09fb-0a12-4d25-bde6-3b1ac7f4fabe', '476de2a7-f80d-4594-9f4b-6ecdac266390', 'aaf74924-9cc4-4bc4-9d5e-a1180eef6229', 'fc220e57-02f4-479c-b7ec-4d07a66cc0e9']"
PT-1014-1665424,Owner Id,"['5fef4989-3469-4bde-b4f0-823c318d2f4b', 'e1f99c43-83ec-4f95-8de0-bcc78b6ed3e7', '1fe66055-14e9-471e-86ad-024c590acc0f', 'f37baf32-6f68-42fd-8ac8-c52d06550fa8']","['f37baf32-6f68-42fd-8ac8-c52d06550fa8', '5fef4989-3469-4bde-b4f0-823c318d2f4b', '1fe66055-14e9-471e-86ad-024c590acc0f', 'e1f99c43-83ec-4f95-8de0-bcc78b6ed3e7']"
PT-1014-2280942,Owner Id,"['098ccbcb-385b-4ff2-a02f-50880eac3d0e', '304b4987-1563-44a5-91ae-fdaf23766d67', '135ffd1c-fe4c-4bbb-a0d8-29af1451d1a3', '76b2e4ad-ec41-43bb-ae8e-7bbd69728042']","['135ffd1c-fe4c-4bbb-a0d8-29af1451d1a3', '76b2e4ad-ec41-43bb-ae8e-7bbd69728042', '098ccbcb-385b-4ff2-a02f-50880eac3d0e', '304b4987-1563-44a5-91ae-fdaf23766d67']"
PT-1014-1411676,Owner Id,"['6bd47738-7ed5-4c3e-8742-ce2d3623bb11', 'b7ae1974-bb91-403c-b4a3-89778a26d761']","['b7ae1974-bb91-403c-b4a3-89778a26d761', '6bd47738-7ed5-4c3e-8742-ce2d3623bb11']"
PT-1014-1414240,Owner Id,"['c9b8f5a5-0db6-40f9-8ca3-b2ffd6de9706', '92cad5dd-5256-4a89-9a8d-456c93345c09']","['92cad5dd-5256-4a89-9a8d-456c93345c09', 'c9b8f5a5-0db6-40f9-8ca3-b2ffd6de9706']"
PT-1014-992409,Owner Id,"['f4fc9611-43f0-4a85-8df6-49a6e7cf2e9d', '371a0c84-0dfa-4881-a859-1c5f104076d8']","['371a0c84-0dfa-4881-a859-1c5f104076d8', 'f4fc9611-43f0-4a85-8df6-49a6e7cf2e9d']"
PT-1014-777682,Owner Id,"['45590078-d013-420a-ac44-817bca0bc8d7', '1838a84f-3c4a-4c96-88b2-9f0bca737206', 'cec58a19-a567-4062-b1ea-a826a717b824']","['45590078-d013-420a-ac44-817bca0bc8d7', 'cec58a19-a567-4062-b1ea-a826a717b824', '1838a84f-3c4a-4c96-88b2-9f0bca737206']"
PT-1014-1754024,Owner Id,"['f03ae6ac-fa8a-4ad6-81fd-ddc6a287bfde', '36ecbe43-8b5a-4b5a-81f4-1b6621e61d75']","['36ecbe43-8b5a-4b5a-81f4-1b6621e61d75', 'f03ae6ac-fa8a-4ad6-81fd-ddc6a287bfde']"
PT-1014-1412873,Owner Id,"['f466347d-ea12-48c2-8433-6cf2c422f8c1', '5bf0cf7e-9b8b-4d84-be04-c6cc70b84093']","['5bf0cf7e-9b8b-4d84-be04-c6cc70b84093', 'f466347d-ea12-48c2-8433-6cf2c422f8c1']"
PT-1014-1239086,Owner Id,"['aa88f383-a109-42f9-893e-af1209a7e32a', '9a8bc6d5-432c-41ad-afed-62cf0c0806a7', '00bddb5a-5941-4fb1-a19e-4e14c064ea4c', '6273cf2e-a0ae-49b0-838b-2f2db5c58bbd']","['00bddb5a-5941-4fb1-a19e-4e14c064ea4c', '6273cf2e-a0ae-49b0-838b-2f2db5c58bbd', 'aa88f383-a109-42f9-893e-af1209a7e32a', '9a8bc6d5-432c-41ad-afed-62cf0c0806a7']"
PT-1014-1412495,Owner Id,"['03b6fea8-51e9-42f8-b859-0aa7832e2109', '587b3e2c-4d7a-4849-8c9b-bb63f349ffe5']","['587b3e2c-4d7a-4849-8c9b-bb63f349ffe5', '03b6fea8-51e9-42f8-b859-0aa7832e2109']"
PT-1014-1135537,Owner Id,"['27d72e9f-4329-4443-a221-c0b57ac51e98', 'af1996bf-818b-4c40-b309-5f0db44127f2']","['af1996bf-818b-4c40-b309-5f0db44127f2', '27d72e9f-4329-4443-a221-c0b57ac51e98']"
PT-1014-1504666,Owner Id,"['6966dfd6-4aab-4e87-ba7b-377d18b43a9e', '64b95441-1d29-45fb-8176-79cc3f9c846b', '29d24f0b-0e22-406c-9d7b-97f39c316aa8']","['64b95441-1d29-45fb-8176-79cc3f9c846b', '29d24f0b-0e22-406c-9d7b-97f39c316aa8', '6966dfd6-4aab-4e87-ba7b-377d18b43a9e']"
PT-1014-1133723,Owner Id,"['1bded7cf-15ee-4537-a27a-bb308f1c103f', '63df6296-954c-4308-8ca2-9460f55d43bf', 'a1c847c8-0353-4c29-b171-e47aee96d0d6', '2b3f49c6-9d62-4b7d-9d97-e011810f2e1d']","['63df6296-954c-4308-8ca2-9460f55d43bf', 'a1c847c8-0353-4c29-b171-e47aee96d0d6', '1bded7cf-15ee-4537-a27a-bb308f1c103f', '2b3f49c6-9d62-4b7d-9d97-e011810f2e1d']"
PT-1014-705952,Owner Id,"['d8b6ea32-2ac0-454b-b15a-f53d11bcf34d', '7cb977c7-0c0b-48cb-8ffe-953cf81c9443', '76ab9bd7-3954-4813-b4ac-09a201b9899d']","['7cb977c7-0c0b-48cb-8ffe-953cf81c9443', 'd8b6ea32-2ac0-454b-b15a-f53d11bcf34d', '76ab9bd7-3954-4813-b4ac-09a201b9899d']"
PT-1014-1147957,Owner Id,"['4eeaa5bc-8f51-4627-a37d-6b9a61021795', '00ba4d1f-ae35-4077-9a55-b33a97425547']","['00ba4d1f-ae35-4077-9a55-b33a97425547', '4eeaa5bc-8f51-4627-a37d-6b9a61021795']"
PT-1014-1519504,Owner Id,"['9d47fc3f-b794-4507-adb9-28a09c48e71d', '8143605c-930c-4035-88af-c626a4ec04d3', '10d774dd-3eb1-4a21-93d0-21557e2d88d1', '706b82cc-0700-4d56-be27-2096eecdd2ae']","['8143605c-930c-4035-88af-c626a4ec04d3', '9d47fc3f-b794-4507-adb9-28a09c48e71d', '10d774dd-3eb1-4a21-93d0-21557e2d88d1', '706b82cc-0700-4d56-be27-2096eecdd2ae']"
PT-1014-1007329,Owner Id,"['fa390458-94d1-4686-b33c-2c77761cd5bb', 'ebe71c2c-b462-4a6e-9dcf-05903b8c384a', 'b1f02fb3-71e7-4542-b78f-fdef4cbdf399']","['ebe71c2c-b462-4a6e-9dcf-05903b8c384a', 'fa390458-94d1-4686-b33c-2c77761cd5bb', 'b1f02fb3-71e7-4542-b78f-fdef4cbdf399']"
PT-1014-2457131,Owner Id,"['da3f04af-4963-42e7-bfff-61a64efd1a4c', '9a90d663-7828-4e96-a00c-73ba8fcc05bb', '4130fd26-abaa-4786-b162-81032a7ff2c6']","['4130fd26-abaa-4786-b162-81032a7ff2c6', '9a90d663-7828-4e96-a00c-73ba8fcc05bb', 'da3f04af-4963-42e7-bfff-61a64efd1a4c']"
PT-1014-1039212,Owner Id,"['fc220e57-02f4-479c-b7ec-4d07a66cc0e9', 'd74e09fb-0a12-4d25-bde6-3b1ac7f4fabe', '476de2a7-f80d-4594-9f4b-6ecdac266390', 'aaf74924-9cc4-4bc4-9d5e-a1180eef6229']","['d74e09fb-0a12-4d25-bde6-3b1ac7f4fabe', '476de2a7-f80d-4594-9f4b-6ecdac266390', 'aaf74924-9cc4-4bc4-9d5e-a1180eef6229', 'fc220e57-02f4-479c-b7ec-4d07a66cc0e9']"
PT-1014-1007273,Owner Id,"['fa390458-94d1-4686-b33c-2c77761cd5bb', 'ebe71c2c-b462-4a6e-9dcf-05903b8c384a', 'b1f02fb3-71e7-4542-b78f-fdef4cbdf399']","['ebe71c2c-b462-4a6e-9dcf-05903b8c384a', 'fa390458-94d1-4686-b33c-2c77761cd5bb', 'b1f02fb3-71e7-4542-b78f-fdef4cbdf399']"
PT-1014-1993069,Owner Id,"['6f23b262-1f94-43b0-b51f-6f99a0c068c3', '9661c93c-d6c7-45b1-8c0a-138a80056495']","['9661c93c-d6c7-45b1-8c0a-138a80056495', '6f23b262-1f94-43b0-b51f-6f99a0c068c3']"
PT-1014-1135981,Owner Id,"['6e9ed636-d241-4207-a225-145c43b02897', '04e1a811-3af2-4e04-addf-7f94a19ab5d4', '38028a2b-745f-443d-828f-5578b39ebebd', '57352e29-1c89-40c0-994f-bff562756788']","['38028a2b-745f-443d-828f-5578b39ebebd', '57352e29-1c89-40c0-994f-bff562756788', '04e1a811-3af2-4e04-addf-7f94a19ab5d4', '6e9ed636-d241-4207-a225-145c43b02897']"
PT-1014-1252531,Owner Id,"['c02cf1f6-6d87-4f46-a4a3-df059ff876fc', '68f1b8ea-2079-468a-91ba-4c636f2db0b1', '6184e34d-495c-477b-808b-a92fe40819e2']","['c02cf1f6-6d87-4f46-a4a3-df059ff876fc', '6184e34d-495c-477b-808b-a92fe40819e2', '68f1b8ea-2079-468a-91ba-4c636f2db0b1']"
PT-1014-1036200,Owner Id,"['50b36657-126a-41c5-a47e-39010bde3dfc', 'f87818af-694c-45b9-8e98-938e3eb42a43', '67a37a58-6215-41f4-a4e5-298f3023ca32']","['67a37a58-6215-41f4-a4e5-298f3023ca32', '50b36657-126a-41c5-a47e-39010bde3dfc', 'f87818af-694c-45b9-8e98-938e3eb42a43']"
PT-1014-2263276,Owner Id,"['f2ae2d6b-aaae-4aea-aaa8-48f1219a387c', 'cdaa9115-3207-4d2d-9b71-69ed69d79aea']","['cdaa9115-3207-4d2d-9b71-69ed69d79aea', 'f2ae2d6b-aaae-4aea-aaa8-48f1219a387c']"
PT-1014-977635,Owner Id,"['b08cdfd9-8eff-4214-8dd3-ec1bc7be8ae5', '7c8689e3-e458-4841-bcd7-89dc149afee6', '91de120e-94c1-49b6-8e7f-75b557df5ec3']","['b08cdfd9-8eff-4214-8dd3-ec1bc7be8ae5', '91de120e-94c1-49b6-8e7f-75b557df5ec3', '7c8689e3-e458-4841-bcd7-89dc149afee6']"
PT-1014-704369,Owner Id,"['ce3911e4-405a-4455-9e79-0134d6c0a64b', '140f809d-d35c-45b4-8b82-7558e9c337a5', '1c2f4899-c7a3-474c-b629-703766aa2c79', 'f701fb61-3349-463e-9aaf-af2058759bb2']","['ce3911e4-405a-4455-9e79-0134d6c0a64b', '140f809d-d35c-45b4-8b82-7558e9c337a5', 'f701fb61-3349-463e-9aaf-af2058759bb2', '1c2f4899-c7a3-474c-b629-703766aa2c79']"
PT-1014-2009078,Owner Id,"['2b2c2775-cc5c-4780-b52c-9b5b163f80af', '5d5c8b36-db1f-4854-b5a5-bb772b7b48c6', '77caaa0e-4afa-41e0-800e-4f49cbdab03c', '77dfcdc9-8a20-4427-82d9-1b71d11b8fdc']","['77caaa0e-4afa-41e0-800e-4f49cbdab03c', '2b2c2775-cc5c-4780-b52c-9b5b163f80af', '5d5c8b36-db1f-4854-b5a5-bb772b7b48c6', '77dfcdc9-8a20-4427-82d9-1b71d11b8fdc']"
PT-1014-866495,Owner Id,"['e0f14404-29f0-45a0-ae39-bc13fd81ae0a', '0698c00b-4b3f-43a0-b9d2-a9ca428f7009']","['0698c00b-4b3f-43a0-b9d2-a9ca428f7009', 'e0f14404-29f0-45a0-ae39-bc13fd81ae0a']"
PT-1014-1228293,Owner Id,"['99f6c9ed-4cf2-4f96-9def-2b0845a38103', 'ce50b5ab-3897-4244-b1f0-c92e1a213aea']","['ce50b5ab-3897-4244-b1f0-c92e1a213aea', '99f6c9ed-4cf2-4f96-9def-2b0845a38103']"
PT-1014-2047402,Owner Id,"['b6026510-5738-4fbe-b372-08ac6b2e651e', 'fb8e5d6a-ad0f-4ab7-a2d4-174fe92cba4e']","['fb8e5d6a-ad0f-4ab7-a2d4-174fe92cba4e', 'b6026510-5738-4fbe-b372-08ac6b2e651e']"
PT-1014-1774583,Owner Id,"['6ba99c03-82e0-4ecc-8946-50b83b8a6f84', 'a0d72dc5-86c8-4880-9a85-fced7ca79bc1', '94006a0e-2166-47bf-a4d6-f62103524db0']","['94006a0e-2166-47bf-a4d6-f62103524db0', '6ba99c03-82e0-4ecc-8946-50b83b8a6f84', 'a0d72dc5-86c8-4880-9a85-fced7ca79bc1']"
PT-1014-1547346,Owner Id,"['eb3f49d4-0311-4499-b974-dca2588a3a1f', '4b91e128-62bb-45ea-a16b-ae27da6bad5b', '77d8aa65-9201-46ea-a6ca-c27b770947d7', '155ada97-f3e5-47e9-8b32-43da5597450b']","['155ada97-f3e5-47e9-8b32-43da5597450b', '77d8aa65-9201-46ea-a6ca-c27b770947d7', 'eb3f49d4-0311-4499-b974-dca2588a3a1f', '4b91e128-62bb-45ea-a16b-ae27da6bad5b']"
PT-1014-1702260,Owner Id,"['f07329f3-a6fc-4c81-99af-a73dfb76f8d2', 'f0588a83-1010-447e-857e-d28defdf6bd9']","['f0588a83-1010-447e-857e-d28defdf6bd9', 'f07329f3-a6fc-4c81-99af-a73dfb76f8d2']"
PT-1014-1553205,Owner Id,"['e3e375bf-519e-47cb-88ef-dd56077fd3e6', '838c0414-af92-46e0-aa07-5f4bd8b65a70']","['838c0414-af92-46e0-aa07-5f4bd8b65a70', 'e3e375bf-519e-47cb-88ef-dd56077fd3e6']"
PT-1014-877522,Owner Id,"['c16d5f12-6def-49dd-90ec-7b8007862ff6', '312ec150-673a-4bae-991f-27cd0116f701', '2f99f2e2-3050-425c-8082-49bcc62ace94']","['2f99f2e2-3050-425c-8082-49bcc62ace94', 'c16d5f12-6def-49dd-90ec-7b8007862ff6', '312ec150-673a-4bae-991f-27cd0116f701']"
PT-1014-1583411,Owner Id,"['47b4ef3e-6acc-4a15-8d94-69049b6a5d1c', 'e8db521d-c124-49a1-a31b-aded4893dcbc']","['e8db521d-c124-49a1-a31b-aded4893dcbc', '47b4ef3e-6acc-4a15-8d94-69049b6a5d1c']"
PT-1014-2075305,Owner Id,"['e307f391-8a70-4918-9381-13ad9e830f77', 'f44acc56-730b-4a8f-95f4-b8148a4560a5']","['f44acc56-730b-4a8f-95f4-b8148a4560a5', 'e307f391-8a70-4918-9381-13ad9e830f77']"
PT-1014-2450094,Owner Id,"['9f3af1fa-efaf-42fe-98f0-9d6e5a3667f6', '82583eb4-bd0d-4321-86e0-a4089754aae9']","['82583eb4-bd0d-4321-86e0-a4089754aae9', '9f3af1fa-efaf-42fe-98f0-9d6e5a3667f6']"
PT-1014-993647,Owner Id,"['b234c584-a36f-4d06-99c7-b2ca151f9d23', 'feb3d06e-9d59-4411-8a99-e151414fbd7d', '1e4abca4-b24c-4e57-a1a8-8fa6fb4dd776']","['1e4abca4-b24c-4e57-a1a8-8fa6fb4dd776', 'feb3d06e-9d59-4411-8a99-e151414fbd7d', 'b234c584-a36f-4d06-99c7-b2ca151f9d23']"
PT-1014-1037573,Owner Id,"['831e6d7e-3348-440c-b3b8-7d936c475626', '12959705-897d-40fa-8dde-78e220a3ab7e', '90d2ae44-4106-465e-80cb-87b003da7413', '9761c370-6ec5-48d1-ade4-5e66baec6a36']","['9761c370-6ec5-48d1-ade4-5e66baec6a36', '12959705-897d-40fa-8dde-78e220a3ab7e', '831e6d7e-3348-440c-b3b8-7d936c475626', '90d2ae44-4106-465e-80cb-87b003da7413']"
PT-1014-1416432,Owner Id,"['a2d69054-d9ed-4af8-81bc-d4391adb18ea', '9dee7bc0-6b8f-42e6-bd9f-049a43159011']","['9dee7bc0-6b8f-42e6-bd9f-049a43159011', 'a2d69054-d9ed-4af8-81bc-d4391adb18ea']"
PT-1014-978787,Owner Id,"['cbfdd7f2-984b-41e9-b115-6f115725bce5', '8e8fb1b4-4240-46c3-97fa-3b8478d7ee9e']","['8e8fb1b4-4240-46c3-97fa-3b8478d7ee9e', 'cbfdd7f2-984b-41e9-b115-6f115725bce5']"
PT-1014-766970,Owner Id,"['e8e5ff91-27df-4f8e-bbb0-9ae7dfd67148', 'be65c684-e60d-49a2-822b-07165c08fead']","['be65c684-e60d-49a2-822b-07165c08fead', 'e8e5ff91-27df-4f8e-bbb0-9ae7dfd67148']"
PT-1014-779820,Owner Id,"['b043e953-b256-4e60-9634-565932fd82b3', 'a25b2693-2e7f-4c9b-9c3a-42ed85910d20']","['a25b2693-2e7f-4c9b-9c3a-42ed85910d20', 'b043e953-b256-4e60-9634-565932fd82b3']"
PT-1014-1596967,Owner Id,"['bff7cd61-f9c3-4394-935e-f95aaeafa5c9', 'af218727-168d-475a-ba09-617313046fc9']","['af218727-168d-475a-ba09-617313046fc9', 'bff7cd61-f9c3-4394-935e-f95aaeafa5c9']"
PT-1014-1003489,Owner Id,"['aa9623f7-3acf-466c-b50d-c11e4621c301', '6c052110-13d4-4c34-9dce-ab100ab62897']","['6c052110-13d4-4c34-9dce-ab100ab62897', 'aa9623f7-3acf-466c-b50d-c11e4621c301']"
PT-1014-2024479,Owner Id,"['23b1b886-3597-42ab-b79b-b8b9d72c1079', '700b58dd-78b6-4118-84e4-8251b295e8d3', 'daef6027-9eda-42a2-8389-a1b2c8935805', '1c8955c2-2517-44e8-9b2e-ad6c717386df', '910de854-4339-49a7-8066-76b934186c14']","['daef6027-9eda-42a2-8389-a1b2c8935805', '700b58dd-78b6-4118-84e4-8251b295e8d3', '1c8955c2-2517-44e8-9b2e-ad6c717386df', '23b1b886-3597-42ab-b79b-b8b9d72c1079', '910de854-4339-49a7-8066-76b934186c14']"
PT-1014-1146225,Owner Id,"['c1f28c44-d0c7-4a7b-a468-70f78e6d947f', '351594de-f7ba-405d-9d79-ebe30942dd88', '3e6e91c0-f82c-45d2-aaff-10fea5bb7992']","['351594de-f7ba-405d-9d79-ebe30942dd88', 'c1f28c44-d0c7-4a7b-a468-70f78e6d947f', '3e6e91c0-f82c-45d2-aaff-10fea5bb7992']"
PT-1014-2280881,Owner Id,"['0aae4e04-aff5-46c9-8dc0-57dd1776d3f7', '4dfe7df4-bd18-46e0-ad7e-a4c185a08096', '692fb688-9efa-47fd-9880-59f228843bdb', '62b91ca1-41be-4f29-a3b1-fb294155a94f']","['62b91ca1-41be-4f29-a3b1-fb294155a94f', '4dfe7df4-bd18-46e0-ad7e-a4c185a08096', '692fb688-9efa-47fd-9880-59f228843bdb', '0aae4e04-aff5-46c9-8dc0-57dd1776d3f7']"
PT-1014-839422,Owner Id,"['3364e9f0-6673-48d7-8c6a-6ec612d1bccc', '92d83d38-eb6f-4175-b880-8b9207c009f1', '86529d65-b0f5-444c-886a-79d997ffe4a6']","['92d83d38-eb6f-4175-b880-8b9207c009f1', '3364e9f0-6673-48d7-8c6a-6ec612d1bccc', '86529d65-b0f5-444c-886a-79d997ffe4a6']"
PT-1014-1398857,Owner Id,"['9cef73c1-27ef-499e-9b3b-3a72b430e8a5', 'aab25b11-9d3e-4c90-9ee9-769f9f07339c', 'be6153bd-ff0a-4607-9443-0f326794af52', '69086e4a-93d9-49da-b843-e12f036ba028', '8abda613-08b4-48e0-9fe5-26ef86c104be']","['aab25b11-9d3e-4c90-9ee9-769f9f07339c', '8abda613-08b4-48e0-9fe5-26ef86c104be', '9cef73c1-27ef-499e-9b3b-3a72b430e8a5', 'be6153bd-ff0a-4607-9443-0f326794af52', '69086e4a-93d9-49da-b843-e12f036ba028']"
PT-1014-993641,Owner Id,"['4f3bdc81-7219-4807-beb7-24fc7dcec62f', '9cf18fa9-4a0d-4999-a1f6-b9ed701c25ba', 'b8229e7e-2312-4233-a7a2-0aa1935358ad']","['4f3bdc81-7219-4807-beb7-24fc7dcec62f', 'b8229e7e-2312-4233-a7a2-0aa1935358ad', '9cf18fa9-4a0d-4999-a1f6-b9ed701c25ba']"
PT-1014-879590,Owner Id,"['2dfdd91b-7848-4fbb-a459-322a86978646', '694c56bd-c8a1-4389-8789-7feddc29df9e']","['694c56bd-c8a1-4389-8789-7feddc29df9e', '2dfdd91b-7848-4fbb-a459-322a86978646']"
PT-1014-902852,Owner Id,"['975a516e-e33a-4cbb-a309-899a9003a152', '3d1d2c2d-b56d-4ce4-b464-b1702e0c8c14']","['3d1d2c2d-b56d-4ce4-b464-b1702e0c8c14', '975a516e-e33a-4cbb-a309-899a9003a152']"
PT-1014-1775542,Owner Id,"['c179f5c6-8d38-477d-8c0b-dcb0cfa6693f', '68ef399a-3499-4636-bad7-31490c6dc611', '3c148543-0f9a-41b2-8f91-bfd7c4613a4d']","['3c148543-0f9a-41b2-8f91-bfd7c4613a4d', '68ef399a-3499-4636-bad7-31490c6dc611', 'c179f5c6-8d38-477d-8c0b-dcb0cfa6693f']"
PT-1014-877329,Owner Id,"['dc08af15-0e8b-4197-a626-67959acd8ba5', '36be6f24-f5e4-4b23-badc-ba8944f46c6e']","['36be6f24-f5e4-4b23-badc-ba8944f46c6e', 'dc08af15-0e8b-4197-a626-67959acd8ba5']"
PT-1014-1097571,Owner Id,"['fcce330d-507e-4de6-a39d-f5d017206f8b', 'df95dcc0-c159-4fe9-b2d7-472dc68dd8ec']","['df95dcc0-c159-4fe9-b2d7-472dc68dd8ec', 'fcce330d-507e-4de6-a39d-f5d017206f8b']"
PT-1014-913893,Owner Id,"['c67b6fa2-5ef3-4915-9114-aa5e85802fef', 'e09398b6-6ec2-4bae-8918-9ec4be746524']","['e09398b6-6ec2-4bae-8918-9ec4be746524', 'c67b6fa2-5ef3-4915-9114-aa5e85802fef']"
PT-1014-858769,Owner Id,"['5ae297f1-a7fa-4bf6-89df-24b5ead87e21', 'eb649133-9e30-4b8b-97b6-2b820781c9c6']","['eb649133-9e30-4b8b-97b6-2b820781c9c6', '5ae297f1-a7fa-4bf6-89df-24b5ead87e21']"
PT-1014-990515,Owner Id,"['e5b30915-dfed-4a44-a4b1-558381b9ff02', 'bdd6c1fb-4675-4437-820a-b02c535a5f19']","['bdd6c1fb-4675-4437-820a-b02c535a5f19', 'e5b30915-dfed-4a44-a4b1-558381b9ff02']"
PT-1014-1148834,Owner Id,"['6e6f5131-850f-4b0e-be93-bf78fbef7af6', '738ee88c-f5af-4c54-b836-006dbc5403e7']","['738ee88c-f5af-4c54-b836-006dbc5403e7', '6e6f5131-850f-4b0e-be93-bf78fbef7af6']"
PT-1014-757315,Owner Id,"['d8558191-5824-49c9-b764-38fcb93d4825', '794e34d4-9f1c-4236-869d-d823bd4748bd']","['794e34d4-9f1c-4236-869d-d823bd4748bd', 'd8558191-5824-49c9-b764-38fcb93d4825']"
PT-1014-1243449,Owner Id,"['37daf58d-3275-42dc-8ace-245ec2bdb63d', '4d05a748-8a77-413e-8bfa-0740b64bb7ae']","['4d05a748-8a77-413e-8bfa-0740b64bb7ae', '37daf58d-3275-42dc-8ace-245ec2bdb63d']"
PT-1014-1038876,Owner Id,"['82c82c32-8db8-453b-832f-83b0f17e30a4', '553874a5-1e28-423a-940f-787042e74f12']","['553874a5-1e28-423a-940f-787042e74f12', '82c82c32-8db8-453b-832f-83b0f17e30a4']"
PT-1014-842090,Owner Id,"['8e0f686e-3248-455a-8ffb-2a3d43774d75', '913621ac-7122-4f77-9c48-6d5cde2e00a6']","['913621ac-7122-4f77-9c48-6d5cde2e00a6', '8e0f686e-3248-455a-8ffb-2a3d43774d75']"
PT-1014-912968,Owner Id,"['da17d627-6051-41ba-89aa-c9723fadf98c', '220f0ec9-14a3-45b8-b66e-d2eeeaa8b8f7']","['220f0ec9-14a3-45b8-b66e-d2eeeaa8b8f7', 'da17d627-6051-41ba-89aa-c9723fadf98c']"
PT-1014-2067123,Owner Id,"['72188e09-53b9-4f45-a5ce-a88edd1a39cb', '3e14f55b-a221-46b8-a9ee-2de453694614', '5e14e581-4627-4fb9-b3a5-1e03674749c6']","['5e14e581-4627-4fb9-b3a5-1e03674749c6', '72188e09-53b9-4f45-a5ce-a88edd1a39cb', '3e14f55b-a221-46b8-a9ee-2de453694614']"
PT-1014-1159428,Owner Id,"['13d7d32c-a412-4210-84a8-73bf055ebcbd', 'e7cdf801-64c2-495a-b4b3-09b72f84b163']","['e7cdf801-64c2-495a-b4b3-09b72f84b163', '13d7d32c-a412-4210-84a8-73bf055ebcbd']"
PT-1014-1161180,Owner Id,"['f8c7dfef-bee7-4898-9edd-43cbdfdfc2b1', '102c8889-945c-4c4b-a0c0-ef0cbd556669']","['102c8889-945c-4c4b-a0c0-ef0cbd556669', 'f8c7dfef-bee7-4898-9edd-43cbdfdfc2b1']"
PT-1014-713530,Owner Id,"['bb73fc11-5c88-429b-8759-fcdc4d244b6e', 'd131790b-9261-40be-b75f-9e4a51db5ecf', '9aac72c1-72de-477b-97bc-5c706616ce37']","['9aac72c1-72de-477b-97bc-5c706616ce37', 'd131790b-9261-40be-b75f-9e4a51db5ecf', 'bb73fc11-5c88-429b-8759-fcdc4d244b6e']"
PT-1014-773546,Owner Id,"['c2527769-03c5-4b88-a88a-0ccba584c075', '26f2194b-683f-4346-b9bc-9ef8efd28c41']","['26f2194b-683f-4346-b9bc-9ef8efd28c41', 'c2527769-03c5-4b88-a88a-0ccba584c075']"
PT-1014-1253990,Owner Id,"['1cf462df-bd5e-48a3-b3bb-4e4444d56d5e', 'eead0a40-3c5c-48e5-99d2-f1bb5d50eec9']","['eead0a40-3c5c-48e5-99d2-f1bb5d50eec9', '1cf462df-bd5e-48a3-b3bb-4e4444d56d5e']"
PT-1014-1243014,Owner Id,"['522cb82d-6793-43b9-96f0-da9315a84420', 'dec1b879-ffb8-48dd-abce-34f60a933b4e', '2361ffb1-2246-41ed-b000-beebdc582ed9']","['522cb82d-6793-43b9-96f0-da9315a84420', '2361ffb1-2246-41ed-b000-beebdc582ed9', 'dec1b879-ffb8-48dd-abce-34f60a933b4e']"
PT-1014-881786,Owner Id,"['1ba6af00-b11c-4030-b307-c5d55faae94e', 'fbcd23ca-d6cb-4269-8bc8-b4e2d1f2e004']","['fbcd23ca-d6cb-4269-8bc8-b4e2d1f2e004', '1ba6af00-b11c-4030-b307-c5d55faae94e']"
PT-1014-908857,Owner Id,"['d282df5e-3eaf-4a4e-b481-c8d93ca8c182', '404361c9-9858-45de-a6b1-4ccd11478f39']","['404361c9-9858-45de-a6b1-4ccd11478f39', 'd282df5e-3eaf-4a4e-b481-c8d93ca8c182']"
PT-1014-1210167,Owner Id,"['5b6a532d-e5af-4393-a582-4a81364f1c41', 'b672cc68-57d5-4478-a062-1dc5e8e09cd2']","['b672cc68-57d5-4478-a062-1dc5e8e09cd2', '5b6a532d-e5af-4393-a582-4a81364f1c41']"
PT-1014-783317,Owner Id,"['33521903-7bd6-4d9f-997a-1d484c64134f', 'abacfbcc-da76-4ba7-bdc2-1b308c24119e', '3566e430-5754-46d5-806c-12ec79ef1114', 'ea21afdd-d37f-4462-8232-7fa3260f74a5']","['abacfbcc-da76-4ba7-bdc2-1b308c24119e', '33521903-7bd6-4d9f-997a-1d484c64134f', '3566e430-5754-46d5-806c-12ec79ef1114', 'ea21afdd-d37f-4462-8232-7fa3260f74a5']"
PT-1014-896928,Owner Id,"['d0c101ac-567a-4fe6-9a22-56489d08e274', 'c516726c-e060-4ce2-86d2-abb0757b8d2c', '30852d96-1e63-4b52-84ee-a698783aaa5c', 'a0bf475c-5e1c-42dd-9f81-66ea81cf1a46']","['d0c101ac-567a-4fe6-9a22-56489d08e274', 'a0bf475c-5e1c-42dd-9f81-66ea81cf1a46', 'c516726c-e060-4ce2-86d2-abb0757b8d2c', '30852d96-1e63-4b52-84ee-a698783aaa5c']"
PT-1014-899510,Owner Id,"['4095f013-8fea-47da-b50e-e4cabee1f686', '94a31065-04f6-4e77-8023-b8ec4c1168c7']","['94a31065-04f6-4e77-8023-b8ec4c1168c7', '4095f013-8fea-47da-b50e-e4cabee1f686']"
PT-1014-1998263,Owner Id,"['c2ef4274-8845-420a-93c1-b71c9dc10479', 'bf9433e3-c94b-4fc0-9201-b9e121db6298']","['bf9433e3-c94b-4fc0-9201-b9e121db6298', 'c2ef4274-8845-420a-93c1-b71c9dc10479']"
PT-1014-1006723,Owner Id,"['747e2be0-4b12-45fb-add6-ec56b5ed0353', 'e77be9eb-de06-4759-94af-97fc9a2bf118']","['e77be9eb-de06-4759-94af-97fc9a2bf118', '747e2be0-4b12-45fb-add6-ec56b5ed0353']"
PT-1014-999756,Owner Id,"['2b7b05fc-9353-4668-bb99-d6b8a306f463', '045853fa-3bc1-417e-8510-a65bcfbef345']","['045853fa-3bc1-417e-8510-a65bcfbef345', '2b7b05fc-9353-4668-bb99-d6b8a306f463']"
PT-1014-1376266,Owner Id,"['80aef4ff-96c4-4ba4-8ae1-3391afb23fba', '99ea2d6f-eb1a-4320-869c-3a77f9a95319', '7bf8e037-9031-4ebb-a844-3bb442344db0']","['99ea2d6f-eb1a-4320-869c-3a77f9a95319', '7bf8e037-9031-4ebb-a844-3bb442344db0', '80aef4ff-96c4-4ba4-8ae1-3391afb23fba']"
PT-1014-1540034,Owner Id,"['e19de0a8-9d9b-4d49-a560-e7292d891a8a', 'd1727927-d8e2-4361-9fde-3576ad91f985', 'ffe6c2cf-aa5d-4e82-b35f-b673fae85d44']","['ffe6c2cf-aa5d-4e82-b35f-b673fae85d44', 'e19de0a8-9d9b-4d49-a560-e7292d891a8a', 'd1727927-d8e2-4361-9fde-3576ad91f985']"
PT-1014-1231900,Owner Id,"['98cbe0ec-d0ff-4bb5-90e2-5c116b6d18a5', 'c59f9115-e4a6-4150-b965-400f158528bb']","['c59f9115-e4a6-4150-b965-400f158528bb', '98cbe0ec-d0ff-4bb5-90e2-5c116b6d18a5']"
PT-1014-1209833,Owner Id,"['c65b6cd8-7142-4b9c-9d87-38bd516705cf', 'd50dbc5e-b060-4693-9a8c-2361c6f2ece0']","['d50dbc5e-b060-4693-9a8c-2361c6f2ece0', 'c65b6cd8-7142-4b9c-9d87-38bd516705cf']"
PT-1014-1549430,Owner Id,"['439ec8b3-b13c-45ec-af44-819e82970154', '4807b4b2-6bb5-4e42-a37a-f480967464aa']","['4807b4b2-6bb5-4e42-a37a-f480967464aa', '439ec8b3-b13c-45ec-af44-819e82970154']"
PT-1014-980629,Owner Id,"['ab008bd2-8cec-4a0c-a3ba-4569f362a474', 'd25e7295-5367-4f88-9cea-5685b1bb300e']","['d25e7295-5367-4f88-9cea-5685b1bb300e', 'ab008bd2-8cec-4a0c-a3ba-4569f362a474']"
PT-1014-1019708,Owner Id,"['775eeb6e-3254-4701-8ee6-8291ebe6fdf2', '347ee55f-d359-4f31-9efd-732f566d2594', '60c46742-0499-4274-9308-9f99c5fff779']","['60c46742-0499-4274-9308-9f99c5fff779', '775eeb6e-3254-4701-8ee6-8291ebe6fdf2', '347ee55f-d359-4f31-9efd-732f566d2594']"
PT-1014-1145368,Owner Id,"['6b097a3b-42ce-4bca-9341-8a8e03752d1c', '525a32de-50ef-46ea-a9c1-cd29d376b59c', 'f3cd05cc-232a-4d5d-8c48-7aaf23ce72f1']","['6b097a3b-42ce-4bca-9341-8a8e03752d1c', 'f3cd05cc-232a-4d5d-8c48-7aaf23ce72f1', '525a32de-50ef-46ea-a9c1-cd29d376b59c']"
PT-1014-1213119,Owner Id,"['eabb9458-af57-46a1-9735-56a3e38fe8d1', '4e284a9e-c4f5-4abe-b6db-91b618f204f5']","['4e284a9e-c4f5-4abe-b6db-91b618f204f5', 'eabb9458-af57-46a1-9735-56a3e38fe8d1']"
PT-1014-860458,Owner Id,"['427dcdc2-4d44-4da0-ae4b-a1fef8b105ef', '73eea709-ace0-4e78-9f3b-d527660533eb', 'cdc21bf1-1ad6-4b8d-a331-d9e5d0a49240']","['427dcdc2-4d44-4da0-ae4b-a1fef8b105ef', 'cdc21bf1-1ad6-4b8d-a331-d9e5d0a49240', '73eea709-ace0-4e78-9f3b-d527660533eb']"
PT-1014-1997873,Owner Id,"['313010c1-2ca1-4055-877b-0dcb5e679c7a', '288e02f2-6ea1-4397-9c17-ec7a2c721920', 'b63efa66-7b06-49f4-973a-52e95242ef95']","['b63efa66-7b06-49f4-973a-52e95242ef95', '313010c1-2ca1-4055-877b-0dcb5e679c7a', '288e02f2-6ea1-4397-9c17-ec7a2c721920']"
PT-1014-912673,Owner Id,"['88f970d7-2b72-4e34-b147-7c5187a35ffd', '17a1a177-d08e-4f45-8cfa-f375c532c2c6', '9e2aad86-6efe-4693-b5c8-44044e34af71']","['17a1a177-d08e-4f45-8cfa-f375c532c2c6', '88f970d7-2b72-4e34-b147-7c5187a35ffd', '9e2aad86-6efe-4693-b5c8-44044e34af71']"
PT-1014-1413434,Owner Id,"['2d99eb3a-d1ad-4f5e-b434-34adc931c121', '007db363-74a7-49a8-83bd-27193e24b14c', 'cbfba828-8db7-4ad2-9bd6-54f05ebd855a', 'a179fa20-4dce-4581-8fd0-d69a28f40ee4', '466662bf-c4b6-47c0-bd4d-28efd0034af1']","['007db363-74a7-49a8-83bd-27193e24b14c', '2d99eb3a-d1ad-4f5e-b434-34adc931c121', 'a179fa20-4dce-4581-8fd0-d69a28f40ee4', '466662bf-c4b6-47c0-bd4d-28efd0034af1', 'cbfba828-8db7-4ad2-9bd6-54f05ebd855a']"
PT-1014-1737822,Owner Id,"['0d6be2cf-d257-4f9b-bcb0-86c37cb08b54', '4003373d-3bc6-48f8-a076-f00061ad4989', 'ec037b49-d0df-496d-8003-fbffae4c5604']","['ec037b49-d0df-496d-8003-fbffae4c5604', '4003373d-3bc6-48f8-a076-f00061ad4989', '0d6be2cf-d257-4f9b-bcb0-86c37cb08b54']"
PT-1014-1672222,Owner Id,"['5ff437c6-10d9-4a68-bf29-a98baa40ea52', '0925349e-0f0e-4e52-9bd2-9fb47b487266']","['0925349e-0f0e-4e52-9bd2-9fb47b487266', '5ff437c6-10d9-4a68-bf29-a98baa40ea52']"
PT-1014-1135120,Owner Id,"['39c7221f-3f10-43d2-a2ee-983eac51cfa1', '97cacc0a-6b03-4560-ac85-b62291268c27', 'd15784d3-1a02-46ec-90f2-4b99d912a82f']","['97cacc0a-6b03-4560-ac85-b62291268c27', 'd15784d3-1a02-46ec-90f2-4b99d912a82f', '39c7221f-3f10-43d2-a2ee-983eac51cfa1']"
PT-1014-844922,Owner Id,"['45230d1b-89a7-4281-9890-0de6bc285f87', '55b1477e-6e82-42b6-a338-9247952c068c']","['55b1477e-6e82-42b6-a338-9247952c068c', '45230d1b-89a7-4281-9890-0de6bc285f87']"
PT-1014-1133724,Owner Id,"['5bc08c4c-a841-4b95-b483-84406facd692', '74e99e67-f11d-4b8b-ab63-abecaff692cb', '28652ce3-ce7b-4c52-8870-12a35460deea']","['74e99e67-f11d-4b8b-ab63-abecaff692cb', '28652ce3-ce7b-4c52-8870-12a35460deea', '5bc08c4c-a841-4b95-b483-84406facd692']"
PT-1014-1565679,Owner Id,"['d6f92b81-6b8f-4f2a-a1ce-7ffafa214710', '5bdce79d-21f8-4455-9559-b0e5134fd911']","['5bdce79d-21f8-4455-9559-b0e5134fd911', 'd6f92b81-6b8f-4f2a-a1ce-7ffafa214710']"
PT-1014-2072563,Owner Id,"['866976ad-c1d1-4a0b-899e-c55605e7e3f0', '1b00f76f-77c2-453f-a6fe-927f36fbcb5c']","['1b00f76f-77c2-453f-a6fe-927f36fbcb5c', '866976ad-c1d1-4a0b-899e-c55605e7e3f0']"
PT-1014-1231864,Owner Id,"['adab689e-d7dc-4c93-a293-93e6bc1c9a52', 'fe487f10-d1b8-4227-8ace-3df348fdba1e']","['fe487f10-d1b8-4227-8ace-3df348fdba1e', 'adab689e-d7dc-4c93-a293-93e6bc1c9a52']"
PT-1014-2345036,Owner Id,"['a21ebbb5-bcc8-44e9-8241-615d15cc3177', 'f5ba55c7-7649-4bcc-8881-3cbaa42d4f53', '1c352f92-c7ba-40cd-93b7-29e791980677', '08c3b528-b458-4cf6-aa35-58745386397c']","['08c3b528-b458-4cf6-aa35-58745386397c', '1c352f92-c7ba-40cd-93b7-29e791980677', 'f5ba55c7-7649-4bcc-8881-3cbaa42d4f53', 'a21ebbb5-bcc8-44e9-8241-615d15cc3177']"
PT-1014-1399754,Owner Id,"['345bfd9e-733e-4487-afce-c12c809a0451', '7933d878-7a01-4ee4-bf59-4fde206fd8d2']","['7933d878-7a01-4ee4-bf59-4fde206fd8d2', '345bfd9e-733e-4487-afce-c12c809a0451']"
PT-1014-1097750,Owner Id,"['68ed179c-c79f-40f8-b86e-35d8485be37e', 'd901c26c-669d-4395-92a4-e718d65ccabf']","['d901c26c-669d-4395-92a4-e718d65ccabf', '68ed179c-c79f-40f8-b86e-35d8485be37e']"
PT-1014-1481605,Owner Id,"['98c8feae-d02c-4ee9-8ce4-1cc1ed85a799', '09534482-c4f3-4db2-ba2c-9f86754aaa5b']","['09534482-c4f3-4db2-ba2c-9f86754aaa5b', '98c8feae-d02c-4ee9-8ce4-1cc1ed85a799']"
PT-1014-1716170,Owner Id,"['2f3b546f-2667-455e-a5eb-06ca1d5757f2', '5ccba4af-7899-4528-bcde-33b59d43dbdf', 'a0c1dc09-71c4-4ea4-bf9b-10e569a16011', '2b98a1b3-0c8d-46d9-a87c-aa528ec0c7ea']","['2b98a1b3-0c8d-46d9-a87c-aa528ec0c7ea', '5ccba4af-7899-4528-bcde-33b59d43dbdf', 'a0c1dc09-71c4-4ea4-bf9b-10e569a16011', '2f3b546f-2667-455e-a5eb-06ca1d5757f2']"
PT-1014-1419007,Owner Id,"['15fadbe7-6481-475a-9820-926419c09eca', 'e3db9395-8042-432a-a7b7-fbb82f7c8ec4']","['e3db9395-8042-432a-a7b7-fbb82f7c8ec4', '15fadbe7-6481-475a-9820-926419c09eca']"
PT-1014-879085,Owner Id,"['08bdb7c3-0676-49ca-a25e-1d9abc26d584', '6c69936a-7335-4c66-9920-b00d91c626a2']","['6c69936a-7335-4c66-9920-b00d91c626a2', '08bdb7c3-0676-49ca-a25e-1d9abc26d584']"
PT-1014-884788,Owner Id,"['0c09118d-bac8-46c3-9521-123a1629a1b2', 'b3061964-544e-4856-bfc9-5827d01dbae6']","['b3061964-544e-4856-bfc9-5827d01dbae6', '0c09118d-bac8-46c3-9521-123a1629a1b2']"
PT-1014-909208,Owner Id,"['3c8cdf74-adda-473b-a120-0ca09d2b881c', '540aeb31-710c-453b-ad4c-c86317724df4', 'b9d26cc2-d5db-46d2-8123-68e5a16a554f']","['b9d26cc2-d5db-46d2-8123-68e5a16a554f', '540aeb31-710c-453b-ad4c-c86317724df4', '3c8cdf74-adda-473b-a120-0ca09d2b881c']"
PT-1014-713249,Owner Id,"['7f448bc7-66d1-4a0a-934e-e224d0a0b28b', '2baea65b-fa12-4e9f-b6c7-647dd854a1f1']","['2baea65b-fa12-4e9f-b6c7-647dd854a1f1', '7f448bc7-66d1-4a0a-934e-e224d0a0b28b']"
PT-1014-1036262,Owner Id,"['e4d9d50d-1d67-4a06-b324-c85d0354763a', '5a2465e7-bfca-4ff8-bd83-3e5cf3203fc7']","['5a2465e7-bfca-4ff8-bd83-3e5cf3203fc7', 'e4d9d50d-1d67-4a06-b324-c85d0354763a']"
PT-1014-1995422,Owner Id,"['7c5ea28b-28d3-4f9d-9c55-0a155be54d9f', '4fe2ff9c-df88-46b9-b31f-bee90187a7ec', 'd7002ba1-c18c-4fbd-8190-44910aa2a169', 'ad54865c-bb48-4822-891a-9555d2326a09']","['d7002ba1-c18c-4fbd-8190-44910aa2a169', '4fe2ff9c-df88-46b9-b31f-bee90187a7ec', '7c5ea28b-28d3-4f9d-9c55-0a155be54d9f', 'ad54865c-bb48-4822-891a-9555d2326a09']"
PT-1014-1996262,Owner Id,"['ce97b24e-7cda-4890-b92d-2b8121b1d3e5', '32bece2a-3ac8-48ef-8f79-e5c30e5b10a0']","['32bece2a-3ac8-48ef-8f79-e5c30e5b10a0', 'ce97b24e-7cda-4890-b92d-2b8121b1d3e5']"
PT-1014-758131,Owner Id,"['ec82f9a8-8788-4c11-a0ae-0da7f3de4ed6', 'e67597f6-e3db-49a0-8b81-bbaf1484cd79']","['e67597f6-e3db-49a0-8b81-bbaf1484cd79', 'ec82f9a8-8788-4c11-a0ae-0da7f3de4ed6']"
PT-1014-1487414,Owner Id,"['f9627830-06aa-436c-928e-1175141f03aa', 'c5b6efed-6c42-445e-85b9-b767462a81c8', 'b601b345-2cb9-4749-a3dd-2bbad859bf05', '5c2140d6-b16d-413b-b137-965f5ec26643', 'd7c1488d-20a1-4730-a304-9316c282cd70']","['5c2140d6-b16d-413b-b137-965f5ec26643', 'c5b6efed-6c42-445e-85b9-b767462a81c8', 'f9627830-06aa-436c-928e-1175141f03aa', 'd7c1488d-20a1-4730-a304-9316c282cd70', 'b601b345-2cb9-4749-a3dd-2bbad859bf05']"
PT-1014-1542826,Owner Id,"['07f16a24-b84c-4dea-b951-ae7d9d86e51c', 'cb0d1013-73bd-42e9-b50e-184747d3713e']","['cb0d1013-73bd-42e9-b50e-184747d3713e', '07f16a24-b84c-4dea-b951-ae7d9d86e51c']"
PT-1014-983984,Owner Id,"['2788887f-c6dc-42f2-a84d-d82e0dd3d7e5', 'b2300c43-1139-4469-9c98-ea06729e188d']","['b2300c43-1139-4469-9c98-ea06729e188d', '2788887f-c6dc-42f2-a84d-d82e0dd3d7e5']"
PT-1014-1142379,Owner Id,"['7e494491-2da8-4a95-8741-c0b81df50cb5', '0fe2b2b5-1340-4647-b7f0-1c9e307a8e7f']","['0fe2b2b5-1340-4647-b7f0-1c9e307a8e7f', '7e494491-2da8-4a95-8741-c0b81df50cb5']"
PT-1014-2357480,Owner Id,"['8c326fd5-eec6-4ef2-ae17-b544f3df2954', 'e6515d7c-370e-4248-94f1-1fb12510dc59']","['e6515d7c-370e-4248-94f1-1fb12510dc59', '8c326fd5-eec6-4ef2-ae17-b544f3df2954']"
PT-1014-866764,Owner Id,"['6cedf021-0b2a-4391-97b3-84485e9a7f68', 'bb81b868-7bdf-4553-ae34-355682981f50', '045b79fd-42c3-4ab6-863f-4a700852248e', 'd2c02579-a5fc-4b54-8e77-716c8d7d89e2']","['6cedf021-0b2a-4391-97b3-84485e9a7f68', '045b79fd-42c3-4ab6-863f-4a700852248e', 'bb81b868-7bdf-4553-ae34-355682981f50', 'd2c02579-a5fc-4b54-8e77-716c8d7d89e2']"
PT-1014-1733662,Owner Id,"['9d820851-313b-454e-a3ea-b967a384c46e', '7c4b6180-4139-410a-b76a-c44aeef27c89']","['7c4b6180-4139-410a-b76a-c44aeef27c89', '9d820851-313b-454e-a3ea-b967a384c46e']"
PT-1014-872868,Owner Id,"['92fd0375-2017-4a04-81e9-b25f1875db70', 'd019d46a-e085-40b9-9e72-b4fe6e928f0d']","['d019d46a-e085-40b9-9e72-b4fe6e928f0d', '92fd0375-2017-4a04-81e9-b25f1875db70']"
PT-1014-761954,Owner Id,"['5652185f-391d-4c3c-b6d9-0e8608e6c2e1', '65a2a152-bda6-4935-9919-1ec610444886']","['65a2a152-bda6-4935-9919-1ec610444886', '5652185f-391d-4c3c-b6d9-0e8608e6c2e1']"
PT-1014-978499,Owner Id,"['75afb1c9-c9e2-487b-aab9-371faa3f5ee3', '1d301ee5-a46b-4728-957d-54fead0f2eab']","['1d301ee5-a46b-4728-957d-54fead0f2eab', '75afb1c9-c9e2-487b-aab9-371faa3f5ee3']"
PT-1014-783257,Owner Id,"['9f1ba7c4-e8d7-4293-b0c7-424c7d3f4dd1', 'da7a7a3a-6cd7-4e67-bd7c-e31899f66970']","['da7a7a3a-6cd7-4e67-bd7c-e31899f66970', '9f1ba7c4-e8d7-4293-b0c7-424c7d3f4dd1']"
PT-1014-887452,Owner Id,"['af595cb3-1872-4e4a-ba23-7aaa0078ebe2', 'eb1d198f-58a2-4998-8018-615208dd635b']","['eb1d198f-58a2-4998-8018-615208dd635b', 'af595cb3-1872-4e4a-ba23-7aaa0078ebe2']"
PT-1014-1229576,Owner Id,"['ed42bb2b-5ee6-47bf-ab98-7b2b077736ae', '6f51b423-3c64-47e2-addd-2c346275e23a']","['6f51b423-3c64-47e2-addd-2c346275e23a', 'ed42bb2b-5ee6-47bf-ab98-7b2b077736ae']"
PT-1014-1772326,Owner Id,"['9497496a-134e-46a7-9e85-a539d4b330d4', 'ce077cd3-baa8-451b-a060-fbdf03179eee']","['ce077cd3-baa8-451b-a060-fbdf03179eee', '9497496a-134e-46a7-9e85-a539d4b330d4']"
PT-1014-1404195,Owner Id,"['a7a98007-11e0-4b56-80d5-494e7457f09a', '64e3f9d4-28fe-4409-8905-d1bd6e37e32d']","['64e3f9d4-28fe-4409-8905-d1bd6e37e32d', 'a7a98007-11e0-4b56-80d5-494e7457f09a']"
PT-1014-1002689,Owner Id,"['aa1d3c4d-96ae-49f6-89e3-6ab3974badc9', '468fb296-c247-46eb-a458-d2a8bd17d11b']","['468fb296-c247-46eb-a458-d2a8bd17d11b', 'aa1d3c4d-96ae-49f6-89e3-6ab3974badc9']"
PT-1014-980092,Owner Id,"['520421b0-016b-4caf-97d3-83f066f23bd0', 'f37832ef-bbf4-4c30-9e23-c54ac9523182', 'b3266566-6ad9-4a88-9f86-e9b5fb92e462', 'e7974f0c-0f0b-4c16-ba8b-ddca065e922a']","['f37832ef-bbf4-4c30-9e23-c54ac9523182', 'b3266566-6ad9-4a88-9f86-e9b5fb92e462', 'e7974f0c-0f0b-4c16-ba8b-ddca065e922a', '520421b0-016b-4caf-97d3-83f066f23bd0']"
PT-1014-913697,Owner Id,"['4f44e0f5-5247-4183-9862-bc0038be67e9', '0f8c60b2-18fe-4cb7-b34a-6dd0fe827695']","['0f8c60b2-18fe-4cb7-b34a-6dd0fe827695', '4f44e0f5-5247-4183-9862-bc0038be67e9']"
PT-1014-1717234,Owner Id,"['cb499a07-f531-4a51-bd13-b2da0645889c', 'edf384a8-f40d-4c98-9f1a-b9b3584ca02e', '8d09b68d-4c23-4fc9-9284-db0eb24595c7']","['cb499a07-f531-4a51-bd13-b2da0645889c', '8d09b68d-4c23-4fc9-9284-db0eb24595c7', 'edf384a8-f40d-4c98-9f1a-b9b3584ca02e']"
PT-1014-761686,Owner Id,"['125b78e9-2cc7-4751-8085-d1885406d991', '9c9ed790-cd6f-4a13-99c3-c43497f5c8d5']","['9c9ed790-cd6f-4a13-99c3-c43497f5c8d5', '125b78e9-2cc7-4751-8085-d1885406d991']"
PT-1014-1134167,Owner Id,"['9d037488-e28c-4b8f-99ed-25396a1a6761', '0121e87c-872c-4fbe-b2b0-bb04c03edd52']","['0121e87c-872c-4fbe-b2b0-bb04c03edd52', '9d037488-e28c-4b8f-99ed-25396a1a6761']"
PT-1014-1691259,Owner Id,"['c33ce677-efb3-48bc-8660-ad9c8c4966d1', 'be052957-04a8-4684-a686-ce56be6a2755']","['be052957-04a8-4684-a686-ce56be6a2755', 'c33ce677-efb3-48bc-8660-ad9c8c4966d1']"
PT-1014-907383,Owner Id,"['976062c1-d18b-4aa5-adea-10c3f6d5967c', '3ed72df2-0285-458d-aa46-c1315c5d57a0']","['3ed72df2-0285-458d-aa46-c1315c5d57a0', '976062c1-d18b-4aa5-adea-10c3f6d5967c']"
PT-1014-1739216,Owner Id,"['d6f46f08-44dd-440a-aedf-c15d052d8c76', '1e431216-9d5f-47e8-ad51-0466f603ec8e', 'b22e2112-8677-4650-aaa2-e20362c95985', '64d56341-47f1-4ade-8c6b-0069db17c980']","['b22e2112-8677-4650-aaa2-e20362c95985', '1e431216-9d5f-47e8-ad51-0466f603ec8e', 'd6f46f08-44dd-440a-aedf-c15d052d8c76', '64d56341-47f1-4ade-8c6b-0069db17c980']"
PT-1014-785076,Owner Id,"['41269103-a4ab-4ba6-b5ea-6de16cd43397', '3b5f195d-8e85-4bd2-882c-fad3da06f924']","['3b5f195d-8e85-4bd2-882c-fad3da06f924', '41269103-a4ab-4ba6-b5ea-6de16cd43397']"
PT-1014-1156186,Owner Id,"['c3200302-acc6-427b-9eef-da0ccac298dd', 'cab02f20-2964-484c-bd0c-cd4c54a4c134', '00f05e38-7555-4cd5-b5e4-13fff0bfe692']","['cab02f20-2964-484c-bd0c-cd4c54a4c134', '00f05e38-7555-4cd5-b5e4-13fff0bfe692', 'c3200302-acc6-427b-9eef-da0ccac298dd']"
PT-1014-1597056,Owner Id,"['cde934d0-cc2c-4fdc-b41c-f45f9eb63bb3', '86a62164-cf5b-4ee6-a9f7-e795657b996d']","['86a62164-cf5b-4ee6-a9f7-e795657b996d', 'cde934d0-cc2c-4fdc-b41c-f45f9eb63bb3']"
PT-1014-765683,Owner Id,"['b011e1c5-33fa-4d7f-902f-f8cf53396183', 'bf4cff87-81d7-427c-8e93-8ba3bef9c29c', '0e1f31b8-b6d7-478c-924c-4983c0f62bd0', '0e96ce65-4c65-43da-967b-99ead73980d5', '0aeb93b9-6b7f-4772-a191-17cc7de2d620', '0d6cb91b-51c3-451b-aad5-0c57b68d950a', '0ceb4d26-2b33-4189-ae17-7a55be2c594a']","['bf4cff87-81d7-427c-8e93-8ba3bef9c29c', '0d6cb91b-51c3-451b-aad5-0c57b68d950a', 'b011e1c5-33fa-4d7f-902f-f8cf53396183', '0e1f31b8-b6d7-478c-924c-4983c0f62bd0', '0e96ce65-4c65-43da-967b-99ead73980d5', '0ceb4d26-2b33-4189-ae17-7a55be2c594a', '0aeb93b9-6b7f-4772-a191-17cc7de2d620']"
PT-1014-1043236,Owner Id,"['9a871930-077c-484b-80f8-355de1ed6709', '002dc671-7352-4325-9db7-3539fc09ac87']","['002dc671-7352-4325-9db7-3539fc09ac87', '9a871930-077c-484b-80f8-355de1ed6709']"
PT-1014-1154719,Owner Id,"['ebb13e93-0d1c-424c-9e28-c874314254d1', 'eb95bbd1-83f6-40f4-94f6-33021d05c9b3', 'edd31c13-af62-458d-bdd3-fc11c8b9962c', '4d7825ad-45c1-40ac-8755-33e34e2ed800']","['4d7825ad-45c1-40ac-8755-33e34e2ed800', 'ebb13e93-0d1c-424c-9e28-c874314254d1', 'edd31c13-af62-458d-bdd3-fc11c8b9962c', 'eb95bbd1-83f6-40f4-94f6-33021d05c9b3']"
PT-1014-766104,Owner Id,"['0add6d62-eb8e-4a82-aef9-4edbff57bd8f', 'e05d1f6a-b93c-4e06-8aea-6a50e67918e9', '63d5fe8b-3fcb-4004-9239-629075b3d969']","['63d5fe8b-3fcb-4004-9239-629075b3d969', 'e05d1f6a-b93c-4e06-8aea-6a50e67918e9', '0add6d62-eb8e-4a82-aef9-4edbff57bd8f']"
PT-1014-765858,Owner Id,"['dcb2f41e-8ed2-4bd7-8f79-2366a15093cc', '68bdeacb-b7cd-4850-8db9-e424e85a3f8d']","['68bdeacb-b7cd-4850-8db9-e424e85a3f8d', 'dcb2f41e-8ed2-4bd7-8f79-2366a15093cc']"
PT-1014-1653412,Owner Id,"['d163b3b6-83dc-4295-988f-2fa8eae80f16', '27cd8107-ae57-4fad-9b5e-70ead27cd9cc']","['27cd8107-ae57-4fad-9b5e-70ead27cd9cc', 'd163b3b6-83dc-4295-988f-2fa8eae80f16']"
PT-1014-1024405,Owner Id,"['3ae1e3c5-556d-4741-b2a1-1828f99c7fe7', '3945ed4d-8717-4817-a0af-a3e22bb0c6a2', 'eeeb70d6-f4d2-4113-95c1-32f2b8ed8832', '950793c7-16d1-454c-8d8a-0afc93b42121']","['3945ed4d-8717-4817-a0af-a3e22bb0c6a2', '950793c7-16d1-454c-8d8a-0afc93b42121', '3ae1e3c5-556d-4741-b2a1-1828f99c7fe7', 'eeeb70d6-f4d2-4113-95c1-32f2b8ed8832']"
PT-1014-878339,Owner Id,"['2cab0f2a-071a-4635-9f0a-5a12d04d7bf3', '24e46e71-3a97-4df3-a46f-7fc5cff13c98', '829af16f-d274-481c-9587-1b268d4e3a1b']","['829af16f-d274-481c-9587-1b268d4e3a1b', '24e46e71-3a97-4df3-a46f-7fc5cff13c98', '2cab0f2a-071a-4635-9f0a-5a12d04d7bf3']"
PT-1014-983750,Owner Id,"['c100a293-0a28-4ab2-a3cc-5072c0790e53', 'ef50ae24-b8f0-4da4-b1c2-14bfa6e2edbe']","['ef50ae24-b8f0-4da4-b1c2-14bfa6e2edbe', 'c100a293-0a28-4ab2-a3cc-5072c0790e53']"
PT-1014-1396751,Owner Id,"['1c9156f3-11ee-4d37-89a5-5d941ecabe8e', '54b781f8-813b-499f-bba9-1c3c4f58b832']","['54b781f8-813b-499f-bba9-1c3c4f58b832', '1c9156f3-11ee-4d37-89a5-5d941ecabe8e']"
PT-1014-706974,Owner Id,"['90d4c0c4-5ada-49ea-a306-a001be67e993', '66cdc19a-8208-4b3f-b6e4-46a9126d2169']","['66cdc19a-8208-4b3f-b6e4-46a9126d2169', '90d4c0c4-5ada-49ea-a306-a001be67e993']"
PT-1014-762583,Owner Id,"['5b7677cf-fa4c-4e54-a473-0afe2dbaed08', '46bbbe75-dcf9-4cd4-bad6-af4369ccc653']","['46bbbe75-dcf9-4cd4-bad6-af4369ccc653', '5b7677cf-fa4c-4e54-a473-0afe2dbaed08']"
PT-1014-779656,Owner Id,"['7a1e68f5-4aa2-4c12-a4d2-180e1e398168', 'd1aa3874-1bdc-4208-a5b6-7ccad8de35e0']","['d1aa3874-1bdc-4208-a5b6-7ccad8de35e0', '7a1e68f5-4aa2-4c12-a4d2-180e1e398168']"
PT-1014-1038560,Owner Id,"['03607017-932e-4643-b122-6b0151d0f256', '27eeb630-430f-468b-a015-d9e5b813b134']","['27eeb630-430f-468b-a015-d9e5b813b134', '03607017-932e-4643-b122-6b0151d0f256']"
PT-1014-2010844,Owner Id,"['dbea2019-cabc-468e-baee-a8fec33fea71', '23dc0f25-8818-4f2e-8695-315877bf026f']","['23dc0f25-8818-4f2e-8695-315877bf026f', 'dbea2019-cabc-468e-baee-a8fec33fea71']"
PT-1014-1229570,Owner Id,"['b2d850ac-3d77-480c-8f22-6780342aac72', '9576aa72-c202-40a0-b494-b918cdf6a582']","['9576aa72-c202-40a0-b494-b918cdf6a582', 'b2d850ac-3d77-480c-8f22-6780342aac72']"
PT-1014-714424,Owner Id,"['b438339d-5133-4f00-9880-d065a4713f7c', 'f4fe050f-b2f4-4c6d-b55e-aaa0a38a1c9b']","['f4fe050f-b2f4-4c6d-b55e-aaa0a38a1c9b', 'b438339d-5133-4f00-9880-d065a4713f7c']"
PT-1014-1014344,Owner Id,"['c66cf4b0-7da5-41c1-b522-b05de4fbbb98', '056fd879-629a-4126-8b61-0e0ed0825d35']","['056fd879-629a-4126-8b61-0e0ed0825d35', 'c66cf4b0-7da5-41c1-b522-b05de4fbbb98']"
PT-1014-1603095,Owner Id,"['710d4d43-5c4a-4cc5-acb8-a1b4f208eb05', '37a8e9b9-0c28-4154-84fa-88c79219b4ed', 'a22cdfcd-76ac-4896-9880-875f7ba1e4f8']","['710d4d43-5c4a-4cc5-acb8-a1b4f208eb05', 'a22cdfcd-76ac-4896-9880-875f7ba1e4f8', '37a8e9b9-0c28-4154-84fa-88c79219b4ed']"
PT-1014-1399782,Owner Id,"['f2ef0cb8-7c30-42c5-90f7-7b4992af5183', '971033f3-673a-489f-8283-e95de799ebff']","['971033f3-673a-489f-8283-e95de799ebff', 'f2ef0cb8-7c30-42c5-90f7-7b4992af5183']"
PT-1014-1477645,Owner Id,"['2607ebee-1910-4248-be70-884c846e2f46', '8bc57946-876b-4511-8bc9-1eedc9d6bd75']","['8bc57946-876b-4511-8bc9-1eedc9d6bd75', '2607ebee-1910-4248-be70-884c846e2f46']"
PT-1014-1555916,Owner Id,"['917bb20a-f2ef-4c99-abb1-45aec035e794', '11e5f20a-90a5-4894-9f5a-96d55f4cd01b']","['11e5f20a-90a5-4894-9f5a-96d55f4cd01b', '917bb20a-f2ef-4c99-abb1-45aec035e794']"
PT-1014-1417936,Owner Id,"['d8ab66d6-d313-4c4e-8f75-d60b5c04b4df', 'facc8917-8641-43f4-bf95-06c65a907e95', '10da8067-adf8-4876-8b53-0d803843f77a', '0fe7d8b0-e38e-4b08-85f7-5bd6e726c3f9']","['10da8067-adf8-4876-8b53-0d803843f77a', 'facc8917-8641-43f4-bf95-06c65a907e95', '0fe7d8b0-e38e-4b08-85f7-5bd6e726c3f9', 'd8ab66d6-d313-4c4e-8f75-d60b5c04b4df']"
PT-1014-1698234,Owner Id,"['7457979b-19f4-4980-ba20-91dacd257561', '469c96a4-2576-40c8-a767-35c936062f2c']","['469c96a4-2576-40c8-a767-35c936062f2c', '7457979b-19f4-4980-ba20-91dacd257561']"
PT-1014-1734267,Owner Id,"['ab7f3136-4464-4f6b-a03a-f032815ef3f9', 'e2eb20fe-0b11-408b-9cdb-4e2b5e46e07c']","['e2eb20fe-0b11-408b-9cdb-4e2b5e46e07c', 'ab7f3136-4464-4f6b-a03a-f032815ef3f9']"
PT-1014-887629,Owner Id,"['7b5dec2a-220e-4ef9-8758-de825a7fd460', 'd30bcd10-319a-4ac4-a1f5-261c776d9b51']","['d30bcd10-319a-4ac4-a1f5-261c776d9b51', '7b5dec2a-220e-4ef9-8758-de825a7fd460']"
PT-1014-1423500,Owner Id,"['0d4a2823-41c9-4b98-af8d-05a0fe9e2aba', '5e53cf46-9f0c-46e0-a0c4-a66a160a08d9']","['5e53cf46-9f0c-46e0-a0c4-a66a160a08d9', '0d4a2823-41c9-4b98-af8d-05a0fe9e2aba']"
PT-1014-713371,Owner Id,"['cca33770-64a0-40d2-8ba7-de0e8cf996c3', '180fd57c-edf9-443d-828a-33ab0fbf7d82', 'a73a22cb-56a0-47e5-8051-f37feb1a964f']","['180fd57c-edf9-443d-828a-33ab0fbf7d82', 'a73a22cb-56a0-47e5-8051-f37feb1a964f', 'cca33770-64a0-40d2-8ba7-de0e8cf996c3']"
PT-1014-902808,Owner Id,"['a2f3e8e7-ddc3-47cb-b384-d18302641784', '0c5fc217-8645-45fb-8b24-4d80c7666719', 'cf029793-a1ae-4242-bb46-9f28600fde7b']","['0c5fc217-8645-45fb-8b24-4d80c7666719', 'a2f3e8e7-ddc3-47cb-b384-d18302641784', 'cf029793-a1ae-4242-bb46-9f28600fde7b']"
PT-1014-911365,Owner Id,"['a04ed854-3c81-454d-b14b-29b50c58cfde', '290a8112-a558-4d36-8166-1915e13ddeb9']","['290a8112-a558-4d36-8166-1915e13ddeb9', 'a04ed854-3c81-454d-b14b-29b50c58cfde']"
PT-1014-1483876,Owner Id,"['33058969-91bf-429d-8b67-a084365bf3bc', '10b950b0-cb7f-4438-93e0-37b5af91f643']","['10b950b0-cb7f-4438-93e0-37b5af91f643', '33058969-91bf-429d-8b67-a084365bf3bc']"
PT-1014-1734978,Owner Id,"['ce4eceed-a00b-42ab-9433-42eb3741e9bb', 'a2d32ee3-dc11-48bd-a237-8c3ffba98cd9', '57f28119-6d76-4c0c-a0fd-ce65173a0c55', '89ee5b32-1963-4667-9996-d6a0b077e1b5']","['89ee5b32-1963-4667-9996-d6a0b077e1b5', '57f28119-6d76-4c0c-a0fd-ce65173a0c55', 'ce4eceed-a00b-42ab-9433-42eb3741e9bb', 'a2d32ee3-dc11-48bd-a237-8c3ffba98cd9']"
PT-1014-863711,Owner Id,"['919e7f71-767b-4c3b-9674-43431c4344b7', '326a0dea-87e0-4e8e-b537-340c29b49aa5']","['326a0dea-87e0-4e8e-b537-340c29b49aa5', '919e7f71-767b-4c3b-9674-43431c4344b7']"
PT-1014-998374,Owner Id,"['6e3cf46e-d591-441d-aea8-28f1b0d25f15', '6acb4a9f-5329-472a-9587-dc55dfb74bfc', 'b673bc23-a3de-43af-a79f-4e8503427101', '5b6611d1-e834-4026-ba38-e565fe3db5c8']","['5b6611d1-e834-4026-ba38-e565fe3db5c8', '6e3cf46e-d591-441d-aea8-28f1b0d25f15', '6acb4a9f-5329-472a-9587-dc55dfb74bfc', 'b673bc23-a3de-43af-a79f-4e8503427101']"
PT-1014-712330,Owner Id,"['e99c6339-50b0-4334-a963-d404aac0f364', '57750f7a-3a49-42d4-8ab3-23fb93b893a2']","['57750f7a-3a49-42d4-8ab3-23fb93b893a2', 'e99c6339-50b0-4334-a963-d404aac0f364']"
PT-1014-1025898,Owner Id,"['5e9c896c-8b1b-4ff8-ab3b-21fabfab31df', '0427cbf4-e690-4c87-8a3d-176bbbce6f7e']","['0427cbf4-e690-4c87-8a3d-176bbbce6f7e', '5e9c896c-8b1b-4ff8-ab3b-21fabfab31df']"
PT-1014-705674,Owner Id,"['0dac9cd1-11ea-433e-8e2a-a470bd1964a4', '7cc22da4-9f7a-4219-8815-573a234c61b0']","['7cc22da4-9f7a-4219-8815-573a234c61b0', '0dac9cd1-11ea-433e-8e2a-a470bd1964a4']"
PT-1014-1031059,Owner Id,"['73ba952d-ad05-4f4e-bde0-24947c7b6bcd', 'ffb56d94-bfdb-4a21-9534-b0b2bdcf86c4']","['ffb56d94-bfdb-4a21-9534-b0b2bdcf86c4', '73ba952d-ad05-4f4e-bde0-24947c7b6bcd']"
PT-1014-870256,Owner Id,"['73ba952d-ad05-4f4e-bde0-24947c7b6bcd', 'ffb56d94-bfdb-4a21-9534-b0b2bdcf86c4']","['ffb56d94-bfdb-4a21-9534-b0b2bdcf86c4', '73ba952d-ad05-4f4e-bde0-24947c7b6bcd']"
PT-1014-1531404,Owner Id,"['800931d4-9ba7-4ac2-9533-6afbb80546da', '6393fa6f-dd80-486a-a341-acbdf70b9898']","['6393fa6f-dd80-486a-a341-acbdf70b9898', '800931d4-9ba7-4ac2-9533-6afbb80546da']"
PT-1014-755894,Owner Id,"['f41aed4e-8fff-4097-89de-188f0f653c19', 'c48b5a98-5a8f-44cc-be04-c0b0b5997e83']","['c48b5a98-5a8f-44cc-be04-c0b0b5997e83', 'f41aed4e-8fff-4097-89de-188f0f653c19']"
PT-1014-755513,Owner Id,"['76bcda7b-69da-4f38-8378-e486f4ec11b6', '02ba8f57-1b7f-4426-a3bb-960c2aae2389', '7313db32-8d7a-4809-922f-9691187d9573', '748aeb9b-a922-484f-b7a7-722f3211e0b7']","['76bcda7b-69da-4f38-8378-e486f4ec11b6', '748aeb9b-a922-484f-b7a7-722f3211e0b7', '7313db32-8d7a-4809-922f-9691187d9573', '02ba8f57-1b7f-4426-a3bb-960c2aae2389']"
PT-1014-1413683,Owner Id,"['a4f10718-393b-4d37-b691-b312278cdcca', '2a560d7c-535b-4a8c-9406-b9a6737a9d56']","['2a560d7c-535b-4a8c-9406-b9a6737a9d56', 'a4f10718-393b-4d37-b691-b312278cdcca']"
PT-1014-1252454,Owner Id,"['3578e328-9f8c-40b7-85dc-a157f3331ca5', '2bb7c8a5-32e1-4fb4-858a-6e8e42749a4e']","['2bb7c8a5-32e1-4fb4-858a-6e8e42749a4e', '3578e328-9f8c-40b7-85dc-a157f3331ca5']"
PT-1014-1003097,Owner Id,"['e6ef50e1-7950-4aa2-b7ca-59061f3a6f1c', '24d25f9e-c2fd-4241-a39a-930ff40dbe8b']","['24d25f9e-c2fd-4241-a39a-930ff40dbe8b', 'e6ef50e1-7950-4aa2-b7ca-59061f3a6f1c']"
PT-1014-1010370,Owner Id,"['bd262b02-6b02-4548-baf3-f2439cfdf4c1', 'a34e62d9-a26b-4ff7-8041-4cd7173fdf0a']","['a34e62d9-a26b-4ff7-8041-4cd7173fdf0a', 'bd262b02-6b02-4548-baf3-f2439cfdf4c1']"
PT-1014-878827,Owner Id,"['b96bc60f-b7e6-4eb5-9139-7f86bf8de35b', '582d1e33-7cb7-4203-898c-c72c607a8115']","['582d1e33-7cb7-4203-898c-c72c607a8115', 'b96bc60f-b7e6-4eb5-9139-7f86bf8de35b']"
PT-1014-985864,Owner Id,"['2bdf1080-da36-4cbf-b994-5936eb6d0eb6', '41777ad3-a971-4ef9-80f0-56793b54eb2e', '838e99d7-bc0f-46a1-ba0f-a7ff4c6ad80a']","['838e99d7-bc0f-46a1-ba0f-a7ff4c6ad80a', '41777ad3-a971-4ef9-80f0-56793b54eb2e', '2bdf1080-da36-4cbf-b994-5936eb6d0eb6']"
PT-1014-977649,Owner Id,"['398a3599-0112-4333-9e45-81c9e6bcffaa', '350e3e17-b997-4892-bd92-e3b2287932af', '5a50e5af-c861-4a87-af75-e1457d3a754a', 'ccedc1fd-e0ff-4035-ac57-3f8e48873dc4']","['ccedc1fd-e0ff-4035-ac57-3f8e48873dc4', '398a3599-0112-4333-9e45-81c9e6bcffaa', '350e3e17-b997-4892-bd92-e3b2287932af', '5a50e5af-c861-4a87-af75-e1457d3a754a']"
PT-1014-1544643,Owner Id,"['1ed3b1b5-529a-480b-99da-f27e10ffd93f', '7725ba73-315d-4cd9-b3c7-03aad17155b7', '06b282e8-c274-4b9f-99fb-f538c93ea4c4']","['7725ba73-315d-4cd9-b3c7-03aad17155b7', '06b282e8-c274-4b9f-99fb-f538c93ea4c4', '1ed3b1b5-529a-480b-99da-f27e10ffd93f']"
PT-1014-758191,Owner Id,"['43424fb4-36ef-447a-8db0-24747b57ad23', 'c61efe39-9b3f-4cee-947e-baadb6626a3f']","['c61efe39-9b3f-4cee-947e-baadb6626a3f', '43424fb4-36ef-447a-8db0-24747b57ad23']"
PT-1014-2071354,Owner Id,"['4d143d03-c129-4f96-9d30-a29163c592d4', '96fd3fef-ac11-4da6-b736-eca7909cf4b0']","['96fd3fef-ac11-4da6-b736-eca7909cf4b0', '4d143d03-c129-4f96-9d30-a29163c592d4']"
PT-1014-1503300,Owner Id,"['b1fc69e6-b898-425f-bbc8-d126d539ffbf', 'aa61c613-07c2-4ec6-869d-e25a56bf83bb']","['aa61c613-07c2-4ec6-869d-e25a56bf83bb', 'b1fc69e6-b898-425f-bbc8-d126d539ffbf']"
PT-1014-780471,Owner Id,"['e5cd589d-9520-4b16-888b-bcb487bf40c4', '86f4cb91-bd20-4f13-b0a9-2beaca76f77c']","['86f4cb91-bd20-4f13-b0a9-2beaca76f77c', 'e5cd589d-9520-4b16-888b-bcb487bf40c4']"
PT-1014-1671364,Owner Id,"['c6771bf5-4e8a-4e53-9d1c-d79f81ab15be', 'c16064c7-d3b4-448e-ae0b-efedfa7ed217', '8f09f996-9174-4205-a0c6-ba9f16674a35']","['8f09f996-9174-4205-a0c6-ba9f16674a35', 'c16064c7-d3b4-448e-ae0b-efedfa7ed217', 'c6771bf5-4e8a-4e53-9d1c-d79f81ab15be']"
PT-1014-1040899,Owner Id,"['72bff3ee-7de9-43f6-a831-4064c7a888ad', '3dabe024-6a99-4b93-9b9e-cc4f424a287c', '841d67fd-0bc7-4be1-9168-69b660b50ac0']","['72bff3ee-7de9-43f6-a831-4064c7a888ad', '841d67fd-0bc7-4be1-9168-69b660b50ac0', '3dabe024-6a99-4b93-9b9e-cc4f424a287c']"
PT-1014-1738046,Owner Id,"['49855e88-5da6-4a86-ab9e-a0f57e162daa', '7b27ffb6-677f-4508-86e1-c00f5962574f', '5aaa2e42-c9ff-44c7-b371-7e3b80249749']","['5aaa2e42-c9ff-44c7-b371-7e3b80249749', '7b27ffb6-677f-4508-86e1-c00f5962574f', '49855e88-5da6-4a86-ab9e-a0f57e162daa']"
PT-1014-1551555,Owner Id,"['af049ea7-567d-46ce-890b-a61e22d609c3', 'b08c6d71-deaf-4a5e-8c49-ffb3cd489393']","['b08c6d71-deaf-4a5e-8c49-ffb3cd489393', 'af049ea7-567d-46ce-890b-a61e22d609c3']"
PT-1014-904584,Owner Id,"['dc3a649e-a524-4d2a-ab33-b0b8665f3082', '961a6b1c-89c8-4cb5-b33a-ace05bae04e9']","['961a6b1c-89c8-4cb5-b33a-ace05bae04e9', 'dc3a649e-a524-4d2a-ab33-b0b8665f3082']"
PT-1014-835722,Owner Id,"['94adec34-d7c5-4f88-8f39-fee41cfbb4a0', 'e754578a-0df7-4c7d-8765-a48518e40eab', 'd869a1ff-8125-4f20-a460-c1335f2baad0', '34eac405-988d-4870-a2f8-cba387f23fb7', '44fad1ce-e668-4392-85c8-fee6c840f7ca']","['e754578a-0df7-4c7d-8765-a48518e40eab', '34eac405-988d-4870-a2f8-cba387f23fb7', '94adec34-d7c5-4f88-8f39-fee41cfbb4a0', '44fad1ce-e668-4392-85c8-fee6c840f7ca', 'd869a1ff-8125-4f20-a460-c1335f2baad0']"
PT-1014-1026882,Owner Id,"['2f0d8867-5b0d-4978-8683-6a85952e56a5', '365478cd-2cca-41df-b16d-76e737abb60a']","['365478cd-2cca-41df-b16d-76e737abb60a', '2f0d8867-5b0d-4978-8683-6a85952e56a5']"
PT-1014-998930,Owner Id,"['e37bde15-0fe5-4763-a73f-9ecce467760a', 'f4535667-df1c-4af1-a572-d925e5507529', '08f3aee8-7500-4a06-b65d-53766f77ec0b']","['f4535667-df1c-4af1-a572-d925e5507529', 'e37bde15-0fe5-4763-a73f-9ecce467760a', '08f3aee8-7500-4a06-b65d-53766f77ec0b']"
PT-1014-892646,Owner Id,"['bde83dd3-dfc0-487c-88e6-7ffe7ffc69c6', 'cf1cbc01-d26d-496e-bd73-077777998a4f']","['cf1cbc01-d26d-496e-bd73-077777998a4f', 'bde83dd3-dfc0-487c-88e6-7ffe7ffc69c6']"
PT-1014-1235026,Owner Id,"['dd30710f-608f-479d-9278-27d2d9f6b82a', '7e43bcf7-57b8-49f3-9999-06c07faaaa81']","['7e43bcf7-57b8-49f3-9999-06c07faaaa81', 'dd30710f-608f-479d-9278-27d2d9f6b82a']"
PT-1014-714678,Owner Id,"['faf0c920-663a-422c-b903-d0a95396a3c1', '960b6f28-ac4b-48f9-be39-aa4a94d5e9b6', '9243434e-3c16-42c3-817b-4f4b5d599878', '35c286c9-44cf-4610-b7ea-8882a2b7d1ce']","['9243434e-3c16-42c3-817b-4f4b5d599878', '35c286c9-44cf-4610-b7ea-8882a2b7d1ce', 'faf0c920-663a-422c-b903-d0a95396a3c1', '960b6f28-ac4b-48f9-be39-aa4a94d5e9b6']"
PT-1014-709553,Owner Id,"['8c07e5b1-fee4-44cf-b95b-ba39bbe492ac', '23677fe0-295b-4373-9309-593a7a3e7f94', '65495e12-ea63-46b3-af54-95072a72357b']","['65495e12-ea63-46b3-af54-95072a72357b', '8c07e5b1-fee4-44cf-b95b-ba39bbe492ac', '23677fe0-295b-4373-9309-593a7a3e7f94']"
PT-1014-1350163,Owner Id,"['f4d119f2-4eba-4ebe-a23b-d48b4c200654', '64ce9233-5f4e-4e4f-b0a5-36d99aac8e46', '0b10dc7a-fb6e-4de7-95c8-755cb6a09530', '89ddbaad-2244-4fef-97b7-704b36d45419']","['0b10dc7a-fb6e-4de7-95c8-755cb6a09530', '89ddbaad-2244-4fef-97b7-704b36d45419', 'f4d119f2-4eba-4ebe-a23b-d48b4c200654', '64ce9233-5f4e-4e4f-b0a5-36d99aac8e46']"
PT-1014-769752,Owner Id,"['99092146-af68-4da6-b777-a26354bcbd12', '7175b1b6-8aa5-41c4-8d7f-476a669f2e02', '2ea77b78-eec8-40ef-829b-6f92055084d4', '226b4801-567e-435d-a195-1247860c622a', 'd079a19d-ffa6-4725-a2d8-3531e14fe423', '83dbd539-26c1-4588-b5dc-8637b49a3948']","['2ea77b78-eec8-40ef-829b-6f92055084d4', '7175b1b6-8aa5-41c4-8d7f-476a669f2e02', '226b4801-567e-435d-a195-1247860c622a', '99092146-af68-4da6-b777-a26354bcbd12', 'd079a19d-ffa6-4725-a2d8-3531e14fe423', '83dbd539-26c1-4588-b5dc-8637b49a3948']"
PT-1014-765923,Owner Id,"['3a35652f-341d-450a-8a86-a4b69c074c51', '4afb715f-33fc-44ad-b0d8-f06b58786b80']","['4afb715f-33fc-44ad-b0d8-f06b58786b80', '3a35652f-341d-450a-8a86-a4b69c074c51']"
PT-1014-1411668,Owner Id,"['38eb4801-46dc-4bac-baa7-82501c224e6c', 'b5e86a39-8b0c-48ea-b33a-011d1c8b83bf']","['b5e86a39-8b0c-48ea-b33a-011d1c8b83bf', '38eb4801-46dc-4bac-baa7-82501c224e6c']"
PT-1014-847473,Owner Id,"['4819aaf7-becf-43e4-8b89-641f45a45eaf', '67d67e49-dc0a-40b2-a2ad-7eb86b952db4', '5906c693-8f90-414d-b9f7-b112d02fe304', '399548c1-c5be-49d4-94d3-53cddd860dea']","['399548c1-c5be-49d4-94d3-53cddd860dea', '5906c693-8f90-414d-b9f7-b112d02fe304', '4819aaf7-becf-43e4-8b89-641f45a45eaf', '67d67e49-dc0a-40b2-a2ad-7eb86b952db4']"
PT-1014-708273,Owner Id,"['164f96cf-299c-4590-a955-46e9ea41ccc3', '07cdb8d6-d6d5-45b5-8ea8-e3385d2146be', 'af1d2ba3-6bb0-4d43-9343-87fd8d19906f']","['af1d2ba3-6bb0-4d43-9343-87fd8d19906f', '07cdb8d6-d6d5-45b5-8ea8-e3385d2146be', '164f96cf-299c-4590-a955-46e9ea41ccc3']"
PT-1014-1773206,Owner Id,"['119cae85-891e-49bf-9753-94272c193978', '7b1e9ff4-b297-4579-8d3f-8735ba7101c0', 'd4d282bc-c598-4861-9e8c-d14760afe995']","['7b1e9ff4-b297-4579-8d3f-8735ba7101c0', 'd4d282bc-c598-4861-9e8c-d14760afe995', '119cae85-891e-49bf-9753-94272c193978']"
PT-1014-844741,Owner Id,"['fcd2b288-4889-4d9e-977c-da1f41bf7f8d', '39e1ffff-b205-455d-937c-b4c19894f8ae']","['39e1ffff-b205-455d-937c-b4c19894f8ae', 'fcd2b288-4889-4d9e-977c-da1f41bf7f8d']"
PT-1014-779085,Owner Id,"['81ddb5ba-93f0-4228-9c72-d54134b7a060', '472a2817-cefc-4db9-91e9-79872794428e', 'fe5ff320-1a3e-4202-aca5-6b47499a2a93', 'bfdddb39-8d4f-4145-94bd-6d721c10c99e']","['fe5ff320-1a3e-4202-aca5-6b47499a2a93', 'bfdddb39-8d4f-4145-94bd-6d721c10c99e', '472a2817-cefc-4db9-91e9-79872794428e', '81ddb5ba-93f0-4228-9c72-d54134b7a060']"
PT-1014-908766,Owner Id,"['a11d1d37-38de-40ca-99d2-342d355542d6', '645c0441-a8b6-48b3-a0a2-c8463752dfaa']","['645c0441-a8b6-48b3-a0a2-c8463752dfaa', 'a11d1d37-38de-40ca-99d2-342d355542d6']"
PT-1014-834147,Owner Id,"['0e7e23bb-f353-4738-8109-df699bd5f717', '37f3fc51-9348-4e50-9d4d-aa8d9ad43f40']","['37f3fc51-9348-4e50-9d4d-aa8d9ad43f40', '0e7e23bb-f353-4738-8109-df699bd5f717']"
PT-1014-1463263,Owner Id,"['42da8939-ba49-4087-9f34-fd161db2dc0a', '89b2a2d3-ae7b-465c-a523-14f9f780c465']","['89b2a2d3-ae7b-465c-a523-14f9f780c465', '42da8939-ba49-4087-9f34-fd161db2dc0a']"
PT-1014-1135435,Owner Id,"['ebc4de65-b898-406d-a1f9-2a2aeabae395', '38a68842-d905-4c80-8c71-69f333130903']","['38a68842-d905-4c80-8c71-69f333130903', 'ebc4de65-b898-406d-a1f9-2a2aeabae395']"
PT-1014-983776,Owner Id,"['d28e82aa-9513-4533-b9d1-0b2d81223edd', 'd8e091cb-475c-4a17-8c92-c6f7144b09b9']","['d8e091cb-475c-4a17-8c92-c6f7144b09b9', 'd28e82aa-9513-4533-b9d1-0b2d81223edd']"
PT-1014-1133856,Owner Id,"['2dc04c54-57eb-470b-ae33-88f6fd0c6ee9', '2bb58e28-777c-4ae8-92b0-a4b73b37b0ac', '6e170e4d-7931-4221-a3e7-7ae00808fd8e']","['6e170e4d-7931-4221-a3e7-7ae00808fd8e', '2bb58e28-777c-4ae8-92b0-a4b73b37b0ac', '2dc04c54-57eb-470b-ae33-88f6fd0c6ee9']"
PT-1014-1541789,Owner Id,"['9068a0f5-413c-4d61-8440-db8da8ba5810', 'e0703f58-ebc7-4c1c-b538-8eb6dd692c10', 'f3885b57-1b99-4ed5-bd1e-43899cc2b196', '1119f6b7-5a28-43d1-9473-97707a5216fe']","['f3885b57-1b99-4ed5-bd1e-43899cc2b196', '9068a0f5-413c-4d61-8440-db8da8ba5810', '1119f6b7-5a28-43d1-9473-97707a5216fe', 'e0703f58-ebc7-4c1c-b538-8eb6dd692c10']"
PT-1014-989356,Owner Id,"['022d8d06-801b-42bc-985f-33ebf52f3427', '45c7c296-547d-4609-9631-5430d2f29672', '166128ef-7da6-448f-87b2-415684af0966', '2aa25959-4ae8-4f82-955e-d23221b690aa']","['022d8d06-801b-42bc-985f-33ebf52f3427', '166128ef-7da6-448f-87b2-415684af0966', '2aa25959-4ae8-4f82-955e-d23221b690aa', '45c7c296-547d-4609-9631-5430d2f29672']"
PT-1014-1319889,Owner Id,"['6c61d6a3-1013-417b-bf70-d4c8d5d16481', 'bfec2b88-ff9c-4957-8da7-0e99528e1a93', '59f2ba4b-05be-4bee-85c1-f424455428a9', '7e1c4306-19e7-437b-ae13-47573dc9ff07']","['bfec2b88-ff9c-4957-8da7-0e99528e1a93', '7e1c4306-19e7-437b-ae13-47573dc9ff07', '59f2ba4b-05be-4bee-85c1-f424455428a9', '6c61d6a3-1013-417b-bf70-d4c8d5d16481']"
PT-1014-907010,Owner Id,"['2980eb72-6667-4557-8011-a674a3339672', '0abd14d1-9747-4cf6-914b-8777c4efe645']","['0abd14d1-9747-4cf6-914b-8777c4efe645', '2980eb72-6667-4557-8011-a674a3339672']"
PT-1014-1519483,Owner Id,"['ac5342f8-8572-415c-b23c-db7204cb8e08', 'e78f3ba0-ccb5-4508-ad81-9a53cdc11848', '16075ce3-728e-43c5-81fd-b85d561b9ad7', '4a0d8547-14b4-4da0-9f68-7e30d98b483c']","['16075ce3-728e-43c5-81fd-b85d561b9ad7', '4a0d8547-14b4-4da0-9f68-7e30d98b483c', 'e78f3ba0-ccb5-4508-ad81-9a53cdc11848', 'ac5342f8-8572-415c-b23c-db7204cb8e08']"
PT-1014-1210772,Owner Id,"['d1ff7e6f-f925-4aff-8abc-91bf3a3a6745', 'ccb44513-2fea-4ae5-93a2-d1938d0d3bfa']","['ccb44513-2fea-4ae5-93a2-d1938d0d3bfa', 'd1ff7e6f-f925-4aff-8abc-91bf3a3a6745']"
PT-1014-1160773,Owner Id,"['eb6a4c36-4503-4364-b444-5ae8d50677b7', '0bb6c39f-04cc-4c89-b1a2-b176f911b1f2']","['0bb6c39f-04cc-4c89-b1a2-b176f911b1f2', 'eb6a4c36-4503-4364-b444-5ae8d50677b7']"
PT-1014-869420,Owner Id,"['8df5438c-ca32-4d81-a1d6-71005fb1eec8', '15ee96a3-e941-4f90-b8ab-d590aa38be2c']","['15ee96a3-e941-4f90-b8ab-d590aa38be2c', '8df5438c-ca32-4d81-a1d6-71005fb1eec8']"
PT-1014-886172,Owner Id,"['6f6ce520-b8e6-4bef-a1a4-ac6880b36a27', '50c8b566-c6d7-4c92-a28c-d85cf91f5823', 'ae72bc01-5f74-4ae9-8695-9365b6865d79', '8fdc008f-557b-43de-ad77-5e1f70582745']","['8fdc008f-557b-43de-ad77-5e1f70582745', 'ae72bc01-5f74-4ae9-8695-9365b6865d79', '50c8b566-c6d7-4c92-a28c-d85cf91f5823', '6f6ce520-b8e6-4bef-a1a4-ac6880b36a27']"
PT-1014-1040600,Owner Id,"['37498ecf-f45f-4634-8c5c-6cd413cc845a', '3b3c5fa3-7d23-4435-855d-84aaf728f993']","['3b3c5fa3-7d23-4435-855d-84aaf728f993', '37498ecf-f45f-4634-8c5c-6cd413cc845a']"
PT-1014-2269321,Owner Id,"['e8b0bf7f-fdca-4d82-804a-338fea2baf0f', '616941ea-fde8-4a86-bf2c-7e33042f44cd', 'cce50927-4617-4bfe-b13e-1fd1c9ac87f2']","['616941ea-fde8-4a86-bf2c-7e33042f44cd', 'e8b0bf7f-fdca-4d82-804a-338fea2baf0f', 'cce50927-4617-4bfe-b13e-1fd1c9ac87f2']"
PT-1014-1637295,Owner Id,"['1a74e44c-6b68-4267-811b-00b910243f4a', '026cc228-a5e5-4513-be8f-6a059e709180', 'd4b9c3ed-3af4-46a5-b3f2-ac08709829a5', '3d5f5d64-ef0c-44bd-8efc-87dbc66ea631', '19dc249a-7328-4b42-befa-ab2317bad93c']","['d4b9c3ed-3af4-46a5-b3f2-ac08709829a5', '026cc228-a5e5-4513-be8f-6a059e709180', '3d5f5d64-ef0c-44bd-8efc-87dbc66ea631', '19dc249a-7328-4b42-befa-ab2317bad93c', '1a74e44c-6b68-4267-811b-00b910243f4a']"
PT-1014-978834,Owner Id,"['c16d5f12-6def-49dd-90ec-7b8007862ff6', '312ec150-673a-4bae-991f-27cd0116f701', '2f99f2e2-3050-425c-8082-49bcc62ace94']","['2f99f2e2-3050-425c-8082-49bcc62ace94', 'c16d5f12-6def-49dd-90ec-7b8007862ff6', '312ec150-673a-4bae-991f-27cd0116f701']"
PT-1014-768832,Owner Id,"['46dfd787-edfc-40ea-9ea1-5704a99f232d', '19f92e58-6aea-43f8-97a9-d8ca3f043776']","['19f92e58-6aea-43f8-97a9-d8ca3f043776', '46dfd787-edfc-40ea-9ea1-5704a99f232d']"
PT-1014-2012735,Owner Id,"['5f853a36-cb3e-4849-adca-d3641e1403e8', 'da1f81c8-179c-4d85-aaaf-41e9af764cbe']","['da1f81c8-179c-4d85-aaaf-41e9af764cbe', '5f853a36-cb3e-4849-adca-d3641e1403e8']"
PT-1014-2073819,Owner Id,"['526e4bab-4a37-4001-b1ad-7d2b3dd1b981', 'e060d5a0-045a-46ab-b196-20c74d0cc65a']","['e060d5a0-045a-46ab-b196-20c74d0cc65a', '526e4bab-4a37-4001-b1ad-7d2b3dd1b981']"
PT-1014-909355,Owner Id,"['c89cf64a-094a-4f43-9c09-071216c61f7d', 'a7cf80e7-0cd9-4431-9046-e9011e05ce6b']","['a7cf80e7-0cd9-4431-9046-e9011e05ce6b', 'c89cf64a-094a-4f43-9c09-071216c61f7d']"
PT-1014-874796,Owner Id,"['5283bbec-0397-4545-a82c-6bde963a915d', 'c00d7ee3-0e2a-45b5-9d4f-15c3566132dd', 'b79d08fc-db5e-4f13-92b4-49a01dff056e']","['b79d08fc-db5e-4f13-92b4-49a01dff056e', 'c00d7ee3-0e2a-45b5-9d4f-15c3566132dd', '5283bbec-0397-4545-a82c-6bde963a915d']"
PT-1014-989377,Owner Id,"['6a095d7a-52db-4e34-84f0-a000101744c2', 'f6d1055a-9c14-460c-b344-1a4624b63ad1', '579b72cc-0349-4c78-904c-99a5693b3b6d']","['f6d1055a-9c14-460c-b344-1a4624b63ad1', '579b72cc-0349-4c78-904c-99a5693b3b6d', '6a095d7a-52db-4e34-84f0-a000101744c2']"
PT-1014-884018,Owner Id,"['c1b86edc-9b88-4dd7-a213-0be2b820250f', '627f64d2-cae4-485e-ac56-fd7aa69c9182']","['627f64d2-cae4-485e-ac56-fd7aa69c9182', 'c1b86edc-9b88-4dd7-a213-0be2b820250f']"
PT-1014-844855,Owner Id,"['6f192c33-7fb2-4c2f-9d07-59c29ac4ab32', 'e40fc3cc-b1ab-4072-857c-b53567e30394']","['e40fc3cc-b1ab-4072-857c-b53567e30394', '6f192c33-7fb2-4c2f-9d07-59c29ac4ab32']"
PT-1014-1230169,Owner Id,"['7cc7d324-5c11-4a4d-b919-08ded8e1f243', 'ac7f3c50-25fd-4e2b-9fa4-96531ed4c4b4']","['ac7f3c50-25fd-4e2b-9fa4-96531ed4c4b4', '7cc7d324-5c11-4a4d-b919-08ded8e1f243']"
PT-1014-1039124,Owner Id,"['5123e8b0-2b94-4016-a529-ce1a34c842f0', '18c7f0b7-11a9-4cbd-ac64-d1d6d8b290f2']","['18c7f0b7-11a9-4cbd-ac64-d1d6d8b290f2', '5123e8b0-2b94-4016-a529-ce1a34c842f0']"
PT-1014-982258,Owner Id,"['3d1bcbcc-e67a-438e-9824-1c494066c8ef', '134b090d-d755-454b-a4d4-b15d76eca50d']","['134b090d-d755-454b-a4d4-b15d76eca50d', '3d1bcbcc-e67a-438e-9824-1c494066c8ef']"
PT-1014-1412872,Owner Id,"['136af4c6-91cc-4612-b2ef-0064662bb8b7', 'bd28d967-ce13-46c7-ac23-c1fdf69ca926']","['bd28d967-ce13-46c7-ac23-c1fdf69ca926', '136af4c6-91cc-4612-b2ef-0064662bb8b7']"
PT-1014-1161028,Owner Id,"['3a614191-4b3f-4614-9b55-f9ae274af901', '37962f80-c9c5-41d4-b152-eee2983cc9c1']","['37962f80-c9c5-41d4-b152-eee2983cc9c1', '3a614191-4b3f-4614-9b55-f9ae274af901']"
PT-1014-1143556,Owner Id,"['6ac46562-3eeb-4d35-aa4e-71bc8f20123d', 'db52d734-f27a-4af1-aeea-4a54429cb25e', '1c2b4af9-8bba-407a-a673-a592eff3273b']","['1c2b4af9-8bba-407a-a673-a592eff3273b', '6ac46562-3eeb-4d35-aa4e-71bc8f20123d', 'db52d734-f27a-4af1-aeea-4a54429cb25e']"
PT-1014-878256,Owner Id,"['5c4f1094-56fe-4404-85f4-62e99ce6acac', 'a5683ee9-012e-4da4-96b0-10959a888abb', 'e2388e31-5ef7-4edd-9050-6cd5946acc06']","['a5683ee9-012e-4da4-96b0-10959a888abb', '5c4f1094-56fe-4404-85f4-62e99ce6acac', 'e2388e31-5ef7-4edd-9050-6cd5946acc06']"
PT-1014-876367,Owner Id,"['8e8c24bd-56e9-4128-8a0a-4b5b8fb7d15d', 'b9052fcb-50d2-41a2-bf2f-e532971d4c37']","['b9052fcb-50d2-41a2-bf2f-e532971d4c37', '8e8c24bd-56e9-4128-8a0a-4b5b8fb7d15d']"
PT-1014-915504,Owner Id,"['26fc225b-a2c1-4701-9fff-b9af380016ad', 'c2a12ab4-ca10-4309-8b4b-5b0f89299565', 'dd868813-dd69-4c93-a9f9-a85283c05e23']","['c2a12ab4-ca10-4309-8b4b-5b0f89299565', 'dd868813-dd69-4c93-a9f9-a85283c05e23', '26fc225b-a2c1-4701-9fff-b9af380016ad']"
PT-1014-1045565,Owner Id,"['48e82271-b65b-48ea-8e03-892bc6e88525', '2d17c9ae-1f4a-41b5-89e1-3185320e4619']","['2d17c9ae-1f4a-41b5-89e1-3185320e4619', '48e82271-b65b-48ea-8e03-892bc6e88525']"
PT-1014-779607,Owner Id,"['7a1e68f5-4aa2-4c12-a4d2-180e1e398168', 'd1aa3874-1bdc-4208-a5b6-7ccad8de35e0']","['d1aa3874-1bdc-4208-a5b6-7ccad8de35e0', '7a1e68f5-4aa2-4c12-a4d2-180e1e398168']"
PT-1014-1015435,Owner Id,"['4ac4e23b-fcb0-4251-9043-f40a3276cce6', 'c3201e42-5922-44df-aef4-6e4548399868', '284a70f5-e599-41c2-9fe8-b784f02d4a60', '7990463a-ce20-4844-b910-9ea9682accfb', '03635d94-52cb-4bf8-bbc6-24d11dd8dee7']","['4ac4e23b-fcb0-4251-9043-f40a3276cce6', '03635d94-52cb-4bf8-bbc6-24d11dd8dee7', 'c3201e42-5922-44df-aef4-6e4548399868', '284a70f5-e599-41c2-9fe8-b784f02d4a60', '7990463a-ce20-4844-b910-9ea9682accfb']"
PT-1014-914811,Owner Id,"['9733022f-52fa-4fd4-a530-5893288b771e', '3608e6ad-7b26-4757-a3ff-1ab43cca82e1']","['3608e6ad-7b26-4757-a3ff-1ab43cca82e1', '9733022f-52fa-4fd4-a530-5893288b771e']"
PT-1014-987738,Owner Id,"['685e766e-7f44-4314-9e04-ff60920cc71d', '3a67679f-feff-49e3-abc1-fb418888ee72']","['3a67679f-feff-49e3-abc1-fb418888ee72', '685e766e-7f44-4314-9e04-ff60920cc71d']"
PT-1014-1552328,Owner Id,"['888fc167-b446-4f64-a289-cd2a040a4669', 'fd6b2328-0965-4be2-b8be-15b94fa488fc']","['fd6b2328-0965-4be2-b8be-15b94fa488fc', '888fc167-b446-4f64-a289-cd2a040a4669']"
PT-1014-1040211,Owner Id,"['a5b6e1de-e0b4-474f-a083-8962f94833fe', '6c726378-34b3-4d7d-bbae-2b98b3276692']","['6c726378-34b3-4d7d-bbae-2b98b3276692', 'a5b6e1de-e0b4-474f-a083-8962f94833fe']"
PT-1014-2065748,Owner Id,"['293d437e-c4aa-4410-8942-38bd8cfa91c2', 'e7ed3ca2-140d-4328-b03c-f7991d57da70']","['e7ed3ca2-140d-4328-b03c-f7991d57da70', '293d437e-c4aa-4410-8942-38bd8cfa91c2']"
PT-1014-1023565,Owner Id,"['3a6e16ab-14d7-453f-8baa-c6933555b8c2', 'ac0a6ddd-ef1b-439b-8143-741b45947fe3', '66221c29-fa92-415f-a066-50234dd6147b', 'fdc676a0-c41b-49d0-a9c8-112396d312d6']","['fdc676a0-c41b-49d0-a9c8-112396d312d6', 'ac0a6ddd-ef1b-439b-8143-741b45947fe3', '66221c29-fa92-415f-a066-50234dd6147b', '3a6e16ab-14d7-453f-8baa-c6933555b8c2']"
PT-1014-895425,Owner Id,"['befcb9a6-41d2-4325-8df0-9428cbb5723e', '4941b879-6669-4152-9725-dff62199b947', 'b32c248f-e82e-4076-8213-a86e1d52c535']","['befcb9a6-41d2-4325-8df0-9428cbb5723e', 'b32c248f-e82e-4076-8213-a86e1d52c535', '4941b879-6669-4152-9725-dff62199b947']"
PT-1014-2001514,Owner Id,"['48756ca9-9d58-4460-9c06-6b2e3bda3977', 'c6480c3d-57b5-4dbc-8b82-a71955a37ec4']","['c6480c3d-57b5-4dbc-8b82-a71955a37ec4', '48756ca9-9d58-4460-9c06-6b2e3bda3977']"
PT-1014-2074574,Owner Id,"['118bc7a1-2726-47f1-b2f8-3064deddd706', '9ce25a60-8cb8-4e2c-9588-6a94d35ef324']","['9ce25a60-8cb8-4e2c-9588-6a94d35ef324', '118bc7a1-2726-47f1-b2f8-3064deddd706']"
PT-1014-714352,Owner Id,"['ec91fb4e-e686-4a41-997b-47b7e9692ade', '1782bba3-807b-49ae-b193-fc07175301ca', '26045d2f-e5f5-4242-b276-f74d500ca29f']","['26045d2f-e5f5-4242-b276-f74d500ca29f', '1782bba3-807b-49ae-b193-fc07175301ca', 'ec91fb4e-e686-4a41-997b-47b7e9692ade']"
PT-1014-1039641,Owner Id,"['8340116b-f379-46d0-a5b7-635287b6c471', 'd56788ba-0111-4a3f-ba57-a6ce8ad7fdaf', 'e7d11d95-3289-41a5-a6e1-88366436bb47', 'a8510329-6b43-4347-8585-b5162b95253f']","['a8510329-6b43-4347-8585-b5162b95253f', 'e7d11d95-3289-41a5-a6e1-88366436bb47', 'd56788ba-0111-4a3f-ba57-a6ce8ad7fdaf', '8340116b-f379-46d0-a5b7-635287b6c471']"
PT-1014-755096,Owner Id,"['89b2e502-93c0-4f39-bfba-c1b29b11c76b', '8835b45f-7c86-4e09-a8b8-81df2623e3d4']","['8835b45f-7c86-4e09-a8b8-81df2623e3d4', '89b2e502-93c0-4f39-bfba-c1b29b11c76b']"
PT-1014-1032248,Owner Id,"['d453d6f0-a86f-4aef-ae77-36e09fec4f26', '80278ab8-7194-4fac-a25c-d3e1823012f1']","['80278ab8-7194-4fac-a25c-d3e1823012f1', 'd453d6f0-a86f-4aef-ae77-36e09fec4f26']"
PT-1014-1134898,Owner Id,"['8a3eb351-9f51-42c0-b044-9c2e165bd6cf', 'b9fb7d1e-4529-49cf-b8e1-c8ac25b03017']","['b9fb7d1e-4529-49cf-b8e1-c8ac25b03017', '8a3eb351-9f51-42c0-b044-9c2e165bd6cf']"
PT-1014-1612310,Owner Id,"['cb444bcc-ec25-4976-b9c5-3e9726e1d442', '04ee92fd-5171-496e-814d-a9fda0fff5a9', 'de4096b5-1308-4a85-89af-9cbd9e47455d']","['04ee92fd-5171-496e-814d-a9fda0fff5a9', 'de4096b5-1308-4a85-89af-9cbd9e47455d', 'cb444bcc-ec25-4976-b9c5-3e9726e1d442']"
PT-1014-760729,Owner Id,"['2f97be65-f6fa-4758-a7cb-4c3bbc76c6f9', '7fa7e797-5086-4dd7-9f18-d251016adbe5']","['7fa7e797-5086-4dd7-9f18-d251016adbe5', '2f97be65-f6fa-4758-a7cb-4c3bbc76c6f9']"
PT-1014-1002293,Owner Id,"['13cb6ac2-fdbc-4f85-93d2-9847ee852ed4', 'fb5654dd-61cc-42f9-8d4a-dafbf0e5f990', 'a5351f1c-3bf1-40ee-a5bc-b85458258d0d', '5faf9304-0c67-45a4-a74e-3e8741bd94b7']","['a5351f1c-3bf1-40ee-a5bc-b85458258d0d', '13cb6ac2-fdbc-4f85-93d2-9847ee852ed4', '5faf9304-0c67-45a4-a74e-3e8741bd94b7', 'fb5654dd-61cc-42f9-8d4a-dafbf0e5f990']"
PT-1014-1542210,Owner Id,"['f49b3ac9-b338-4488-ae99-8dd003f10d4e', 'abbe8ff7-ffbc-4790-9525-85c17032fcaa', '09e45716-fa9b-466b-afc3-eee4c3d48c58', '24fcd05c-93e5-4379-a51f-1b4b87694c7d']","['f49b3ac9-b338-4488-ae99-8dd003f10d4e', '09e45716-fa9b-466b-afc3-eee4c3d48c58', 'abbe8ff7-ffbc-4790-9525-85c17032fcaa', '24fcd05c-93e5-4379-a51f-1b4b87694c7d']"
PT-1014-1255072,Owner Id,"['9e2bc516-32d0-4361-82e8-ec3c875162a3', 'ac4db240-c191-4e94-8a4b-90d277cb0700']","['ac4db240-c191-4e94-8a4b-90d277cb0700', '9e2bc516-32d0-4361-82e8-ec3c875162a3']"
PT-1014-1702193,Owner Id,"['9acce9d7-378d-4364-ba5e-c201206d459b', '14fcf520-aeaa-45ba-8850-946efd1e079f', '7aec7508-cabd-424d-a49c-e8027ec7ce7e']","['14fcf520-aeaa-45ba-8850-946efd1e079f', '9acce9d7-378d-4364-ba5e-c201206d459b', '7aec7508-cabd-424d-a49c-e8027ec7ce7e']"
PT-1014-995201,Owner Id,"['c9fcac87-f4dd-494d-867b-ef736d857600', '2d7f54ef-c8af-47ed-9f94-a284ee699588', '6f6db408-4fa4-4c8b-9e60-745783849890']","['6f6db408-4fa4-4c8b-9e60-745783849890', 'c9fcac87-f4dd-494d-867b-ef736d857600', '2d7f54ef-c8af-47ed-9f94-a284ee699588']"
PT-1014-1591500,Owner Id,"['5103c357-1ae6-438f-a1a8-f71627d0b770', 'a9a9205c-d63c-4fb0-a5a3-257b7fcf5624']","['a9a9205c-d63c-4fb0-a5a3-257b7fcf5624', '5103c357-1ae6-438f-a1a8-f71627d0b770']"
PT-1014-1026621,Owner Id,"['5a8eba3f-4871-4dc2-9e75-d69aa2d9e3bb', '3fb06f8e-698d-43fc-a1fa-87140ef6cbdf', '8087dc66-9f23-4fe1-8335-1b2975b74e71', '03536737-617d-4953-92a3-5ec169feff67']","['3fb06f8e-698d-43fc-a1fa-87140ef6cbdf', '8087dc66-9f23-4fe1-8335-1b2975b74e71', '03536737-617d-4953-92a3-5ec169feff67', '5a8eba3f-4871-4dc2-9e75-d69aa2d9e3bb']"
PT-1014-1003411,Owner Id,"['67274e0e-4ad7-4640-9e03-8af6a3950d97', '9b1d338e-9c73-4267-8f29-12557c35e498']","['9b1d338e-9c73-4267-8f29-12557c35e498', '67274e0e-4ad7-4640-9e03-8af6a3950d97']"
PT-1014-1416015,Owner Id,"['f4664855-292b-4eca-aaf3-04e9705018d9', 'f7e5dd29-f0b3-4591-8e43-bd1876842c78']","['f7e5dd29-f0b3-4591-8e43-bd1876842c78', 'f4664855-292b-4eca-aaf3-04e9705018d9']"
PT-1014-704328,Owner Id,"['6dfe120f-7af8-41e7-b797-c586364d54d9', '6f192c33-7fb2-4c2f-9d07-59c29ac4ab32', 'e40fc3cc-b1ab-4072-857c-b53567e30394']","['6dfe120f-7af8-41e7-b797-c586364d54d9', 'e40fc3cc-b1ab-4072-857c-b53567e30394', '6f192c33-7fb2-4c2f-9d07-59c29ac4ab32']"
PT-1014-2065453,Owner Id,"['86ec0b21-30ac-417f-b62d-9a7da881d0c0', '1ecd172f-c0aa-4827-8900-4b1221bc8095']","['1ecd172f-c0aa-4827-8900-4b1221bc8095', '86ec0b21-30ac-417f-b62d-9a7da881d0c0']"
PT-1014-1760447,Owner Id,"['04249e69-b4c1-4fdb-aefe-3bc60ace780f', '042adb99-af73-4490-958b-4d8dac2c01dc']","['042adb99-af73-4490-958b-4d8dac2c01dc', '04249e69-b4c1-4fdb-aefe-3bc60ace780f']"
PT-1014-996339,Owner Id,"['e529339b-db71-4d2b-862f-e36660d33f21', '463d29f0-1c5a-42c2-886f-cf434e221409', 'e229a4eb-8fe9-426e-884c-3d40adf71f4c', '4910a561-8cf2-4738-a3b5-67a7a520c1cd']","['4910a561-8cf2-4738-a3b5-67a7a520c1cd', 'e229a4eb-8fe9-426e-884c-3d40adf71f4c', '463d29f0-1c5a-42c2-886f-cf434e221409', 'e529339b-db71-4d2b-862f-e36660d33f21']"
PT-1014-1548178,Owner Id,"['33d41ee0-94fe-458b-b70d-99bbd308d914', '6638dfcd-20bc-4ffa-96ba-abfd812c0eca']","['6638dfcd-20bc-4ffa-96ba-abfd812c0eca', '33d41ee0-94fe-458b-b70d-99bbd308d914']"
PT-1014-1226048,Owner Id,"['e56a4bb5-85c6-4e2d-9108-34c15a4bb30b', '36c47f3e-3ca4-46ee-a1d7-57e3d6f010a2']","['36c47f3e-3ca4-46ee-a1d7-57e3d6f010a2', 'e56a4bb5-85c6-4e2d-9108-34c15a4bb30b']"
PT-1014-978925,Owner Id,"['f8afc2ef-a093-4eac-9882-1c47c0750782', '0b21d001-f4ee-4992-81c6-b7f085d2c510']","['0b21d001-f4ee-4992-81c6-b7f085d2c510', 'f8afc2ef-a093-4eac-9882-1c47c0750782']"
PT-1014-1398188,Owner Id,"['e1991b36-7a00-493a-a1b9-2d947190a7f6', 'e430fabf-255b-49b0-a673-664fbac8ba78']","['e430fabf-255b-49b0-a673-664fbac8ba78', 'e1991b36-7a00-493a-a1b9-2d947190a7f6']"
PT-1014-1211725,Owner Id,"['3bc51439-08f2-4c97-9aaa-c7a1c5caad6b', 'c5f0a4ed-cbee-40ee-99a1-95d8e3ac0852']","['c5f0a4ed-cbee-40ee-99a1-95d8e3ac0852', '3bc51439-08f2-4c97-9aaa-c7a1c5caad6b']"
PT-1014-882229,Owner Id,"['4372fbbe-cd80-4791-8ff2-5c5878f659f9', 'd45900df-d1f1-4733-b573-f775cc0dd9c3', '797fef3f-06f8-426d-84b6-fea406bf2252']","['797fef3f-06f8-426d-84b6-fea406bf2252', '4372fbbe-cd80-4791-8ff2-5c5878f659f9', 'd45900df-d1f1-4733-b573-f775cc0dd9c3']"
PT-1014-1776350,Owner Id,"['48eb0bf6-b30c-4699-ac0a-0d4207540d1b', '3e33fe53-063e-4105-abd1-08817643a5e0']","['3e33fe53-063e-4105-abd1-08817643a5e0', '48eb0bf6-b30c-4699-ac0a-0d4207540d1b']"
PT-1014-1030092,Owner Id,"['ec82f9a8-8788-4c11-a0ae-0da7f3de4ed6', 'dc143446-6582-4d04-92eb-38dfcd10a4b6', 'e67597f6-e3db-49a0-8b81-bbaf1484cd79']","['e67597f6-e3db-49a0-8b81-bbaf1484cd79', 'dc143446-6582-4d04-92eb-38dfcd10a4b6', 'ec82f9a8-8788-4c11-a0ae-0da7f3de4ed6']"
PT-1014-858316,Owner Id,"['1ccebdef-1b1d-4773-9ceb-877625b7c139', 'c15fcb67-a25c-4934-88b6-b0f2176c6e7d', 'c307943b-8851-466e-a4a2-059e5d7cdfaa']","['c15fcb67-a25c-4934-88b6-b0f2176c6e7d', 'c307943b-8851-466e-a4a2-059e5d7cdfaa', '1ccebdef-1b1d-4773-9ceb-877625b7c139']"
PT-1014-978387,Owner Id,"['8c083150-2a3d-4e08-a4e5-7c38e0df6956', '2bf880c7-8e76-417f-86f5-9bea7066ded0']","['2bf880c7-8e76-417f-86f5-9bea7066ded0', '8c083150-2a3d-4e08-a4e5-7c38e0df6956']"
PT-1014-891932,Owner Id,"['9c2bbd03-b4b3-4c1a-8e55-1a93793479af', '5f7c1693-5b0e-44ad-81c7-d36009cf9d4e']","['5f7c1693-5b0e-44ad-81c7-d36009cf9d4e', '9c2bbd03-b4b3-4c1a-8e55-1a93793479af']"
PT-1014-867532,Owner Id,"['754b1cd9-9ce0-4c93-9c03-de100fc1011b', 'df7aaf63-2001-4e66-b315-f8894adf4775', '3a8e3451-2cfe-4d16-8b3d-86c5ec1cf575', 'e2c2b1e4-725d-49f6-9788-db6e35bc14ac']","['3a8e3451-2cfe-4d16-8b3d-86c5ec1cf575', 'df7aaf63-2001-4e66-b315-f8894adf4775', '754b1cd9-9ce0-4c93-9c03-de100fc1011b', 'e2c2b1e4-725d-49f6-9788-db6e35bc14ac']"
PT-1014-903032,Owner Id,"['317d7d6b-c504-457b-9a95-4c7b5ffe4a5b', '07e58c3d-4c88-4f35-a207-c6ffba201137']","['07e58c3d-4c88-4f35-a207-c6ffba201137', '317d7d6b-c504-457b-9a95-4c7b5ffe4a5b']"
PT-1014-1002757,Owner Id,"['5e814b1d-5daf-4013-afc8-ada9bf0bbd27', '396091e0-b48c-4067-81fa-8b65218d7e1a']","['396091e0-b48c-4067-81fa-8b65218d7e1a', '5e814b1d-5daf-4013-afc8-ada9bf0bbd27']"
PT-1014-1625819,Owner Id,"['c2305ca0-296a-4f46-89cd-41f9e03664a4', 'bd34b7cb-43a0-4864-bef4-f2709fbf1a35']","['bd34b7cb-43a0-4864-bef4-f2709fbf1a35', 'c2305ca0-296a-4f46-89cd-41f9e03664a4']"
PT-1014-1223823,Owner Id,"['7e684ae5-634a-4f5e-a47b-ec293c4816f0', '4cb734b3-1d08-4fa2-9eed-0231a827c13c']","['4cb734b3-1d08-4fa2-9eed-0231a827c13c', '7e684ae5-634a-4f5e-a47b-ec293c4816f0']"
PT-1014-1143012,Owner Id,"['dd626360-1e75-44b5-9658-8288f93c3144', '839903da-751a-485c-9564-8fa1eb29016a']","['839903da-751a-485c-9564-8fa1eb29016a', 'dd626360-1e75-44b5-9658-8288f93c3144']"
PT-1014-1149511,Owner Id,"['cb51d4a4-198e-4f6f-b28d-b18f87987a5e', 'c8f4cab2-479d-4bc8-8a5b-0f9661d4e4f0', 'b28a1443-46d3-4b85-8093-d3bbe984406f']","['b28a1443-46d3-4b85-8093-d3bbe984406f', 'c8f4cab2-479d-4bc8-8a5b-0f9661d4e4f0', 'cb51d4a4-198e-4f6f-b28d-b18f87987a5e']"
PT-1014-988255,Owner Id,"['5542e120-3336-4b28-82d5-2feee45b21ab', 'cd7d67d1-d9aa-46fc-9ce8-76f351fffcad']","['cd7d67d1-d9aa-46fc-9ce8-76f351fffcad', '5542e120-3336-4b28-82d5-2feee45b21ab']"
PT-1014-2323422,Owner Id,"['97c5d474-a98b-4254-9b93-cef015e20a0a', '7e6b285b-0969-435f-aef4-963af727eb12']","['7e6b285b-0969-435f-aef4-963af727eb12', '97c5d474-a98b-4254-9b93-cef015e20a0a']"
PT-1014-1394976,Owner Id,"['79e3f0fa-4fea-4ae1-b5c6-e66c5c47b51f', 'e001c011-a93a-44b0-a6d5-9ca1113de4eb']","['e001c011-a93a-44b0-a6d5-9ca1113de4eb', '79e3f0fa-4fea-4ae1-b5c6-e66c5c47b51f']"
PT-1014-1477431,Owner Id,"['678ec5c8-4e33-4b15-ab93-75e62fb441f9', '91e840fb-f1e7-4b1d-9b3b-32a5f0110680']","['91e840fb-f1e7-4b1d-9b3b-32a5f0110680', '678ec5c8-4e33-4b15-ab93-75e62fb441f9']"
PT-1014-1033427,Owner Id,"['5a114c65-8182-40af-8d8b-9d78fb930bfa', '1a1bee20-a839-49d5-a36e-6f6a7d92d375']","['1a1bee20-a839-49d5-a36e-6f6a7d92d375', '5a114c65-8182-40af-8d8b-9d78fb930bfa']"
PT-1014-2062109,Owner Id,"['f47810a7-0d3c-456b-841d-0c33da51ef77', '9066d249-cec4-49a1-9556-1bc14d02c62b']","['9066d249-cec4-49a1-9556-1bc14d02c62b', 'f47810a7-0d3c-456b-841d-0c33da51ef77']"
PT-1014-979940,Owner Id,"['48a856ff-ced9-400b-b311-954c95298363', 'c76b9e55-3481-45c1-a45d-7835f824b414', 'fa959b3b-623d-4667-99ea-1d9e3cd81a87']","['c76b9e55-3481-45c1-a45d-7835f824b414', 'fa959b3b-623d-4667-99ea-1d9e3cd81a87', '48a856ff-ced9-400b-b311-954c95298363']"
PT-1014-894405,Owner Id,"['d914a02d-e642-4695-8bc1-53861789cdfb', 'daa6d0d8-75db-47a6-a5c5-247462dcb066', '12f2b464-f478-402c-ba9b-c10f76641688']","['12f2b464-f478-402c-ba9b-c10f76641688', 'd914a02d-e642-4695-8bc1-53861789cdfb', 'daa6d0d8-75db-47a6-a5c5-247462dcb066']"
PT-1014-1135863,Owner Id,"['1d35dbfe-3116-454a-915c-0009537c20d4', '828cc1e0-5335-4a59-9f51-5b7b56b0de5f', '889647f6-b1d1-48dd-bcec-16f044b45f78']","['889647f6-b1d1-48dd-bcec-16f044b45f78', '828cc1e0-5335-4a59-9f51-5b7b56b0de5f', '1d35dbfe-3116-454a-915c-0009537c20d4']"
PT-1014-1043933,Owner Id,"['688d2296-c9c0-4140-8811-5b3024cef572', '550616fa-3a9f-4c89-83d7-0b7bff39bf0a', 'b3fb4141-26ef-4a9e-82b9-1e6289c1b432']","['b3fb4141-26ef-4a9e-82b9-1e6289c1b432', '688d2296-c9c0-4140-8811-5b3024cef572', '550616fa-3a9f-4c89-83d7-0b7bff39bf0a']"
PT-1014-1040322,Owner Id,"['82c82c32-8db8-453b-832f-83b0f17e30a4', '98a7d806-eec1-4339-b0da-d8196b9c2669']","['98a7d806-eec1-4339-b0da-d8196b9c2669', '82c82c32-8db8-453b-832f-83b0f17e30a4']"
PT-1014-1701360,Owner Id,"['f3e7f0e0-1a79-4c9f-85da-baf9d79d61dd', '36b75fb2-6449-4f04-ba05-f6ace9589ec2']","['36b75fb2-6449-4f04-ba05-f6ace9589ec2', 'f3e7f0e0-1a79-4c9f-85da-baf9d79d61dd']"
PT-1014-1612242,Owner Id,"['cf47fba8-1909-406e-b537-877e9268fe39', '3b0d9014-f4fb-442e-ab46-b675c308f5e5', '617dc691-3bbc-48dc-9077-ec091c542fd4']","['3b0d9014-f4fb-442e-ab46-b675c308f5e5', 'cf47fba8-1909-406e-b537-877e9268fe39', '617dc691-3bbc-48dc-9077-ec091c542fd4']"
PT-1014-1678039,Owner Id,"['2e2f4b8e-01c9-4719-8b31-2d2b8aaa8c78', 'ecb063fe-e944-44b7-881f-6e1036f93d9c']","['ecb063fe-e944-44b7-881f-6e1036f93d9c', '2e2f4b8e-01c9-4719-8b31-2d2b8aaa8c78']"
PT-1014-1227614,Owner Id,"['96ce63ec-1f7a-420a-8e2a-680c376a584f', '9ce75883-a5d5-4c40-a414-3e92176fe292']","['9ce75883-a5d5-4c40-a414-3e92176fe292', '96ce63ec-1f7a-420a-8e2a-680c376a584f']"
PT-1014-2066093,Owner Id,"['eb63635e-71f9-4535-8b39-c0af50a063a6', 'ad2d0b99-9b9d-40e5-afdd-afd3c4d4c7d0', 'eef55de6-f887-4848-997a-5094b7ba6201']","['ad2d0b99-9b9d-40e5-afdd-afd3c4d4c7d0', 'eef55de6-f887-4848-997a-5094b7ba6201', 'eb63635e-71f9-4535-8b39-c0af50a063a6']"
PT-1014-998905,Owner Id,"['d3aa80ea-8d72-4cb4-9df7-fa21adbd92ad', 'cf3221c3-0f8a-4ffb-a55f-e62c781f2e1a', '4d8abed9-7cca-43f2-9487-ad554b02e6c9']","['d3aa80ea-8d72-4cb4-9df7-fa21adbd92ad', '4d8abed9-7cca-43f2-9487-ad554b02e6c9', 'cf3221c3-0f8a-4ffb-a55f-e62c781f2e1a']"
PT-1014-905545,Owner Id,"['5cbec872-1059-498f-972b-53b603340c9f', 'f1273197-cace-4120-88e5-e2070b44e270']","['f1273197-cace-4120-88e5-e2070b44e270', '5cbec872-1059-498f-972b-53b603340c9f']"
PT-1014-898990,Owner Id,"['e045a028-89d1-48ab-802e-a05b86929d01', '45f37bb7-8f58-4249-931a-684d62a89a59', 'f8661e3e-3a86-4154-b5ca-9dae84a8b6e9', 'ae1e2e45-67b2-4f88-b771-c84860d37864']","['e045a028-89d1-48ab-802e-a05b86929d01', 'ae1e2e45-67b2-4f88-b771-c84860d37864', 'f8661e3e-3a86-4154-b5ca-9dae84a8b6e9', '45f37bb7-8f58-4249-931a-684d62a89a59']"
PT-1014-1734623,Owner Id,"['4034d6fb-eeef-4350-9ca3-6e499be86dba', '1a3d7b0d-e651-43fe-95d4-8e8dc8ec0a8e']","['1a3d7b0d-e651-43fe-95d4-8e8dc8ec0a8e', '4034d6fb-eeef-4350-9ca3-6e499be86dba']"
PT-1014-1034814,Owner Id,"['5d1f9884-233b-41d3-b7f2-aec5597fa09b', '667701df-5bc2-4409-a0b2-d4b54c6648b8']","['667701df-5bc2-4409-a0b2-d4b54c6648b8', '5d1f9884-233b-41d3-b7f2-aec5597fa09b']"
PT-1014-981840,Owner Id,"['b88ce849-4493-4889-93df-988b67efa66b', 'c49f04ca-2e91-4a64-98b7-6268b71ddf74', 'b808ba3f-4327-43b6-973e-2a8258ae77e5', '3dcfa001-862a-4b38-9da9-8dd57e180ea2']","['3dcfa001-862a-4b38-9da9-8dd57e180ea2', 'c49f04ca-2e91-4a64-98b7-6268b71ddf74', 'b88ce849-4493-4889-93df-988b67efa66b', 'b808ba3f-4327-43b6-973e-2a8258ae77e5']"
PT-1014-1615702,Owner Id,"['973eb422-c277-4e8f-8ea4-6736b4136dad', '7388e7bf-a281-48e7-827f-0c40d6848e93']","['7388e7bf-a281-48e7-827f-0c40d6848e93', '973eb422-c277-4e8f-8ea4-6736b4136dad']"
PT-1014-877611,Owner Id,"['9f9cadd3-9bb5-47e6-baf8-232f21d53c0f', '7afde1a5-acea-494f-9ad9-cfb0becf1733']","['7afde1a5-acea-494f-9ad9-cfb0becf1733', '9f9cadd3-9bb5-47e6-baf8-232f21d53c0f']"
PT-1014-912030,Owner Id,"['7b377da0-9659-4c78-904c-5c4e372abee7', '2afe2fef-f90c-4425-97c0-45802d8dd101', 'f2ee6ce6-281c-4876-a138-700afcc5d957', '8673af2f-fd71-4aa5-b27c-a693e5f0f1e4', 'd0564926-e333-4f62-b29d-eb1b68c392a9', '51ab7249-5bbe-4c12-b2ae-a244bd7d9b1d']","['7b377da0-9659-4c78-904c-5c4e372abee7', '51ab7249-5bbe-4c12-b2ae-a244bd7d9b1d', '2afe2fef-f90c-4425-97c0-45802d8dd101', '8673af2f-fd71-4aa5-b27c-a693e5f0f1e4', 'f2ee6ce6-281c-4876-a138-700afcc5d957', 'd0564926-e333-4f62-b29d-eb1b68c392a9']"
PT-1014-1563343,Owner Id,"['e44aa14f-06e9-4caf-b7c6-928937c3693a', '2bc0f21d-caaa-47ac-9bce-df31e9fb6ad6']","['2bc0f21d-caaa-47ac-9bce-df31e9fb6ad6', 'e44aa14f-06e9-4caf-b7c6-928937c3693a']"
PT-1014-757782,Owner Id,"['874095fe-d74d-4fac-a762-74823026c1b8', 'a63d79d9-f01c-492d-96be-a0f0346c028f']","['a63d79d9-f01c-492d-96be-a0f0346c028f', '874095fe-d74d-4fac-a762-74823026c1b8']"
PT-1014-1575305,Owner Id,"['05a6758c-4cb7-469d-a460-793ca5f435c0', '7045fbbd-dd7c-458b-a698-57168b5efb87']","['7045fbbd-dd7c-458b-a698-57168b5efb87', '05a6758c-4cb7-469d-a460-793ca5f435c0']"
PT-1014-1753918,Owner Id,"['c0b5d57c-c35a-4c20-b8af-db73e300f2ae', 'c754694e-6eca-4e4f-8abf-4009bd5b7332']","['c754694e-6eca-4e4f-8abf-4009bd5b7332', 'c0b5d57c-c35a-4c20-b8af-db73e300f2ae']"
PT-1014-1592578,Owner Id,"['44d58ce2-0dff-452a-b707-9cc3d263f8fc', 'ea0a0629-c976-40bb-8c32-cdc320ef9482', 'b4386fd7-e18e-4e5d-b11b-10988368a2aa', 'd782ca2b-cae8-4e13-a84b-6189290de26b', 'e3cb061b-6213-4658-b188-f40744d59254', '8163bfed-3337-4040-b327-1a6c17d7c155']","['ea0a0629-c976-40bb-8c32-cdc320ef9482', 'd782ca2b-cae8-4e13-a84b-6189290de26b', '8163bfed-3337-4040-b327-1a6c17d7c155', 'e3cb061b-6213-4658-b188-f40744d59254', 'b4386fd7-e18e-4e5d-b11b-10988368a2aa', '44d58ce2-0dff-452a-b707-9cc3d263f8fc']"
PT-1014-765889,Owner Id,"['dcb9952d-b48e-465a-97c9-3e00a466b2f8', 'e15e80dc-a476-49fa-9bc0-0615acfc72ef', '8a7d75d8-88be-4dc9-8aba-f94d94419d3f']","['8a7d75d8-88be-4dc9-8aba-f94d94419d3f', 'e15e80dc-a476-49fa-9bc0-0615acfc72ef', 'dcb9952d-b48e-465a-97c9-3e00a466b2f8']"
PT-1014-1288190,Owner Id,"['1580cf85-8bfd-4f7b-b174-84dc47aa74fe', '971a8868-e78e-4da5-9dac-3d73f321376b', '2408e132-095f-49c6-9a09-25d33e0df8a3']","['2408e132-095f-49c6-9a09-25d33e0df8a3', '971a8868-e78e-4da5-9dac-3d73f321376b', '1580cf85-8bfd-4f7b-b174-84dc47aa74fe']"
PT-1014-874608,Owner Id,"['0e1c9b85-3193-4827-9005-a5e79f4e0eb7', '7433e7dd-5687-4daa-b55b-a5384115d25a', '8109f96e-e2dd-47c7-9e72-2dbcc46f9dfe']","['7433e7dd-5687-4daa-b55b-a5384115d25a', '8109f96e-e2dd-47c7-9e72-2dbcc46f9dfe', '0e1c9b85-3193-4827-9005-a5e79f4e0eb7']"
PT-1014-1230181,Owner Id,"['d271f28e-fe4b-439f-9681-c57831464d83', '724f6dae-b928-4588-a5d3-405ce502ba70']","['724f6dae-b928-4588-a5d3-405ce502ba70', 'd271f28e-fe4b-439f-9681-c57831464d83']"
PT-1014-834573,Owner Id,"['2c1e2396-9b92-4cf9-a848-43437ba2ceb2', 'fdbb3832-a64f-4419-b038-bc97a628e592']","['fdbb3832-a64f-4419-b038-bc97a628e592', '2c1e2396-9b92-4cf9-a848-43437ba2ceb2']"
PT-1014-2064175,Owner Id,"['c311f3a4-c1b8-4daf-ae47-3f5f55e3fc90', '016b9ef9-974a-4151-aabc-5b072bef017f']","['016b9ef9-974a-4151-aabc-5b072bef017f', 'c311f3a4-c1b8-4daf-ae47-3f5f55e3fc90']"
PT-1014-1694548,Owner Id,"['cfe6a0d8-c65d-4513-be41-7cd32ddf2757', '0aa39a0d-4eb6-4263-a229-fabf0003f8f2']","['0aa39a0d-4eb6-4263-a229-fabf0003f8f2', 'cfe6a0d8-c65d-4513-be41-7cd32ddf2757']"
PT-1014-1038552,Owner Id,"['03607017-932e-4643-b122-6b0151d0f256', '27eeb630-430f-468b-a015-d9e5b813b134']","['27eeb630-430f-468b-a015-d9e5b813b134', '03607017-932e-4643-b122-6b0151d0f256']"
PT-1014-1718347,Owner Id,"['945e3425-16d3-442b-8774-e1813e7f085b', '79ea95a8-68b0-4de0-81f3-ac06c615222d', 'f93a2751-f351-464f-95aa-902c576755d0']","['79ea95a8-68b0-4de0-81f3-ac06c615222d', 'f93a2751-f351-464f-95aa-902c576755d0', '945e3425-16d3-442b-8774-e1813e7f085b']"
PT-1014-1418758,Owner Id,"['b48ec4cb-4abb-4f49-a83f-51150912c574', 'a616b8d9-1eea-48f1-b035-b99a2adf9c34']","['a616b8d9-1eea-48f1-b035-b99a2adf9c34', 'b48ec4cb-4abb-4f49-a83f-51150912c574']"
PT-1014-985625,Owner Id,"['6a278fc2-ff50-41da-82c2-d09e85d0229e', 'a4cc28b5-be65-4e09-8ef7-2b6e736f5f9b']","['a4cc28b5-be65-4e09-8ef7-2b6e736f5f9b', '6a278fc2-ff50-41da-82c2-d09e85d0229e']"
PT-1014-1160690,Owner Id,"['52c85ab1-3069-4a26-b647-b8ba0bd364d7', 'f82feb78-2701-4b1d-97c9-30fb3c3a442c', 'c8fb13eb-b655-4e99-84f2-dde514eb182a']","['52c85ab1-3069-4a26-b647-b8ba0bd364d7', 'c8fb13eb-b655-4e99-84f2-dde514eb182a', 'f82feb78-2701-4b1d-97c9-30fb3c3a442c']"
PT-1014-1000391,Owner Id,"['c3bab66c-8056-43e7-b8c3-7b9755d77afc', '131ac8d6-2e63-4eee-b6bc-f0837f44f27c']","['131ac8d6-2e63-4eee-b6bc-f0837f44f27c', 'c3bab66c-8056-43e7-b8c3-7b9755d77afc']"
PT-1014-1591546,Owner Id,"['d3516cbf-e952-4fe9-a29e-4373454bd4d9', '878d5dae-82b9-4f6b-ac6a-de09fa1a67a3']","['878d5dae-82b9-4f6b-ac6a-de09fa1a67a3', 'd3516cbf-e952-4fe9-a29e-4373454bd4d9']"
PT-1014-1012561,Owner Id,"['180b3aa5-6ad4-412b-95b3-f74e5385bef6', '8ab68737-56b9-4c1d-b148-fd877b20da47']","['8ab68737-56b9-4c1d-b148-fd877b20da47', '180b3aa5-6ad4-412b-95b3-f74e5385bef6']"
PT-1014-757096,Owner Id,"['96890c8c-06f2-43c1-9c15-466315cf52d0', 'a45d6735-0b7d-4c10-bf83-4f74d362c6ac', 'c4534613-5668-4fd7-8a4a-6921a3020af4', 'b139d54b-0379-4f71-9236-d98b4faa4fd6']","['b139d54b-0379-4f71-9236-d98b4faa4fd6', 'a45d6735-0b7d-4c10-bf83-4f74d362c6ac', '96890c8c-06f2-43c1-9c15-466315cf52d0', 'c4534613-5668-4fd7-8a4a-6921a3020af4']"
PT-1014-1417543,Owner Id,"['f5a97f09-af7a-421f-b192-67f22ef30e79', 'bf98c65e-83fe-4f1b-8b71-ced3d6e8b2a7']","['bf98c65e-83fe-4f1b-8b71-ced3d6e8b2a7', 'f5a97f09-af7a-421f-b192-67f22ef30e79']"
PT-1014-2024246,Owner Id,"['04c5e1fa-da5c-458f-8522-77ebff49c4df', 'bd871c36-e0a3-461a-8056-fa64f44a2fd1']","['bd871c36-e0a3-461a-8056-fa64f44a2fd1', '04c5e1fa-da5c-458f-8522-77ebff49c4df']"
PT-1014-758083,Owner Id,"['9d327533-5d2a-4d74-b434-2aeca16d4b1f', '21f02811-9a5d-4f89-b6ee-b9dd5b911d19']","['21f02811-9a5d-4f89-b6ee-b9dd5b911d19', '9d327533-5d2a-4d74-b434-2aeca16d4b1f']"
PT-1014-2443168,Owner Id,"['e84a4d75-48a9-4931-a645-547e343ecdb9', 'e14c0e0a-0968-487d-b1d9-8e4d421ed83b']","['e14c0e0a-0968-487d-b1d9-8e4d421ed83b', 'e84a4d75-48a9-4931-a645-547e343ecdb9']"
PT-1014-1534082,Owner Id,"['bebc5c84-de05-4963-99bb-1df61a7d1a90', '7bc9c4dd-9229-41d7-8820-80918aad0ddd']","['7bc9c4dd-9229-41d7-8820-80918aad0ddd', 'bebc5c84-de05-4963-99bb-1df61a7d1a90']"
PT-1014-1687660,Owner Id,"['5487c7bf-6602-42d3-9d0d-794eb21e9730', '10b9aef5-4dc6-435a-8c06-317e67288ef7']","['10b9aef5-4dc6-435a-8c06-317e67288ef7', '5487c7bf-6602-42d3-9d0d-794eb21e9730']"
PT-1014-1552106,Owner Id,"['b1ef07b0-6884-468f-a482-605ceb4514ff', 'c606ece9-d015-4087-9bb5-f8b3800b7291']","['c606ece9-d015-4087-9bb5-f8b3800b7291', 'b1ef07b0-6884-468f-a482-605ceb4514ff']"
PT-1014-901140,Owner Id,"['ffac511d-e91d-43d7-b934-ceb000cf914b', '5e7b4bb7-1566-4bc4-8308-20e15ac13c6d']","['5e7b4bb7-1566-4bc4-8308-20e15ac13c6d', 'ffac511d-e91d-43d7-b934-ceb000cf914b']"
PT-1014-877954,Owner Id,"['a40ccada-5ade-48f6-9029-e5fb37421b2b', '676f0537-c84a-4c69-9eb3-1502da3ee2b7']","['676f0537-c84a-4c69-9eb3-1502da3ee2b7', 'a40ccada-5ade-48f6-9029-e5fb37421b2b']"
PT-1014-1205094,Owner Id,"['0deb4bfc-ad90-4200-b482-e76daf215712', 'b9ea6855-00bc-44d2-ae6d-71f193035719']","['b9ea6855-00bc-44d2-ae6d-71f193035719', '0deb4bfc-ad90-4200-b482-e76daf215712']"
PT-1014-852915,Owner Id,"['f487b41a-30d3-42d4-8988-971ca7b74e37', 'e216cfc3-2217-495e-a5d4-5359403aa707']","['e216cfc3-2217-495e-a5d4-5359403aa707', 'f487b41a-30d3-42d4-8988-971ca7b74e37']"
PT-1014-1729175,Owner Id,"['b39b0241-3353-4083-b2ca-3b14ed541a45', 'f121b800-8a19-4202-8870-4c6a4068dc2e']","['f121b800-8a19-4202-8870-4c6a4068dc2e', 'b39b0241-3353-4083-b2ca-3b14ed541a45']"
PT-1014-766238,Owner Id,"['5eff9458-3259-4640-8dfd-1b0155f1eef5', 'bc5f7392-2fa7-4d29-91d7-4dbf5f469247', '9e314bf8-ef44-4df3-8e64-2468ef7b49db', 'c50222ed-f551-4999-bde0-44c25b921fac']","['9e314bf8-ef44-4df3-8e64-2468ef7b49db', 'c50222ed-f551-4999-bde0-44c25b921fac', 'bc5f7392-2fa7-4d29-91d7-4dbf5f469247', '5eff9458-3259-4640-8dfd-1b0155f1eef5']"
PT-1014-989507,Owner Id,"['710e8b14-ddd7-456f-b6ca-2208330ab23f', '74f80062-c387-4ce3-abd7-0e506aba1616']","['74f80062-c387-4ce3-abd7-0e506aba1616', '710e8b14-ddd7-456f-b6ca-2208330ab23f']"
PT-1014-1222853,Owner Id,"['b8cf2f9a-ad61-443c-a7e1-1cdfc20b8a1b', 'a2c041ba-5142-447e-8a18-d669452269eb']","['a2c041ba-5142-447e-8a18-d669452269eb', 'b8cf2f9a-ad61-443c-a7e1-1cdfc20b8a1b']"
PT-1014-1152576,Owner Id,"['00566596-a142-4783-98c3-54514390800e', '1c7af7da-7ea7-4b2a-8d85-b2874da9e32b']","['1c7af7da-7ea7-4b2a-8d85-b2874da9e32b', '00566596-a142-4783-98c3-54514390800e']"
PT-1014-1153905,Owner Id,"['f2f67b83-b155-485b-9226-c1705496e93a', 'becdc5f5-4aea-42c9-a4c9-0807fb0aa2a2']","['becdc5f5-4aea-42c9-a4c9-0807fb0aa2a2', 'f2f67b83-b155-485b-9226-c1705496e93a']"
PT-1014-1134523,Owner Id,"['c300a651-89ba-43ca-8b4f-147f8f6e9385', '5ec0d528-2049-401f-ab9d-01c168f6cfa5', '39b13872-e84b-4576-bdec-725510e2bc7f']","['5ec0d528-2049-401f-ab9d-01c168f6cfa5', '39b13872-e84b-4576-bdec-725510e2bc7f', 'c300a651-89ba-43ca-8b4f-147f8f6e9385']"
PT-1014-2451423,Owner Id,"['aa201af6-ff47-4283-b61e-78a5949c5f95', '81d27f9d-543c-4ab3-9b3d-05af9f8a80d5']","['81d27f9d-543c-4ab3-9b3d-05af9f8a80d5', 'aa201af6-ff47-4283-b61e-78a5949c5f95']"
PT-1014-2075808,Owner Id,"['fe6d8955-18ce-4f21-9fc5-4594fe21fb64', '0fad8690-327e-4db2-96a2-29e205dd7594']","['0fad8690-327e-4db2-96a2-29e205dd7594', 'fe6d8955-18ce-4f21-9fc5-4594fe21fb64']"
PT-1014-1605093,Owner Id,"['deb9631a-5fd7-4f13-8d15-121660d64b1f', 'a57b6cd6-5519-495f-b6cd-68d4ba1f0750', '1a82b39e-01d4-4a92-825e-6cb2d550f6a5']","['1a82b39e-01d4-4a92-825e-6cb2d550f6a5', 'deb9631a-5fd7-4f13-8d15-121660d64b1f', 'a57b6cd6-5519-495f-b6cd-68d4ba1f0750']"
