Property ID,Owner Id,Locality,Plot size,Propertyusagetype,Creation date,2013-14,2014-15,2015-16,2016-17,2017-18,2018-19,2019-20,2020-21,2021-22,2022-23,2023-24,2024-25,IsDefaulter
PT-1014-1000444,['a12119c7-0c74-4d8b-bb1f-80f5eba95548'],['PLC131'],800.0,RESIDENTIAL,2020-11-10,,,,,,Yes,Yes,Yes,Yes,Yes,Yes,No,Yes
PT-1014-1000458,['feb0c0f5-6ae0-40f1-839b-4974c3d002f1'],['PLC131'],460.0,RESIDENTIAL,2020-11-10,,,,,,Yes,Yes,Yes,Yes,Yes,Yes,No,Yes
PT-1014-1000465,['f9b625e6-1ba5-4e0e-9dd1-a245e5ad6b43'],['PLC81'],140.0,RESIDENTIAL,2020-11-10,,,,,,Yes,Yes,Yes,Yes,Yes,Yes,No,Yes
PT-1014-1001321,['07ef887d-bfee-4267-8993-cbef26edaede'],['PLC82'],150.0,RESIDENTIAL,2020-11-13,Yes,Yes,Yes,Yes,Yes,Yes,Yes,Yes,Yes,No,No,Yes,Yes
PT-1014-1001702,['fdb17e6c-a902-4b1b-9bf2-447d2d661037'],['PLC51'],400.0,NONRESIDENTIAL.COMMERCIAL,2025-03-28,,,,,,,Yes,Yes,"Demand not generated, hence not paid",Yes,Yes,Yes,Yes
PT-1014-1004687,['d88a6260-c81a-4434-87c6-45409924fc18'],['PLC30'],38.7,NONRESIDENTIAL.COMMERCIAL,2020-12-01,,,,,Yes,Yes,Yes,Yes,Yes,Yes,Yes,No,Yes
PT-1014-1004931,['784e643a-1199-4554-81ae-31cba85ce9de'],['PLC134'],25.0,NONRESIDENTIAL.COMMERCIAL,2020-12-02,,,,,,,Yes,Yes,Yes,Yes,No,Yes,Yes
PT-1014-1005481,['dd10153c-8ca6-4907-b669-7207bb72dc0b'],['PLC145'],31.4,NONRESIDENTIAL.COMMERCIAL,2025-05-08,,,,,,,Yes,Yes,"Demand not generated, hence not paid",Yes,Yes,Yes,Yes
PT-1014-1006269,['9df8b4b2-d79c-4c93-ad1f-66c8ff70dcd4'],['PLC4'],80.0,RESIDENTIAL,2020-12-09,,Yes,Yes,Yes,Yes,Yes,Yes,Yes,"Demand not generated, hence not paid","Demand not generated, hence not paid",Yes,"Demand not generated, hence not paid",Yes
PT-1014-1007250,['5740f6a5-5d03-4f0c-b3d9-2c21b455a0d4'],['PLC210'],200.0,RESIDENTIAL,2025-01-21,,,,,Yes,Yes,Yes,Yes,Yes,"Demand not generated, hence not paid","Demand not generated, hence not paid","Demand not generated, hence not paid",Yes
PT-1014-1009098,['c46b0333-5fe2-493a-b78b-f74e73590d64'],['PLC182'],15.0,NONRESIDENTIAL.COMMERCIAL,2020-12-22,,,,,,,Yes,Yes,Yes,Yes,Yes,No,Yes
PT-1014-1009428,['db9d0567-b940-44b0-ab22-70ff2339d075'],['PLC155'],163.0,RESIDENTIAL,2025-08-05,,Yes,Yes,Yes,Yes,Yes,Yes,Yes,Yes,"Demand not generated, hence not paid",Yes,Yes,Yes
PT-1014-1010345,['00ec4b5b-0e0b-4716-aea1-fb964b42139f'],['PLC2'],250.0,RESIDENTIAL,2020-12-24,,,Yes,Yes,Yes,Yes,Yes,Yes,Yes,Yes,Yes,No,Yes
PT-1014-1010728,['dd54f9cc-db56-488d-876f-fa78b8d0cea5'],['PLC47'],423.0,MIXED,2020-12-28,,,,,Yes,Yes,Yes,Yes,"Demand not generated, hence not paid",Yes,Yes,Yes,Yes
PT-1014-1010889,['17b6d03f-9196-46b8-aa65-e0f1c91fb837'],['PLC159'],50.0,NONRESIDENTIAL.COMMERCIAL,2021-08-04,,,,,,,Yes,Yes,"Demand not generated, hence not paid",Yes,Yes,Yes,Yes
PT-1014-1011331,['031c3688-cf3e-4545-a2a5-325b64affcf4'],['PLC136'],100.0,RESIDENTIAL,2020-12-29,,,,,,,Yes,Yes,Yes,Yes,"Demand not generated, hence not paid",Yes,Yes
PT-1014-1011607,['15704f8d-c955-44f0-8280-2620763978ba'],['PLC134'],202.0,RESIDENTIAL,2020-12-29,,,Yes,Yes,Yes,Yes,Yes,Yes,Yes,Yes,Yes,No,Yes
PT-1014-1012561,"['180b3aa5-6ad4-412b-95b3-f74e5385bef6', '8ab68737-56b9-4c1d-b148-fd877b20da47']",['PLC129'],101.2,MIXED,2020-12-31,,,,,,,Yes,Yes,"Demand not generated, hence not paid",Yes,Yes,Yes,Yes
PT-1014-1014272,['9cdb702d-ec59-4c04-a366-16d25fb33aaa'],['PLC73'],550.0,NONRESIDENTIAL.COMMERCIAL,2024-09-25,,,,,,,Yes,Yes,Yes,"Demand not generated, hence not paid",Yes,Yes,Yes
PT-1014-1015038,['5a81b9fd-0937-4356-b807-f134453cd76b'],['PLC151'],142.0,RESIDENTIAL,2021-01-08,,,,,,,Yes,Yes,Yes,Yes,No,No,Yes
PT-1014-1015214,['9547debc-80e4-4465-be04-16b340db5009'],['PLC82'],150.0,RESIDENTIAL,2022-07-19,,Yes,Yes,Yes,Yes,Yes,Yes,Yes,Yes,Yes,Yes,No,Yes
PT-1014-1015492,['7678f158-77f9-4e98-a548-798a1def5713'],['PLC144'],20.0,NONRESIDENTIAL.COMMERCIAL,2021-01-11,,,,Yes,Yes,Yes,Yes,Yes,Yes,Yes,Yes,No,Yes
PT-1014-1015495,['7111bb41-0774-4b6a-96f5-95480db91a38'],['PLC206'],160.0,RESIDENTIAL,2021-01-11,,,,,Yes,Yes,Yes,Yes,Yes,Yes,Yes,No,Yes
PT-1014-1015531,['cfbf7381-27b9-40ce-8fbd-72ae0f31f310'],['PLC136'],200.0,RESIDENTIAL,2021-01-11,,,,Yes,Yes,Yes,"Demand not generated, hence not paid",Yes,Yes,Yes,Yes,Yes,Yes
PT-1014-1015646,"['ebd6d40e-0b73-45c7-af9a-3aed785e3a14', '6244b116-07b1-46ed-a15b-01ee72c435d8', '0c086286-7bcb-461e-8ae9-cd4acf6ca823']",['PLC152'],102.0,RESIDENTIAL,2021-01-13,,Yes,Yes,Yes,Yes,Yes,Yes,Yes,Yes,Yes,Yes,No,Yes
PT-1014-1015666,['50fb1711-c272-4077-8806-501a551ee903'],['PLC185'],800.0,RESIDENTIAL,2025-08-06,,,,,Yes,Yes,Yes,Yes,Yes,"Demand not generated, hence not paid",Yes,Yes,Yes
PT-1014-1015968,['39d05265-5807-400e-b4cd-1fa0f07947a4'],['PLC82'],22.7,NONRESIDENTIAL.COMMERCIAL,2021-01-13,,,,,Yes,Yes,Yes,Yes,Yes,No,"Demand not generated, hence not paid",No,Yes
PT-1014-1016039,['31ddd107-a6b5-4302-8f6e-93ee2fcbb4c1'],['PLC206'],446.0,RESIDENTIAL,2021-01-13,,,,,Yes,Yes,Yes,Yes,Yes,Yes,"Demand not generated, hence not paid",Yes,Yes
PT-1014-1016292,['57b47052-27e7-497f-917b-2668289fa0a9'],['PLC142'],106.3,NONRESIDENTIAL.COMMERCIAL,2021-01-15,,,,,,Yes,Yes,Yes,Yes,Yes,Yes,No,Yes
PT-1014-1016950,"['e5ff9a3e-3e55-443b-8b8e-e789d2b67d9f', '37ff4892-477a-4609-b58b-d4569d9e40f7']",['PLC149'],607.0,RESIDENTIAL,2024-12-04,Yes,"Demand not generated, hence not paid","Demand not generated, hence not paid","Demand not generated, hence not paid",Yes,Yes,Yes,Yes,Yes,Yes,Yes,No,Yes
PT-1014-1016958,['37ff4892-477a-4609-b58b-d4569d9e40f7'],['PLC68'],101.2,MIXED,2024-12-04,Yes,Yes,Yes,Yes,Yes,Yes,Yes,Yes,Yes,Yes,Yes,No,Yes
PT-1014-1020382,['d3cbd5e2-6eb8-4a38-b728-d03ef0770268'],['PLC100'],70.0,MIXED,2025-01-07,,,,,Yes,Yes,Yes,Yes,"Demand not generated, hence not paid",Yes,Yes,Yes,Yes
PT-1014-1021644,['8523f515-f8c5-4a43-971b-a17467f4b0a1'],['PLC74'],220.0,RESIDENTIAL,2021-01-28,,,,,,Yes,Yes,Yes,"Demand not generated, hence not paid","Demand not generated, hence not paid",Yes,Yes,Yes
PT-1014-1025047,['6996001c-4763-438e-a21f-04134ac915ae'],['PLC159'],50.0,NONRESIDENTIAL.COMMERCIAL,2022-12-14,,,,,Yes,Yes,Yes,Yes,Yes,Yes,"Demand not generated, hence not paid",Yes,Yes
PT-1014-1025613,['40791b9a-57ab-41ff-ac7e-c0c350b3d5fd'],['PLC210'],200.0,RESIDENTIAL,2024-10-07,,,,,,,Yes,Yes,Yes,Yes,"Demand not generated, hence not paid",Yes,Yes
PT-1014-1026460,['6daa6433-1200-4e83-9f78-0c7e8ca932ce'],['PLC24'],22.6,NONRESIDENTIAL.COMMERCIAL,2021-02-12,,Yes,Yes,Yes,Yes,Yes,Yes,Yes,Yes,Yes,Yes,No,Yes
PT-1014-1027174,['aa25ca35-0ec8-4c31-8032-74f4c991b9e9'],['PLC50'],190.0,RESIDENTIAL,2021-02-17,,,,,Yes,Yes,Yes,Yes,Yes,Yes,Yes,No,Yes
PT-1014-1027458,['55c8f9cd-843b-49d2-939f-7df5afcbb624'],['PLC52'],366.7,MIXED,2024-09-10,,,,,Yes,Yes,Yes,Yes,Yes,"Demand not generated, hence not paid",Yes,Yes,Yes
PT-1014-1027762,['a85ab223-bc3d-452e-9712-b98b3def4e06'],['PLC58'],277.0,MIXED,2021-03-25,,,,,Yes,Yes,Yes,Yes,"Demand not generated, hence not paid","Demand not generated, hence not paid",Yes,Yes,Yes
PT-1014-1029033,['79445d3b-2f5e-4d24-af55-77442c38f098'],['PLC114'],150.0,RESIDENTIAL,2021-02-24,,,,,Yes,Yes,Yes,Yes,Yes,"Demand not generated, hence not paid","Demand not generated, hence not paid",Yes,Yes
PT-1014-1029372,['9abe3a6c-38b0-4bc2-8c53-c37b7dda70de'],['PLC113'],150.0,MIXED,2021-09-21,,Yes,Yes,Yes,Yes,Yes,Yes,Yes,Yes,"Demand not generated, hence not paid",Yes,Yes,Yes
PT-1014-1030500,['1e9f56e0-4667-487f-a38b-33477cc90a85'],['PLC137'],115.85,RESIDENTIAL,2024-01-08,,,,,,Yes,Yes,Yes,Yes,Yes,"Demand not generated, hence not paid",Yes,Yes
PT-1014-1030504,['02b1afc7-3aaf-41c2-b9aa-d19abede6a77'],['PLC137'],28.9,MIXED,2024-10-22,,,,,,Yes,Yes,Yes,Yes,Yes,"Demand not generated, hence not paid",Yes,Yes
PT-1014-1030661,['8d209e2c-9646-49e0-bbf7-6647d49f1017'],['PLC51'],242.7,NONRESIDENTIAL.COMMERCIAL,2021-03-03,,,,,Yes,Yes,Yes,Yes,"Demand not generated, hence not paid",Yes,Yes,Yes,Yes
PT-1014-1030941,['4e744d00-e440-4404-a509-b6403a86b689'],['PLC213'],28.2,NONRESIDENTIAL.COMMERCIAL,2021-03-04,,,,,,Yes,Yes,Yes,"Demand not generated, hence not paid","Demand not generated, hence not paid",Yes,Yes,Yes
PT-1014-1030979,['69dfef09-1c41-4b3d-b7b3-6c3ad55775d0'],['PLC38'],151.0,MIXED,2025-03-14,,,,,,,Yes,"Demand not generated, hence not paid",Yes,Yes,Yes,Yes,Yes
PT-1014-1031369,['183a90f9-6c07-41a0-af58-e73cf3715b2b'],['PLC61'],27.8,NONRESIDENTIAL.COMMERCIAL,2024-09-23,,,,,Yes,Yes,Yes,Yes,"Demand not generated, hence not paid","Demand not generated, hence not paid",Yes,Yes,Yes
PT-1014-1031780,['4028b6a4-b57d-4e11-91e2-5b0512877abc'],['PLC210'],14.3,NONRESIDENTIAL.COMMERCIAL,2021-03-08,,,,,Yes,Yes,Yes,Yes,"Demand not generated, hence not paid",Yes,Yes,Yes,Yes
PT-1014-1032424,['821da415-dc53-4fd6-9b0f-8976589f0de4'],['PLC144'],160.0,MIXED,2021-03-10,,,,Yes,Yes,Yes,Yes,Yes,"Demand not generated, hence not paid",Yes,Yes,Yes,Yes
PT-1014-1032495,['cd70e318-591c-417c-a015-d41785e67f1d'],['PLC210'],22.3,NONRESIDENTIAL.COMMERCIAL,2023-05-04,,,,,Yes,Yes,Yes,Yes,Yes,"Demand not generated, hence not paid",Yes,Yes,Yes
PT-1014-1033085,['184dca2b-83bd-4cb5-abbc-7d4b75201d2b'],['PLC125'],41.2,NONRESIDENTIAL.COMMERCIAL,2023-01-06,,,,,,,Yes,Yes,"Demand not generated, hence not paid",Yes,"Demand not generated, hence not paid",Yes,Yes
PT-1014-1033184,['74258df6-a24a-465c-8ea5-38d60f21234f'],['PLC76'],960.0,RESIDENTIAL,2024-07-04,,,,,Yes,Yes,Yes,Yes,"Demand not generated, hence not paid",Yes,Yes,Yes,Yes
PT-1014-1033329,['b1c4125a-f5b2-4b3c-963d-765dd96e34f2'],['PLC61'],211.0,RESIDENTIAL,2021-03-15,,,,,,,Yes,Yes,Yes,Yes,Yes,No,Yes
PT-1014-1033888,['e2bd4f7e-8a0d-4e9a-ba87-b82346451c6f'],['PLC183'],32.0,MIXED,2021-03-16,,,,,Yes,Yes,Yes,"Demand not generated, hence not paid",Yes,Yes,Yes,Yes,Yes
PT-1014-1034044,['8a517e4c-f574-41c9-b6b6-6a836eb4493c'],['PLC2'],233.0,RESIDENTIAL,2021-03-16,,Yes,Yes,Yes,Yes,Yes,Yes,Yes,Yes,Yes,"Demand not generated, hence not paid",Yes,Yes
PT-1014-1034271,['dd96ebd7-eef8-49c0-acc7-73ab1778e101'],['PLC189'],284.0,MIXED,2024-12-18,,,Yes,Yes,Yes,Yes,Yes,Yes,"Demand not generated, hence not paid",Yes,Yes,Yes,Yes
PT-1014-1034634,['84bc2b98-c86b-4f46-a6f2-f95e21a47825'],['PLC112'],222.0,RESIDENTIAL,2021-03-18,,,,,Yes,Yes,Yes,Yes,Yes,Yes,"Demand not generated, hence not paid",Yes,Yes
PT-1014-1034661,['f53d6dc5-0d24-4e6c-b810-8d0a888cdb17'],['PLC75'],20.0,NONRESIDENTIAL.COMMERCIAL,2021-03-18,,,,,Yes,Yes,Yes,Yes,Yes,Yes,Yes,No,Yes
PT-1014-1034730,['fd1c43b5-9c3a-4dd2-8e4e-2d4845ed9c86'],['PLC54'],35.0,NONRESIDENTIAL.COMMERCIAL,2021-03-18,,Yes,Yes,Yes,"Demand not generated, hence not paid","Demand not generated, hence not paid","Demand not generated, hence not paid",No,No,No,No,No,Yes
PT-1014-1034814,"['667701df-5bc2-4409-a0b2-d4b54c6648b8', '5d1f9884-233b-41d3-b7f2-aec5597fa09b']",['PLC81'],160.0,RESIDENTIAL,2021-03-18,,Yes,"Demand not generated, hence not paid","Demand not generated, hence not paid","Demand not generated, hence not paid","Demand not generated, hence not paid","Demand not generated, hence not paid",No,No,No,No,No,Yes
PT-1014-1034819,"['667701df-5bc2-4409-a0b2-d4b54c6648b8', '5d1f9884-233b-41d3-b7f2-aec5597fa09b']",['PLC81'],160.0,RESIDENTIAL,2021-03-18,,Yes,Yes,Yes,Yes,Yes,Yes,Yes,Yes,Yes,Yes,No,Yes
PT-1014-1034828,"['14185ffc-d536-430e-be80-831fdac081c3', '3b477b85-4a4f-41bb-8f3d-65d848a30af4']",['PLC76'],220.0,MIXED,2024-03-15,,,,,Yes,Yes,Yes,Yes,Yes,Yes,"Demand not generated, hence not paid",No,Yes
PT-1014-1035502,['e61d7694-6a5c-4b17-960a-671adb7bb3c5'],['PLC31'],500.0,MIXED,2023-03-17,,,,,,,Yes,Yes,Yes,Yes,Yes,No,Yes
PT-1014-1035513,"['2b145ba2-2ea6-48e7-8ef4-d705dc968893', '5349cbd1-f1b0-480e-9fbb-0c7222bcb48d', '8b9689d9-e0e0-4433-8279-0eee13389032']",['PLC38'],80.0,NONRESIDENTIAL.COMMERCIAL,2025-07-08,,Yes,Yes,Yes,Yes,Yes,Yes,Yes,Yes,Yes,"Demand not generated, hence not paid","Demand not generated, hence not paid",Yes
PT-1014-1036088,['e7159be2-3625-4eeb-ad76-a792e039e97d'],['PLC20'],76.7,NONRESIDENTIAL.COMMERCIAL,2024-03-29,,,,,,,Yes,Yes,Yes,Yes,"Demand not generated, hence not paid",Yes,Yes
PT-1014-1036342,['2ffa1044-1770-445c-bef6-cb89d746ee78'],['PLC38'],60.0,MIXED,2021-03-23,,,,,Yes,Yes,Yes,Yes,Yes,Yes,Yes,No,Yes
PT-1014-1036348,['01d5d2cd-bbd2-4ea0-ae06-f3d93b603476'],['PLC136'],160.0,RESIDENTIAL,2021-03-23,,,,,,,Yes,Yes,Yes,Yes,Yes,No,Yes
PT-1014-1036378,['0238a3a7-2176-46de-97b8-b7dd7b7bc962'],['PLC114'],40.0,NONRESIDENTIAL.COMMERCIAL,2024-06-03,,,,,,,Yes,Yes,Yes,"Demand not generated, hence not paid","Demand not generated, hence not paid",Yes,Yes
PT-1014-1036393,['3d495acd-e5df-40a4-ba81-e779edd455a5'],['PLC183'],487.0,MIXED,2024-02-02,,,,,,,Yes,Yes,"Demand not generated, hence not paid",Yes,Yes,Yes,Yes
PT-1014-1036751,['66180557-b4cf-41ed-b165-7ddfcc3e6121'],['PLC121'],31.2,NONRESIDENTIAL.COMMERCIAL,2021-03-24,,,,,,,Yes,Yes,Yes,"Demand not generated, hence not paid",Yes,Yes,Yes
PT-1014-1036808,['89925f8e-d4d3-4d2b-8f90-4a2bdd755dd0'],['PLC121'],25.4,NONRESIDENTIAL.COMMERCIAL,2021-03-24,,Yes,Yes,Yes,Yes,Yes,Yes,Yes,"Demand not generated, hence not paid",Yes,Yes,Yes,Yes
PT-1014-1036835,['d4c184a5-7a46-45b1-b817-c20ecd89549f'],['PLC173'],80.0,MIXED,2021-03-24,,,,,,,Yes,Yes,Yes,Yes,Yes,No,Yes
PT-1014-1037324,['7c51f4f7-0e79-439c-ab28-81ff95603826'],['PLC58'],126.0,NONRESIDENTIAL.COMMERCIAL,2024-08-14,,,,,Yes,Yes,Yes,Yes,Yes,Yes,"Demand not generated, hence not paid",Yes,Yes
PT-1014-1037444,['70661679-ffc4-4211-9e91-43accf35e0ab'],['PLC144'],30.0,NONRESIDENTIAL.COMMERCIAL,2021-03-25,,Yes,Yes,Yes,Yes,Yes,Yes,Yes,"Demand not generated, hence not paid",Yes,Yes,Yes,Yes
PT-1014-1037683,['1c0f9360-1724-4b7a-a413-4ced8d8beb3c'],['PLC24'],33.4,NONRESIDENTIAL.COMMERCIAL,2021-10-29,,,,,,,Yes,Yes,"Demand not generated, hence not paid",Yes,Yes,Yes,Yes
PT-1014-1037968,['711fe4f8-dc46-4b4d-b08f-e6322b8a501e'],['PLC68'],16.0,NONRESIDENTIAL.COMMERCIAL,2021-03-25,,Yes,Yes,"Demand not generated, hence not paid","Demand not generated, hence not paid","Demand not generated, hence not paid","Demand not generated, hence not paid",No,No,No,No,No,Yes
PT-1014-1038379,['f229e1c5-4b9b-4482-bbd8-55ec52ebf05b'],['PLC35'],44.5,NONRESIDENTIAL.COMMERCIAL,2021-03-26,,,,,Yes,Yes,Yes,Yes,Yes,Yes,Yes,No,Yes
PT-1014-1038454,['8cf98080-c619-4d9f-a71b-415cd69a414b'],['PLC182'],21.4,NONRESIDENTIAL.COMMERCIAL,2021-03-26,,,,,,Yes,Yes,Yes,Yes,Yes,Yes,No,Yes
PT-1014-1038821,"['abc0c39d-bc0c-4c9d-bf56-4037b62d72f2', '5ae5b25f-6708-4b8d-8581-d7bbabc324fd']",['PLC68'],300.0,RESIDENTIAL,2021-03-27,,Yes,Yes,Yes,Yes,Yes,No,No,No,No,No,No,Yes
PT-1014-1038856,['c0800e43-5840-4314-923a-ede24ad5b5a0'],['PLC54'],10.6,NONRESIDENTIAL.COMMERCIAL,2024-04-05,,,,,Yes,Yes,Yes,Yes,Yes,Yes,"Demand not generated, hence not paid",Yes,Yes
PT-1014-1038879,['0d17639a-ff60-4613-bdbb-68b84e6d9e9b'],['PLC72'],266.0,MIXED,2021-03-27,,,,,,,Yes,Yes,Yes,Yes,Yes,No,Yes
PT-1014-1039108,['537844ac-6607-4bf0-8bb8-c68e39b0119c'],['PLC187'],200.0,RESIDENTIAL,2021-03-29,,,,,,Yes,Yes,Yes,Yes,Yes,Yes,No,Yes
PT-1014-1039600,['a97f9c13-ba22-4f04-8f26-661cf7e91779'],['PLC98'],100.0,RESIDENTIAL,2021-03-30,,,,,,,Yes,Yes,Yes,Yes,Yes,No,Yes
PT-1014-1039885,['ab8a6710-d738-495e-b5bc-c05d845a6d9b'],['PLC52'],14.0,NONRESIDENTIAL.COMMERCIAL,2021-03-30,,Yes,Yes,Yes,Yes,Yes,Yes,Yes,"Demand not generated, hence not paid",Yes,Yes,Yes,Yes
PT-1014-1040103,['164f426f-4c82-44ae-96ef-d104337c7c98'],['PLC20'],22.0,NONRESIDENTIAL.COMMERCIAL,2021-03-30,,,,,,,Yes,"Demand not generated, hence not paid","Demand not generated, hence not paid","Demand not generated, hence not paid",Yes,Yes,Yes
PT-1014-1040127,['67a2bddc-b791-46e5-a01f-272f1ef4726f'],['PLC114'],2420.0,NONRESIDENTIAL.INSTITUTIONAL,2021-03-30,,,,,,,Yes,Yes,Yes,"Demand not generated, hence not paid",Yes,Yes,Yes
PT-1014-1041187,['e6fdf327-fe04-4f16-aa5b-3e948ffdaef5'],['PLC145'],229.7,MIXED,2021-03-31,,,,,,,Yes,Yes,"Demand not generated, hence not paid",Yes,Yes,Yes,Yes
PT-1014-1041191,"['35590473-1d2c-4e90-b1eb-3d6b13663cfe', '48ecd3ae-9ea0-43a4-a88f-a4519475ac50']",['PLC135'],220.0,RESIDENTIAL,2021-03-31,,,,Yes,Yes,Yes,Yes,Yes,Yes,Yes,Yes,No,Yes
PT-1014-1041351,['26b82a3c-3f27-4893-9106-cb22baae828b'],['PLC113'],16.0,NONRESIDENTIAL.COMMERCIAL,2025-03-24,,,,Yes,Yes,Yes,"Demand not generated, hence not paid",Yes,Yes,Yes,Yes,Yes,Yes
PT-1014-1041703,['fc6dd34a-341b-497e-8711-c09c1ac2294c'],['PLC135'],145.0,RESIDENTIAL,2021-03-31,,,,Yes,Yes,Yes,Yes,Yes,Yes,Yes,Yes,No,Yes
PT-1014-1041731,['0151221d-2084-4f04-b877-2546572f061f'],['PLC135'],162.0,RESIDENTIAL,2021-03-31,,,,Yes,Yes,Yes,Yes,Yes,Yes,Yes,Yes,No,Yes
PT-1014-1042607,['c1b62ca1-4c44-42d8-9e8c-ae90158f3bae'],['PLC188'],178.0,RESIDENTIAL,2021-04-06,,,,,,,Yes,Yes,Yes,Yes,Yes,No,Yes
PT-1014-1042699,['b3e9db93-b94f-4099-9a08-e89a5432512f'],['PLC19'],3000.0,NONRESIDENTIAL.INSTITUTIONAL,2025-05-26,,,,,,,Yes,Yes,Yes,"Demand not generated, hence not paid",Yes,Yes,Yes
PT-1014-1042936,['4b1c9acf-8d6e-4fac-b015-672d949351f7'],['PLC142'],800.0,MIXED,2021-04-06,,Yes,Yes,Yes,Yes,Yes,Yes,"Demand not generated, hence not paid",Yes,Yes,Yes,Yes,Yes
PT-1014-1043322,['14b8f3d8-a49f-42d8-8633-6a804584dfe3'],['PLC152'],197.0,RESIDENTIAL,2021-04-07,,,,Yes,Yes,Yes,Yes,Yes,Yes,Yes,Yes,No,Yes
PT-1014-1044384,['2106e013-2a06-48a6-aab0-0183a681d5cb'],['PLC114'],322.0,RESIDENTIAL,2021-04-15,,,,,Yes,Yes,Yes,Yes,Yes,Yes,"Demand not generated, hence not paid",Yes,Yes
PT-1014-1044407,['9d7080ab-5b34-4815-801b-b25e0f1e1e2b'],['PLC13'],100.0,RESIDENTIAL,2021-04-15,,,,,Yes,Yes,Yes,Yes,Yes,No,No,No,Yes
PT-1014-1044627,['530b299b-11c1-4109-94bf-84bc480ce67f'],['PLC72'],160.0,RESIDENTIAL,2023-09-04,,,,,,,Yes,Yes,Yes,Yes,"Demand not generated, hence not paid",Yes,Yes
PT-1014-1046001,['cf8c5c70-79d7-4295-9cc4-6e4d76ccd9ce'],['PLC142'],10.0,NONRESIDENTIAL.COMMERCIAL,2021-04-23,,,,Yes,Yes,Yes,"Demand not generated, hence not paid",No,No,No,No,No,Yes
PT-1014-1046395,['4b71dc80-f4dd-49a6-bbc8-70d886f30f85'],['PLC54'],27.2,NONRESIDENTIAL.COMMERCIAL,2021-04-28,,,,Yes,Yes,Yes,Yes,Yes,Yes,"Demand not generated, hence not paid",Yes,Yes,Yes
PT-1014-1096238,['02880abd-2a07-485f-b0a7-21e2449e24c5'],['PLC114'],266.0,RESIDENTIAL,2021-05-12,,,,,,,Yes,Yes,Yes,Yes,Yes,No,Yes
PT-1014-1096401,['caa77e65-b828-4f68-a9a4-8932fadec359'],['PLC210'],160.0,RESIDENTIAL,2025-04-30,,,,,Yes,Yes,Yes,Yes,Yes,Yes,Yes,"Demand not generated, hence not paid",Yes
PT-1014-1096977,['c9c3728a-30c9-4289-bb61-e4ac31926a09'],['PLC98'],160.0,RESIDENTIAL,2021-05-19,,,,Yes,Yes,Yes,Yes,Yes,"Demand not generated, hence not paid",Yes,Yes,Yes,Yes
PT-1014-1097950,['23f536c1-06c9-45d8-afe0-7d7ac77b7603'],['PLC108'],102.0,MIXED,2021-05-27,,Yes,Yes,Yes,Yes,Yes,Yes,Yes,Yes,"Demand not generated, hence not paid",Yes,Yes,Yes
PT-1014-1133306,['d8535b39-6650-4031-a3a9-7ba3fa6534de'],['PLC82'],91.67,NONRESIDENTIAL.COMMERCIAL,2024-08-27,,Yes,Yes,Yes,Yes,Yes,Yes,Yes,"Demand not generated, hence not paid",Yes,Yes,Yes,Yes
PT-1014-1134549,['600f2210-cb1d-4007-a50c-391cfc3444c8'],['PLC74'],200.0,NONRESIDENTIAL.COMMERCIAL,2021-06-18,,,,,,,Yes,Yes,"Demand not generated, hence not paid","Demand not generated, hence not paid",Yes,Yes,Yes
PT-1014-1134579,['6f8811fa-63f0-45da-830c-6bde51fb3f32'],['PLC105'],2005.0,NONRESIDENTIAL.INDUSTRIAL,2021-06-18,,,,,,Yes,Yes,Yes,Yes,Yes,No,Yes,Yes
PT-1014-1134583,['3f8cca5e-f769-455e-8c3c-a02282c43319'],['PLC136'],162.0,RESIDENTIAL,2021-06-18,,,,,,Yes,Yes,Yes,Yes,Yes,No,Yes,Yes
PT-1014-1135349,['8a468936-8400-488a-9e62-ee6105babc8e'],['PLC134'],58.4,NONRESIDENTIAL.COMMERCIAL,2023-04-12,,Yes,Yes,Yes,Yes,Yes,Yes,Yes,Yes,Yes,Yes,"Demand not generated, hence not paid",Yes
PT-1014-1135435,"['ebc4de65-b898-406d-a1f9-2a2aeabae395', '38a68842-d905-4c80-8c71-69f333130903']",['PLC98'],90.0,RESIDENTIAL,2021-06-23,,Yes,Yes,Yes,Yes,Yes,Yes,Yes,Yes,Yes,Yes,No,Yes
PT-1014-1135537,"['27d72e9f-4329-4443-a221-c0b57ac51e98', 'af1996bf-818b-4c40-b309-5f0db44127f2']",['PLC142'],642.0,MIXED,2021-06-25,,,,,Yes,Yes,Yes,Yes,"Demand not generated, hence not paid","Demand not generated, hence not paid",Yes,Yes,Yes
PT-1014-1135839,['961f019c-3ec5-445f-a457-8bb12c5a4274'],['PLC100'],34.0,NONRESIDENTIAL.INDUSTRIAL,2021-06-28,,Yes,Yes,Yes,Yes,Yes,Yes,Yes,Yes,"Demand not generated, hence not paid",Yes,Yes,Yes
PT-1014-1135981,"['38028a2b-745f-443d-828f-5578b39ebebd', '57352e29-1c89-40c0-994f-bff562756788', '6e9ed636-d241-4207-a225-145c43b02897', '04e1a811-3af2-4e04-addf-7f94a19ab5d4']",['PLC67'],77.8,NONRESIDENTIAL.COMMERCIAL,2021-06-28,,,,,,Yes,Yes,"Demand not generated, hence not paid","Demand not generated, hence not paid",Yes,Yes,Yes,Yes
PT-1014-1138589,['cd2629a5-e078-49db-9ba3-98cc82375d04'],['PLC108'],35.6,NONRESIDENTIAL.COMMERCIAL,2024-08-22,,,,,Yes,Yes,Yes,Yes,Yes,"Demand not generated, hence not paid",Yes,Yes,Yes
PT-1014-1140010,['011e0d5f-a13a-4151-9c3b-b10b4eb3b93b'],['PLC160'],55.0,RESIDENTIAL,2021-07-20,,No,No,No,"Demand not generated, hence not paid","Demand not generated, hence not paid","Demand not generated, hence not paid",No,No,No,No,No,Yes
PT-1014-1143012,"['dd626360-1e75-44b5-9658-8288f93c3144', '839903da-751a-485c-9564-8fa1eb29016a']",['PLC100'],17.0,NONRESIDENTIAL.COMMERCIAL,2021-08-04,,,,,,,Yes,Yes,Yes,"Demand not generated, hence not paid",Yes,Yes,Yes
PT-1014-1143569,['725902c0-c962-4d6e-a742-72cdcd07fcae'],['PLC210'],147.0,RESIDENTIAL,2021-08-06,,,,,,,,,,Yes,Yes,No,Yes
PT-1014-1144767,['66f39982-b2fe-405a-bffd-412d49905099'],['PLC74'],122.0,MIXED,2024-06-21,,,,,,,Yes,Yes,"Demand not generated, hence not paid",Yes,Yes,Yes,Yes
PT-1014-1144959,['a86c42db-3d05-4de0-9e75-1ce9b2baecde'],['PLC100'],27.0,NONRESIDENTIAL.COMMERCIAL,2023-10-05,,,,,,,Yes,Yes,Yes,"Demand not generated, hence not paid",Yes,Yes,Yes
PT-1014-1145519,['bae2045f-84f1-4f15-955a-0fcfc9e537fa'],['PLC112'],18.0,NONRESIDENTIAL.COMMERCIAL,2021-08-16,,Yes,"Demand not generated, hence not paid","Demand not generated, hence not paid","Demand not generated, hence not paid","Demand not generated, hence not paid","Demand not generated, hence not paid","Demand not generated, hence not paid",No,No,No,No,Yes
PT-1014-1145527,['fdc79b21-1155-4a64-b6df-60a80eab99f4'],['PLC112'],90.0,MIXED,2021-08-16,,Yes,"Demand not generated, hence not paid","Demand not generated, hence not paid","Demand not generated, hence not paid","Demand not generated, hence not paid","Demand not generated, hence not paid","Demand not generated, hence not paid",No,No,No,No,Yes
PT-1014-1146601,"['c003f56f-aa5d-4188-adb6-54e274eb77da', 'fd6952e6-6546-4248-acbd-399d769b08ae', '6b3edb45-19f0-4af3-8ccb-9aaf50188b89']",['PLC75'],98.0,RESIDENTIAL,2022-11-07,,Yes,Yes,Yes,Yes,Yes,Yes,Yes,Yes,Yes,"Demand not generated, hence not paid",Yes,Yes
PT-1014-1148110,['c54917ed-4ef2-4eea-9e35-586c6bd323da'],['PLC33'],250.0,RESIDENTIAL,2021-08-26,,,,,,,Yes,Yes,Yes,Yes,"Demand not generated, hence not paid",Yes,Yes
PT-1014-1150114,['16af966c-ff5b-4ae3-a1a8-11a0b913d44c'],['PLC210'],250.0,RESIDENTIAL,2022-08-03,,,,,Yes,Yes,Yes,Yes,Yes,"Demand not generated, hence not paid",Yes,Yes,Yes
PT-1014-1153519,['26b1ac9d-d4cf-459e-9e20-778060dccab3'],['PLC142'],200.0,MIXED,2021-09-17,,Yes,Yes,Yes,Yes,Yes,No,No,No,No,No,No,Yes
PT-1014-1154512,['24b3cd00-3dad-48a5-9579-82fd9e48c4a9'],['PLC152'],202.5,RESIDENTIAL,2023-07-27,,,,,Yes,Yes,Yes,Yes,Yes,"Demand not generated, hence not paid",Yes,Yes,Yes
PT-1014-1154534,['00974dd3-78ee-4eca-a810-59949e05c74d'],['PLC20'],46.7,NONRESIDENTIAL.COMMERCIAL,2024-08-22,,,,,,,Yes,Yes,"Demand not generated, hence not paid",Yes,Yes,Yes,Yes
PT-1014-1154719,"['edd31c13-af62-458d-bdd3-fc11c8b9962c', 'eb95bbd1-83f6-40f4-94f6-33021d05c9b3', '4d7825ad-45c1-40ac-8755-33e34e2ed800', 'ebb13e93-0d1c-424c-9e28-c874314254d1']",['PLC114'],1120.0,MIXED,2023-05-04,,,Yes,Yes,Yes,Yes,Yes,Yes,Yes,"Demand not generated, hence not paid",Yes,Yes,Yes
PT-1014-1156234,"['ad7f56be-e7d3-4cc3-9308-f9048ec1848f', '2da3fa44-6ce1-4b49-bf06-059203ae2fb1']",['PLC99'],100.0,RESIDENTIAL,2021-09-27,,,,,,,Yes,Yes,Yes,Yes,"Demand not generated, hence not paid",Yes,Yes
PT-1014-1157022,"['c4805176-5c90-4e4f-af70-7c6363faffed', '537fe2a1-75fd-4412-ba2e-8197dba32f58']",['PLC27'],200.0,RESIDENTIAL,2023-11-03,,Yes,Yes,Yes,Yes,Yes,Yes,Yes,Yes,Yes,"Demand not generated, hence not paid",Yes,Yes
PT-1014-1157523,"['79974ec2-520e-417a-a3d3-fec819232bce', 'd9ba5afe-3695-4f17-8b99-578c236739d4']",['PLC121'],80.0,NONRESIDENTIAL.COMMERCIAL,2021-09-29,,,,,,,,,,No,No,No,Yes
PT-1014-1157862,['ec859211-9d75-4163-bb10-f1602feeaf53'],['PLC103'],66.7,NONRESIDENTIAL.COMMERCIAL,2021-09-30,,,,,,,Yes,Yes,Yes,"Demand not generated, hence not paid",Yes,Yes,Yes
PT-1014-1161558,['4800a093-b625-4515-994e-134ac1041f23'],['PLC138'],340.0,NONRESIDENTIAL.INDUSTRIAL,2021-10-14,,,,,,,,Yes,Yes,"Demand not generated, hence not paid",Yes,Yes,Yes
PT-1014-1210135,"['c35dff33-8ae6-4c7d-be3c-a31967d31108', 'a10f2976-d446-46b9-8b66-da7f2994eae6']",['PLC142'],96.7,NONRESIDENTIAL.COMMERCIAL,2021-11-27,,,,,,Yes,Yes,Yes,Yes,Yes,Yes,No,Yes
PT-1014-1210155,['624debfc-df63-4134-a350-6d7a54370708'],['PLC206'],246.0,RESIDENTIAL,2021-11-29,,,,,Yes,Yes,Yes,Yes,Yes,"Demand not generated, hence not paid",Yes,Yes,Yes
PT-1014-1210437,"['024a555c-650d-471e-bd3b-db90299f8848', '736f9276-44c6-4e63-987f-286e3b128462', 'f55fdff4-5781-40e7-901a-fdb2ca350829']",['PLC101'],178.0,NONRESIDENTIAL.INDUSTRIAL,2021-11-29,,Yes,Yes,Yes,Yes,Yes,Yes,Yes,Yes,Yes,Yes,No,Yes
PT-1014-1210593,['eb8dc976-d8dc-41d7-a224-5756f0867830'],['PLC113'],80.0,RESIDENTIAL,2021-11-30,,,,,,,Yes,Yes,Yes,"Demand not generated, hence not paid",Yes,Yes,Yes
PT-1014-1210996,['e40a71b6-2ab0-410d-98ca-38a0f11cf658'],['PLC210'],22.7,NONRESIDENTIAL.COMMERCIAL,2025-06-23,,,,,Yes,"Demand not generated, hence not paid","Demand not generated, hence not paid","Demand not generated, hence not paid",Yes,Yes,Yes,Yes,Yes
PT-1014-1211818,['90413fd3-733e-4672-a205-ba82ac2d405c'],['PLC132'],600.0,RESIDENTIAL,2021-12-06,,,,,,Yes,"Demand not generated, hence not paid","Demand not generated, hence not paid","Demand not generated, hence not paid",Yes,Yes,No,Yes
PT-1014-1214097,['b225a9e6-b51c-41c6-9310-9243f911a0ed'],['PLC153'],110.0,RESIDENTIAL,2021-12-20,,Yes,Yes,Yes,Yes,Yes,Yes,Yes,Yes,"Demand not generated, hence not paid",Yes,Yes,Yes
PT-1014-1215068,['2fd5ca05-df41-4b81-ae2d-af8cb9d0d4b0'],['PLC13'],203.0,RESIDENTIAL,2021-12-23,,,,,,,Yes,Yes,Yes,"Demand not generated, hence not paid",Yes,Yes,Yes
PT-1014-1224460,['a23eace0-7894-474c-bbfb-fc1e333b1007'],['PLC76'],135.0,RESIDENTIAL,2022-02-25,,,,,,,Yes,Yes,Yes,Yes,"Demand not generated, hence not paid",Yes,Yes
PT-1014-1225292,['8c0012c8-2bcb-452d-93e6-de35beddeeef'],['PLC52'],202.6,NONRESIDENTIAL.COMMERCIAL,2025-03-12,,Yes,Yes,Yes,Yes,Yes,Yes,Yes,Yes,"Demand not generated, hence not paid",Yes,Yes,Yes
PT-1014-1225833,['d6c16c68-2d63-4f42-8d96-9694a5494216'],['PLC75'],34.7,NONRESIDENTIAL.COMMERCIAL,2022-03-07,,,,,,,,Yes,Yes,Yes,Yes,No,Yes
PT-1014-1227198,"['813d1324-7c40-4a24-8cad-f7791bb601d8', '2aa938ab-61da-485e-9661-e3bcd0d36f80']",['PLC106'],90.0,RESIDENTIAL,2023-02-23,Yes,Yes,Yes,Yes,Yes,Yes,Yes,Yes,Yes,Yes,Yes,No,Yes
PT-1014-1227895,"['a5a64bb6-5399-43a3-bb35-995e9e69975d', 'dfcab1b2-5278-4ef9-ac69-5182732cd7e2']",['PLC159'],185.0,NONRESIDENTIAL.COMMERCIAL,2025-02-14,,,,,,Yes,"Demand not generated, hence not paid",Yes,Yes,Yes,Yes,Yes,Yes
PT-1014-1228303,['55762f5e-bbe1-4aad-b03d-976db10bc0a0'],['PLC152'],650.0,RESIDENTIAL,2024-03-19,,Yes,Yes,Yes,Yes,Yes,Yes,Yes,Yes,Yes,Yes,No,Yes
PT-1014-1229799,['571bdfe4-5751-4db7-a9b0-f96a50aa22f3'],['PLC210'],500.0,RESIDENTIAL,2022-03-25,,,,,Yes,Yes,Yes,Yes,Yes,Yes,No,Yes,Yes
PT-1014-1229925,['d42ea865-af01-4bbd-8179-248cb434bd79'],['PLC152'],218.7,RESIDENTIAL,2022-12-30,,,,,,Yes,Yes,Yes,Yes,Yes,Yes,No,Yes
PT-1014-1230375,['51b7fc42-1917-4af3-ac1d-e71f280723a9'],['PLC175'],400.0,NONRESIDENTIAL.INDUSTRIAL,2022-03-30,,,,,Yes,Yes,Yes,Yes,Yes,Yes,Yes,No,Yes
PT-1014-1230379,['e48f82fc-0ec1-402a-a9b1-3def2f28db4b'],['PLC82'],250.0,RESIDENTIAL,2022-03-26,,,,,Yes,Yes,Yes,Yes,Yes,Yes,Yes,No,Yes
PT-1014-1230630,['dccd7739-12f3-46ad-a680-ab4e910acc61'],['PLC20'],426.0,RESIDENTIAL,2022-03-28,,Yes,Yes,Yes,Yes,Yes,Yes,Yes,Yes,Yes,No,No,Yes
PT-1014-1230873,['31e06c4b-92fe-4130-a2f6-5ee7a16dc56b'],['PLC42'],600.0,MIXED,2023-06-20,,Yes,Yes,Yes,Yes,Yes,Yes,Yes,Yes,"Demand not generated, hence not paid",Yes,Yes,Yes
PT-1014-1231231,['a489b836-67c3-407b-86f4-f0a5cd7fb93b'],['PLC157'],120.0,RESIDENTIAL,2022-03-29,,,,,,,Yes,Yes,Yes,Yes,Yes,No,Yes
PT-1014-1232005,['4279e76b-6c0c-4e9e-9156-7e069034a68a'],['PLC138'],118.0,NONRESIDENTIAL.INDUSTRIAL,2022-03-30,,,,,,,Yes,Yes,Yes,Yes,Yes,No,Yes
PT-1014-1232200,['9e1aca6f-ec92-4615-9705-c411a588f036'],['PLC182'],80.0,MIXED,2025-02-27,,Yes,Yes,Yes,Yes,Yes,Yes,Yes,Yes,Yes,Yes,No,Yes
PT-1014-1232954,['e9a9d564-e013-438c-923b-c1d4d1246876'],['PLC130'],264.0,RESIDENTIAL,2022-03-31,,,,,,,Yes,Yes,Yes,Yes,Yes,No,Yes
PT-1014-1235775,['55182049-9377-4fb0-8ab5-c1dc8ea9ea0b'],['PLC65'],170.0,RESIDENTIAL,2025-05-15,,,,,,,Yes,Yes,Yes,Yes,"Demand not generated, hence not paid","Demand not generated, hence not paid",Yes
PT-1014-1237029,['41f41503-1c0c-4fad-9ff2-35b185b3ba65'],['PLC206'],140.0,RESIDENTIAL,2022-04-22,,,,,Yes,Yes,Yes,Yes,Yes,Yes,"Demand not generated, hence not paid",No,Yes
PT-1014-1237938,['c0d448b1-4300-44ea-a1d5-d497505784dc'],['PLC153'],90.0,RESIDENTIAL,2022-04-26,Yes,"Demand not generated, hence not paid","Demand not generated, hence not paid","Demand not generated, hence not paid","Demand not generated, hence not paid","Demand not generated, hence not paid","Demand not generated, hence not paid","Demand not generated, hence not paid","Demand not generated, hence not paid",Yes,Yes,Yes,Yes
PT-1014-1238082,['1e151650-7f14-4b7d-8b2f-ac332d714363'],['PLC98'],60.0,RESIDENTIAL,2024-05-03,,,,Yes,Yes,Yes,Yes,Yes,Yes,Yes,"Demand not generated, hence not paid",Yes,Yes
PT-1014-1250765,['8bca20be-6c56-4bf5-ade5-72d38f3373ff'],['PLC192'],120.0,RESIDENTIAL,2022-06-17,Yes,"Demand not generated, hence not paid","Demand not generated, hence not paid","Demand not generated, hence not paid","Demand not generated, hence not paid","Demand not generated, hence not paid","Demand not generated, hence not paid","Demand not generated, hence not paid","Demand not generated, hence not paid","Demand not generated, hence not paid",Yes,Yes,Yes
PT-1014-1288190,"['1580cf85-8bfd-4f7b-b174-84dc47aa74fe', '971a8868-e78e-4da5-9dac-3d73f321376b', '2408e132-095f-49c6-9a09-25d33e0df8a3']",['PLC173'],108.4,NONRESIDENTIAL.COMMERCIAL,2022-07-20,,,,Yes,Yes,Yes,Yes,Yes,Yes,"Demand not generated, hence not paid",Yes,Yes,Yes
PT-1014-1357839,['1d548c2a-b426-49a6-b28c-97535a374637'],['PLC52'],60.0,RESIDENTIAL,2023-02-22,Yes,"Demand not generated, hence not paid","Demand not generated, hence not paid","Demand not generated, hence not paid","Demand not generated, hence not paid","Demand not generated, hence not paid","Demand not generated, hence not paid","Demand not generated, hence not paid","Demand not generated, hence not paid","Demand not generated, hence not paid",Yes,Yes,Yes
PT-1014-1371186,['c5f5cefb-1dc8-415d-a9fc-ebecf26aa382'],['PLC14'],163.0,RESIDENTIAL,2022-07-18,,,,,,,Yes,Yes,Yes,Yes,No,Yes,Yes
PT-1014-1393527,['5ff2d77e-6261-4416-af3e-19593cb2ffd2'],['PLC108'],80.0,NONRESIDENTIAL.COMMERCIAL,2024-10-09,,,,,,,,Yes,Yes,Yes,"Demand not generated, hence not paid",Yes,Yes
PT-1014-1395974,['ccf0b7e0-924b-4da1-8be1-360f4bc4d59c'],['PLC74'],76.0,RESIDENTIAL,2022-07-27,,,,,,Yes,Yes,Yes,Yes,Yes,"Demand not generated, hence not paid",Yes,Yes
PT-1014-1396117,['cce3afc9-6f30-4237-b647-3cf393521fdf'],['PLC200'],95.3,NONRESIDENTIAL.COMMERCIAL,2024-09-18,Yes,"Demand not generated, hence not paid","Demand not generated, hence not paid","Demand not generated, hence not paid",Yes,Yes,Yes,Yes,Yes,"Demand not generated, hence not paid",Yes,Yes,Yes
PT-1014-1399526,['f56c515e-4e25-4d30-9a9f-e25c2ec0df0b'],['PLC65'],233.4,RESIDENTIAL,2022-08-05,Yes,Yes,Yes,Yes,Yes,Yes,"Demand not generated, hence not paid","Demand not generated, hence not paid","Demand not generated, hence not paid","Demand not generated, hence not paid","Demand not generated, hence not paid",Yes,Yes
PT-1014-1409650,['a45ac508-f5a5-4f4b-8eb6-ed053439afe6'],['PLC152'],91.0,RESIDENTIAL,2023-08-01,Yes,Yes,Yes,Yes,Yes,Yes,Yes,Yes,Yes,Yes,"Demand not generated, hence not paid","Demand not generated, hence not paid",Yes
PT-1014-1412465,['646ca662-407e-4523-a7c0-61e2635d1568'],['PLC122'],34.2,RESIDENTIAL,2022-09-03,Yes,"Demand not generated, hence not paid","Demand not generated, hence not paid","Demand not generated, hence not paid","Demand not generated, hence not paid","Demand not generated, hence not paid","Demand not generated, hence not paid","Demand not generated, hence not paid","Demand not generated, hence not paid","Demand not generated, hence not paid",Yes,Yes,Yes
PT-1014-1413722,['d4979991-75da-4646-b928-5460dcc35015'],['PLC183'],52.7,NONRESIDENTIAL.COMMERCIAL,2022-09-26,,,,,,,Yes,Yes,Yes,Yes,Yes,No,Yes
PT-1014-1415832,['be391dcf-305f-496d-ab0c-b9c5ff541a6d'],['PLC15'],116.7,RESIDENTIAL,2022-09-09,,,Yes,"Demand not generated, hence not paid","Demand not generated, hence not paid","Demand not generated, hence not paid","Demand not generated, hence not paid","Demand not generated, hence not paid","Demand not generated, hence not paid","Demand not generated, hence not paid",No,No,Yes
PT-1014-1416442,['d2ec30ec-c546-4904-830c-cd9e5499c40f'],['PLC113'],39.7,MIXED,2022-09-10,Yes,Yes,Yes,Yes,Yes,Yes,Yes,Yes,Yes,Yes,No,Yes,Yes
PT-1014-1416522,['783cf132-ec0c-4cf9-85e2-fa4ad25b646c'],['PLC113'],50.7,MIXED,2022-09-10,Yes,Yes,Yes,Yes,Yes,Yes,Yes,Yes,Yes,Yes,No,Yes,Yes
PT-1014-1417543,"['f5a97f09-af7a-421f-b192-67f22ef30e79', 'bf98c65e-83fe-4f1b-8b71-ced3d6e8b2a7']",['PLC38'],14.9,NONRESIDENTIAL.COMMERCIAL,2022-09-13,,Yes,Yes,Yes,Yes,"Demand not generated, hence not paid","Demand not generated, hence not paid","Demand not generated, hence not paid","Demand not generated, hence not paid","Demand not generated, hence not paid",Yes,Yes,Yes
PT-1014-1418283,['09f04f76-40cc-4710-b202-094cbe89a193'],['PLC13'],79.4,RESIDENTIAL,2022-09-14,Yes,"Demand not generated, hence not paid","Demand not generated, hence not paid","Demand not generated, hence not paid","Demand not generated, hence not paid","Demand not generated, hence not paid","Demand not generated, hence not paid","Demand not generated, hence not paid","Demand not generated, hence not paid","Demand not generated, hence not paid",No,No,Yes
PT-1014-1419766,['571acb3e-f096-4e6e-ac9d-2819c4b17926'],['PLC206'],60.0,MIXED,2022-09-17,Yes,"Demand not generated, hence not paid","Demand not generated, hence not paid","Demand not generated, hence not paid",Yes,Yes,Yes,Yes,Yes,Yes,No,Yes,Yes
PT-1014-1422698,['efc3bb81-7b3f-49da-a91a-8dd5e94de2f8'],['PLC67'],40.5,NONRESIDENTIAL.COMMERCIAL,2022-09-22,,Yes,Yes,Yes,Yes,Yes,Yes,Yes,Yes,Yes,Yes,No,Yes
PT-1014-1423189,['859df8c7-bf7e-438b-af00-f61b46883e9f'],['PLC159'],73.4,NONRESIDENTIAL.COMMERCIAL,2023-09-28,,,,,,,,,,,No,Yes,Yes
PT-1014-1423748,['3abccda5-d77d-4222-a32a-446e73958c02'],['PLC74'],150.0,RESIDENTIAL,2022-09-24,,,,,,Yes,Yes,Yes,Yes,Yes,No,Yes,Yes
PT-1014-1433272,['a21049ad-5fe7-4f7d-ae5f-de52b8dc4959'],['PLC100'],32.0,NONRESIDENTIAL.COMMERCIAL,2022-09-26,,,,,,Yes,Yes,Yes,Yes,Yes,Yes,No,Yes
PT-1014-1446481,['380fbda1-d099-48dc-a045-9cc5f7ffa7d1'],['PLC68'],200.0,RESIDENTIAL,2022-09-29,,,,,,,Yes,Yes,Yes,Yes,Yes,No,Yes
PT-1014-1457744,['1e22f5a4-a32c-4b9e-94b5-06577826c42b'],['PLC137'],101.3,RESIDENTIAL,2022-10-04,Yes,"Demand not generated, hence not paid","Demand not generated, hence not paid","Demand not generated, hence not paid","Demand not generated, hence not paid","Demand not generated, hence not paid","Demand not generated, hence not paid","Demand not generated, hence not paid","Demand not generated, hence not paid","Demand not generated, hence not paid",Yes,Yes,Yes
PT-1014-1477196,['caad19e3-701f-49dd-bb39-152545b2ebd9'],['PLC58'],40.0,RESIDENTIAL,2023-09-23,Yes,"Demand not generated, hence not paid","Demand not generated, hence not paid","Demand not generated, hence not paid","Demand not generated, hence not paid","Demand not generated, hence not paid","Demand not generated, hence not paid","Demand not generated, hence not paid","Demand not generated, hence not paid","Demand not generated, hence not paid","Demand not generated, hence not paid",Yes,Yes
PT-1014-1477645,"['8bc57946-876b-4511-8bc9-1eedc9d6bd75', '2607ebee-1910-4248-be70-884c846e2f46']",['PLC142'],25.0,NONRESIDENTIAL.COMMERCIAL,2022-10-21,Yes,Yes,Yes,Yes,Yes,No,No,No,No,No,No,No,Yes
PT-1014-1478154,['a4e27f6f-bf24-40f4-aad0-6a250b6323f9'],['PLC139'],41.0,RESIDENTIAL,2022-10-26,Yes,"Demand not generated, hence not paid","Demand not generated, hence not paid","Demand not generated, hence not paid","Demand not generated, hence not paid","Demand not generated, hence not paid","Demand not generated, hence not paid","Demand not generated, hence not paid","Demand not generated, hence not paid","Demand not generated, hence not paid",Yes,Yes,Yes
PT-1014-1481520,['d1a7400b-27eb-4289-8951-02946add221b'],['PLC103'],62.58,RESIDENTIAL,2022-11-04,Yes,"Demand not generated, hence not paid","Demand not generated, hence not paid","Demand not generated, hence not paid","Demand not generated, hence not paid","Demand not generated, hence not paid","Demand not generated, hence not paid","Demand not generated, hence not paid","Demand not generated, hence not paid","Demand not generated, hence not paid",Yes,Yes,Yes
PT-1014-1482144,['f2b7b208-c022-481f-9448-b3d8097a89f2'],['PLC205'],90.67,RESIDENTIAL,2022-11-07,Yes,"Demand not generated, hence not paid","Demand not generated, hence not paid","Demand not generated, hence not paid","Demand not generated, hence not paid","Demand not generated, hence not paid","Demand not generated, hence not paid","Demand not generated, hence not paid","Demand not generated, hence not paid","Demand not generated, hence not paid",Yes,Yes,Yes
PT-1014-1484594,['5ed722eb-6ec8-4657-b12c-fdaba26ff66a'],['PLC145'],47.0,RESIDENTIAL,2022-11-15,Yes,Yes,Yes,"Demand not generated, hence not paid","Demand not generated, hence not paid","Demand not generated, hence not paid","Demand not generated, hence not paid","Demand not generated, hence not paid","Demand not generated, hence not paid","Demand not generated, hence not paid",Yes,Yes,Yes
PT-1014-1484685,['bcb97b36-9ac7-44d8-a8d9-e35c68c78af9'],['PLC57'],17.78,NONRESIDENTIAL.COMMERCIAL,2022-12-12,Yes,No,No,Yes,Yes,No,No,Yes,Yes,Yes,Yes,Yes,Yes
PT-1014-1485606,['75becb24-9e00-438a-b06a-11d5e3deef95'],['PLC57'],21.33,NONRESIDENTIAL.COMMERCIAL,2022-11-17,Yes,No,Yes,Yes,Yes,Yes,No,No,Yes,Yes,Yes,Yes,Yes
PT-1014-1492919,['1fdbc19e-6de7-4937-a036-1959bc5eba9d'],['PLC200'],287.6,RESIDENTIAL,2022-12-02,Yes,"Demand not generated, hence not paid","Demand not generated, hence not paid","Demand not generated, hence not paid",Yes,Yes,Yes,Yes,Yes,Yes,No,Yes,Yes
PT-1014-1497510,['859d6361-a179-454b-92d9-50d092cb5929'],['PLC5'],60.75,RESIDENTIAL,2022-12-08,Yes,"Demand not generated, hence not paid","Demand not generated, hence not paid","Demand not generated, hence not paid","Demand not generated, hence not paid","Demand not generated, hence not paid","Demand not generated, hence not paid","Demand not generated, hence not paid","Demand not generated, hence not paid","Demand not generated, hence not paid",Yes,Yes,Yes
PT-1014-1497727,['d3336449-4af2-46f0-8e16-353501aa9d96'],['PLC74'],81.0,RESIDENTIAL,2022-12-08,Yes,"Demand not generated, hence not paid","Demand not generated, hence not paid","Demand not generated, hence not paid","Demand not generated, hence not paid","Demand not generated, hence not paid","Demand not generated, hence not paid","Demand not generated, hence not paid","Demand not generated, hence not paid","Demand not generated, hence not paid",Yes,Yes,Yes
PT-1014-1500057,['7f9e55e6-9d7d-4d21-8565-9860b3e11f9d'],['PLC98'],81.0,RESIDENTIAL,2022-12-12,Yes,"Demand not generated, hence not paid","Demand not generated, hence not paid","Demand not generated, hence not paid","Demand not generated, hence not paid","Demand not generated, hence not paid","Demand not generated, hence not paid","Demand not generated, hence not paid","Demand not generated, hence not paid","Demand not generated, hence not paid",No,No,Yes
PT-1014-1500210,['0e013005-e404-4557-87a5-fe8c8a70cd0a'],['PLC137'],70.9,RESIDENTIAL,2022-12-12,Yes,"Demand not generated, hence not paid","Demand not generated, hence not paid","Demand not generated, hence not paid","Demand not generated, hence not paid","Demand not generated, hence not paid","Demand not generated, hence not paid","Demand not generated, hence not paid","Demand not generated, hence not paid","Demand not generated, hence not paid",Yes,Yes,Yes
PT-1014-1501868,['cee3a62d-cc69-4b5c-95f7-37b16a58e98d'],['PLC38'],46.67,RESIDENTIAL,2022-12-14,Yes,"Demand not generated, hence not paid","Demand not generated, hence not paid","Demand not generated, hence not paid","Demand not generated, hence not paid","Demand not generated, hence not paid","Demand not generated, hence not paid","Demand not generated, hence not paid","Demand not generated, hence not paid","Demand not generated, hence not paid",Yes,Yes,Yes
PT-1014-1501996,['ebf5d829-5b83-4ddc-aa50-d6b4edf64ca9'],['PLC113'],33.81,RESIDENTIAL,2022-12-14,Yes,"Demand not generated, hence not paid","Demand not generated, hence not paid","Demand not generated, hence not paid","Demand not generated, hence not paid","Demand not generated, hence not paid","Demand not generated, hence not paid","Demand not generated, hence not paid","Demand not generated, hence not paid","Demand not generated, hence not paid",Yes,Yes,Yes
PT-1014-1502201,['ee9001ba-6c66-4159-bd22-3b249c5398ee'],['PLC82'],500.0,RESIDENTIAL,2022-12-14,,Yes,Yes,Yes,Yes,Yes,Yes,Yes,Yes,Yes,"Demand not generated, hence not paid",Yes,Yes
PT-1014-1505721,['729038a0-7004-4278-a9d6-c7a536fff225'],['PLC142'],46.67,RESIDENTIAL,2022-12-20,Yes,Yes,"Demand not generated, hence not paid","Demand not generated, hence not paid","Demand not generated, hence not paid","Demand not generated, hence not paid","Demand not generated, hence not paid","Demand not generated, hence not paid","Demand not generated, hence not paid","Demand not generated, hence not paid",Yes,Yes,Yes
PT-1014-1507109,['a08081b4-8de6-43e7-8036-4f75f96e90ab'],['PLC184'],101.25,RESIDENTIAL,2022-12-22,Yes,"Demand not generated, hence not paid","Demand not generated, hence not paid","Demand not generated, hence not paid","Demand not generated, hence not paid","Demand not generated, hence not paid","Demand not generated, hence not paid","Demand not generated, hence not paid","Demand not generated, hence not paid","Demand not generated, hence not paid",Yes,Yes,Yes
PT-1014-1519196,['9c7197f3-5006-44c3-979f-1382d44e4190'],['PLC142'],31.7,NONRESIDENTIAL.COMMERCIAL,2024-07-12,,,,,,,Yes,Yes,"Demand not generated, hence not paid",Yes,Yes,Yes,Yes
PT-1014-1519673,['53f04a85-2073-4adf-9206-eccce1360daa'],['PLC74'],60.75,RESIDENTIAL,2022-12-27,Yes,"Demand not generated, hence not paid","Demand not generated, hence not paid","Demand not generated, hence not paid","Demand not generated, hence not paid","Demand not generated, hence not paid","Demand not generated, hence not paid","Demand not generated, hence not paid","Demand not generated, hence not paid","Demand not generated, hence not paid",Yes,Yes,Yes
PT-1014-1520232,['aa403c38-d06e-47d5-827a-408f7bc62b6d'],['PLC210'],,RESIDENTIAL,2022-12-30,Yes,"Demand not generated, hence not paid","Demand not generated, hence not paid","Demand not generated, hence not paid",Yes,Yes,Yes,Yes,Yes,Yes,"Demand not generated, hence not paid",Yes,Yes
PT-1014-1520253,['636bf71f-f012-4ee6-8861-2ab5a502d462'],['PLC182'],40.4,NONRESIDENTIAL.COMMERCIAL,2022-12-30,Yes,No,No,No,No,No,No,No,No,No,No,No,Yes
PT-1014-1521448,['cab12480-01a4-4aca-81e0-edce7802d1e1'],['PLC48'],241.0,RESIDENTIAL,2023-01-03,Yes,"Demand not generated, hence not paid","Demand not generated, hence not paid","Demand not generated, hence not paid",Yes,"Demand not generated, hence not paid","Demand not generated, hence not paid","Demand not generated, hence not paid","Demand not generated, hence not paid",Yes,Yes,Yes,Yes
PT-1014-1522304,['42d33897-67d6-47fa-8d1f-8580cb5c9a06'],['PLC72'],77.0,RESIDENTIAL,2023-01-05,Yes,"Demand not generated, hence not paid","Demand not generated, hence not paid","Demand not generated, hence not paid","Demand not generated, hence not paid","Demand not generated, hence not paid","Demand not generated, hence not paid","Demand not generated, hence not paid","Demand not generated, hence not paid","Demand not generated, hence not paid",Yes,Yes,Yes
PT-1014-1524629,['c0877c32-f493-45d8-a461-29c3ac5cfa06'],['PLC38'],81.0,RESIDENTIAL,2023-01-11,Yes,"Demand not generated, hence not paid","Demand not generated, hence not paid","Demand not generated, hence not paid","Demand not generated, hence not paid","Demand not generated, hence not paid","Demand not generated, hence not paid","Demand not generated, hence not paid","Demand not generated, hence not paid","Demand not generated, hence not paid",Yes,Yes,Yes
PT-1014-1526486,['eef40ea8-f2e7-44be-9c9b-b6a053adec77'],['PLC114'],101.25,RESIDENTIAL,2023-01-16,Yes,"Demand not generated, hence not paid","Demand not generated, hence not paid","Demand not generated, hence not paid","Demand not generated, hence not paid","Demand not generated, hence not paid","Demand not generated, hence not paid","Demand not generated, hence not paid","Demand not generated, hence not paid","Demand not generated, hence not paid",Yes,Yes,Yes
PT-1014-1526814,['519ef97a-e7a4-4bf2-96a4-44fd32573d4f'],['PLC113'],91.12,RESIDENTIAL,2023-05-19,Yes,"Demand not generated, hence not paid","Demand not generated, hence not paid","Demand not generated, hence not paid","Demand not generated, hence not paid","Demand not generated, hence not paid","Demand not generated, hence not paid","Demand not generated, hence not paid","Demand not generated, hence not paid","Demand not generated, hence not paid",Yes,Yes,Yes
PT-1014-1528149,['1d07dedc-4096-4327-95c2-7b5d2ac0f6bb'],['PLC20'],14.3,NONRESIDENTIAL.COMMERCIAL,2023-01-18,Yes,Yes,No,No,No,No,No,No,No,No,No,No,Yes
PT-1014-1528369,['794e88cc-3bd0-40e1-a14b-06e4fd6d4836'],['PLC51'],384.0,MIXED,2023-01-19,,Yes,Yes,Yes,Yes,Yes,Yes,Yes,Yes,Yes,"Demand not generated, hence not paid",Yes,Yes
PT-1014-1535416,['fc58462d-dd04-4f55-81ec-e044fffc929c'],['PLC51'],200.0,NONRESIDENTIAL.COMMERCIAL,2023-02-02,,,Yes,Yes,Yes,Yes,No,No,No,Yes,Yes,Yes,Yes
PT-1014-1537781,['5736338a-2a38-435c-99c7-311d3a84dc72'],['PLC13'],165.0,RESIDENTIAL,2023-02-09,,,,,,,Yes,Yes,Yes,Yes,"Demand not generated, hence not paid",Yes,Yes
PT-1014-1539612,"['27122d99-6044-4986-b79d-ff8891064221', '372400f0-fe9a-44d7-8e59-1aac4066263f']",['PLC100'],233.4,MIXED,2023-02-15,,,Yes,Yes,Yes,Yes,Yes,Yes,Yes,Yes,Yes,No,Yes
PT-1014-1540407,['08237e32-b4ec-4651-9d77-ad44bd6411a6'],['PLC98'],60.9,RESIDENTIAL,2023-02-17,Yes,Yes,"Demand not generated, hence not paid","Demand not generated, hence not paid","Demand not generated, hence not paid","Demand not generated, hence not paid","Demand not generated, hence not paid","Demand not generated, hence not paid","Demand not generated, hence not paid","Demand not generated, hence not paid",Yes,Yes,Yes
PT-1014-1541339,['e6e52198-33fc-42ef-9056-60662495d03f'],['PLC51'],200.0,NONRESIDENTIAL.COMMERCIAL,2023-02-22,Yes,Yes,Yes,Yes,Yes,Yes,"Demand not generated, hence not paid","Demand not generated, hence not paid","Demand not generated, hence not paid",Yes,"Demand not generated, hence not paid",Yes,Yes
PT-1014-1541506,"['440409bb-d74e-4eec-81b4-20b43bbb55b3', '314460ea-b0cb-40be-a62b-5fbba5793caa']",['PLC31'],205.56,NONRESIDENTIAL.COMMERCIAL,2023-02-23,Yes,"Demand not generated, hence not paid","Demand not generated, hence not paid","Demand not generated, hence not paid",Yes,Yes,Yes,Yes,Yes,Yes,Yes,No,Yes
PT-1014-1542651,['2c872a9c-b6e0-4372-a1dc-c957b1c6f50e'],['PLC167'],40.5,RESIDENTIAL,2023-02-28,Yes,"Demand not generated, hence not paid","Demand not generated, hence not paid","Demand not generated, hence not paid","Demand not generated, hence not paid","Demand not generated, hence not paid","Demand not generated, hence not paid","Demand not generated, hence not paid","Demand not generated, hence not paid","Demand not generated, hence not paid",Yes,Yes,Yes
PT-1014-1543467,['26c5b0d0-da83-4903-8913-92fd483c7c0b'],['PLC113'],111.0,RESIDENTIAL,2024-05-06,Yes,Yes,Yes,Yes,Yes,Yes,"Demand not generated, hence not paid","Demand not generated, hence not paid","Demand not generated, hence not paid",Yes,Yes,Yes,Yes
PT-1014-1544547,['585a4147-064f-4469-8e32-0bf1b6dbfc8c'],['PLC134'],40.5,RESIDENTIAL,2023-03-07,Yes,"Demand not generated, hence not paid","Demand not generated, hence not paid","Demand not generated, hence not paid","Demand not generated, hence not paid","Demand not generated, hence not paid","Demand not generated, hence not paid","Demand not generated, hence not paid","Demand not generated, hence not paid","Demand not generated, hence not paid",Yes,Yes,Yes
PT-1014-1544681,['e385347c-3f84-417e-8db3-0e396ffee998'],['PLC100'],119.0,MIXED,2023-03-08,,Yes,Yes,Yes,Yes,Yes,Yes,"Demand not generated, hence not paid","Demand not generated, hence not paid","Demand not generated, hence not paid",Yes,Yes,Yes
PT-1014-1546647,['799d89d2-3990-43d2-b979-2590018aa84c'],['PLC114'],6.7,NONRESIDENTIAL.COMMERCIAL,2023-03-15,Yes,Yes,Yes,Yes,Yes,Yes,Yes,Yes,Yes,Yes,"Demand not generated, hence not paid",Yes,Yes
PT-1014-1547787,['43a7f333-f0b8-42f1-be89-878fbdaebbbb'],['PLC23'],15.25,NONRESIDENTIAL.COMMERCIAL,2023-03-17,Yes,Yes,Yes,Yes,Yes,Yes,Yes,Yes,Yes,Yes,Yes,No,Yes
PT-1014-1548397,['8ec97aa5-b9cb-4f32-9cf9-3ac5eb2c9c8f'],['PLC144'],141.75,RESIDENTIAL,2023-03-21,Yes,Yes,Yes,Yes,Yes,Yes,Yes,Yes,Yes,Yes,No,Yes,Yes
PT-1014-1549536,['ff12acd5-3c2a-406e-86b0-2ce2d4bf2397'],['PLC121'],15.37,NONRESIDENTIAL.COMMERCIAL,2023-03-22,Yes,No,Yes,Yes,Yes,No,No,No,No,Yes,Yes,No,Yes
PT-1014-1549889,['cfd54448-0119-406a-8c9f-eb0defb0b5c8'],['PLC188'],203.0,NONRESIDENTIAL.COMMERCIAL,2025-07-21,,,,,Yes,Yes,Yes,Yes,"Demand not generated, hence not paid",Yes,Yes,Yes,Yes
PT-1014-1551038,['b4745429-0d5d-4c2e-8bbc-dbd6928fb85f'],['PLC38'],41.0,RESIDENTIAL,2023-03-28,Yes,"Demand not generated, hence not paid","Demand not generated, hence not paid","Demand not generated, hence not paid","Demand not generated, hence not paid","Demand not generated, hence not paid","Demand not generated, hence not paid","Demand not generated, hence not paid","Demand not generated, hence not paid","Demand not generated, hence not paid",Yes,Yes,Yes
PT-1014-1551218,['78211ad0-6247-4963-af5d-a47910970f26'],['PLC30'],115.6,MIXED,2025-06-17,Yes,Yes,Yes,Yes,Yes,Yes,Yes,Yes,Yes,Yes,"Demand not generated, hence not paid",Yes,Yes
PT-1014-1551520,['5d58e7cd-db66-489b-a296-da1919bab3d2'],['PLC143'],55.89,NONRESIDENTIAL.COMMERCIAL,2023-03-28,Yes,Yes,Yes,Yes,Yes,Yes,Yes,Yes,Yes,Yes,No,Yes,Yes
PT-1014-1551549,['57476aa3-e756-4549-a945-e8f95a721866'],['PLC100'],25.0,RESIDENTIAL,2023-03-28,Yes,"Demand not generated, hence not paid","Demand not generated, hence not paid","Demand not generated, hence not paid","Demand not generated, hence not paid","Demand not generated, hence not paid","Demand not generated, hence not paid","Demand not generated, hence not paid","Demand not generated, hence not paid","Demand not generated, hence not paid",Yes,Yes,Yes
PT-1014-1551980,['768be3ab-acb3-44f7-9a43-07760d3cbddc'],['PLC58'],303.0,MIXED,2024-08-16,Yes,"Demand not generated, hence not paid","Demand not generated, hence not paid","Demand not generated, hence not paid",Yes,Yes,Yes,Yes,Yes,Yes,"Demand not generated, hence not paid",Yes,Yes
PT-1014-1556081,['690f5286-8bf4-42f9-a833-f1d5b286d101'],['PLC144'],51.0,RESIDENTIAL,2023-04-17,,,,Yes,Yes,Yes,Yes,Yes,Yes,Yes,No,Yes,Yes
PT-1014-1558754,['9ff5bd5d-234a-4e46-b2e1-35e6483fb057'],['PLC114'],275.4,RESIDENTIAL,2023-04-25,,,,,,,Yes,Yes,Yes,Yes,No,Yes,Yes
PT-1014-1560673,['46afc429-8d36-4920-ad83-f62a1358e46c'],['PLC31'],126.0,RESIDENTIAL,2023-05-03,Yes,"Demand not generated, hence not paid","Demand not generated, hence not paid","Demand not generated, hence not paid","Demand not generated, hence not paid","Demand not generated, hence not paid","Demand not generated, hence not paid","Demand not generated, hence not paid","Demand not generated, hence not paid","Demand not generated, hence not paid","Demand not generated, hence not paid",Yes,Yes
PT-1014-1565287,['2eefdaa7-7d94-4c10-a065-0a753b06739a'],['PLC154'],111.0,RESIDENTIAL,2023-05-09,Yes,Yes,"Demand not generated, hence not paid","Demand not generated, hence not paid","Demand not generated, hence not paid","Demand not generated, hence not paid","Demand not generated, hence not paid","Demand not generated, hence not paid","Demand not generated, hence not paid","Demand not generated, hence not paid",Yes,Yes,Yes
PT-1014-1565679,"['5bdce79d-21f8-4455-9559-b0e5134fd911', 'd6f92b81-6b8f-4f2a-a1ce-7ffafa214710']",['PLC51'],355.5,NONRESIDENTIAL.COMMERCIAL,2023-06-23,,,Yes,Yes,Yes,Yes,"Demand not generated, hence not paid","Demand not generated, hence not paid","Demand not generated, hence not paid",Yes,Yes,Yes,Yes
PT-1014-1585633,['9c183e5c-2a51-4160-9516-c055314d5efb'],['PLC151'],142.0,MIXED,2024-04-29,Yes,"Demand not generated, hence not paid","Demand not generated, hence not paid","Demand not generated, hence not paid",Yes,Yes,Yes,Yes,Yes,"Demand not generated, hence not paid","Demand not generated, hence not paid",Yes,Yes
PT-1014-1586249,['c617fce7-7180-464d-b5d5-4b87b0d9a6ce'],['PLC76'],250.0,RESIDENTIAL,2024-11-07,Yes,"Demand not generated, hence not paid","Demand not generated, hence not paid","Demand not generated, hence not paid",Yes,Yes,Yes,Yes,Yes,Yes,"Demand not generated, hence not paid",Yes,Yes
PT-1014-1591500,"['a9a9205c-d63c-4fb0-a5a3-257b7fcf5624', '5103c357-1ae6-438f-a1a8-f71627d0b770']",['PLC123'],23.0,RESIDENTIAL,2023-06-09,Yes,Yes,"Demand not generated, hence not paid","Demand not generated, hence not paid","Demand not generated, hence not paid","Demand not generated, hence not paid","Demand not generated, hence not paid","Demand not generated, hence not paid","Demand not generated, hence not paid","Demand not generated, hence not paid",Yes,Yes,Yes
PT-1014-1591546,"['878d5dae-82b9-4f6b-ac6a-de09fa1a67a3', 'd3516cbf-e952-4fe9-a29e-4373454bd4d9']",['PLC20'],48.0,NONRESIDENTIAL.COMMERCIAL,2024-10-01,,,Yes,Yes,Yes,Yes,Yes,Yes,Yes,Yes,"Demand not generated, hence not paid",Yes,Yes
PT-1014-1595372,['1d7d223e-cb91-4946-9746-373a62e23079'],['PLC38'],88.89,RESIDENTIAL,2023-06-19,Yes,"Demand not generated, hence not paid","Demand not generated, hence not paid","Demand not generated, hence not paid","Demand not generated, hence not paid","Demand not generated, hence not paid","Demand not generated, hence not paid","Demand not generated, hence not paid","Demand not generated, hence not paid","Demand not generated, hence not paid",Yes,Yes,Yes
PT-1014-1595693,['64b14036-9b40-4c5f-809c-fcdabee49dac'],['PLC22'],115.0,MIXED,2023-06-20,,,,,,Yes,Yes,Yes,Yes,Yes,"Demand not generated, hence not paid",Yes,Yes
PT-1014-1596967,"['bff7cd61-f9c3-4394-935e-f95aaeafa5c9', 'af218727-168d-475a-ba09-617313046fc9']",['PLC41'],101.25,RESIDENTIAL,2023-06-27,Yes,"Demand not generated, hence not paid","Demand not generated, hence not paid","Demand not generated, hence not paid","Demand not generated, hence not paid","Demand not generated, hence not paid","Demand not generated, hence not paid","Demand not generated, hence not paid","Demand not generated, hence not paid","Demand not generated, hence not paid",Yes,Yes,Yes
PT-1014-1598155,['885b86a2-f7dc-48db-a251-a2c210b3ed6c'],['PLC98'],283.6,MIXED,2023-06-27,Yes,"Demand not generated, hence not paid",Yes,"Demand not generated, hence not paid","Demand not generated, hence not paid",Yes,"Demand not generated, hence not paid","Demand not generated, hence not paid",Yes,Yes,Yes,Yes,Yes
PT-1014-1599361,['4f8541a2-216a-4349-b5ed-23adc69d10dd'],['PLC98'],41.0,RESIDENTIAL,2023-06-30,Yes,"Demand not generated, hence not paid","Demand not generated, hence not paid","Demand not generated, hence not paid","Demand not generated, hence not paid","Demand not generated, hence not paid","Demand not generated, hence not paid","Demand not generated, hence not paid","Demand not generated, hence not paid","Demand not generated, hence not paid",Yes,Yes,Yes
PT-1014-1604431,['2e986f15-9449-43fc-a70d-59d0e05459ae'],['PLC208'],21.67,RESIDENTIAL,2023-07-13,Yes,"Demand not generated, hence not paid","Demand not generated, hence not paid","Demand not generated, hence not paid","Demand not generated, hence not paid","Demand not generated, hence not paid","Demand not generated, hence not paid","Demand not generated, hence not paid","Demand not generated, hence not paid","Demand not generated, hence not paid",Yes,Yes,Yes
PT-1014-1610117,['17a6b5a3-b86a-4d85-83a3-0b650e9ba586'],['PLC73'],84.0,NONRESIDENTIAL.COMMERCIAL,2023-07-28,,,,,,Yes,"Demand not generated, hence not paid","Demand not generated, hence not paid",Yes,Yes,Yes,Yes,Yes
PT-1014-1613732,['8ae3b060-43b5-494b-9c4b-e362021bc47b'],['PLC84'],81.0,RESIDENTIAL,2023-07-27,Yes,"Demand not generated, hence not paid","Demand not generated, hence not paid","Demand not generated, hence not paid","Demand not generated, hence not paid","Demand not generated, hence not paid","Demand not generated, hence not paid","Demand not generated, hence not paid","Demand not generated, hence not paid","Demand not generated, hence not paid",Yes,Yes,Yes
PT-1014-1621587,"['45658bd9-4379-4ab3-91d5-719352e982f3', '2954e744-ac83-4012-9457-d6a4d7daa32b']",['PLC134'],200.0,RESIDENTIAL,2023-08-08,Yes,"Demand not generated, hence not paid","Demand not generated, hence not paid","Demand not generated, hence not paid","Demand not generated, hence not paid","Demand not generated, hence not paid","Demand not generated, hence not paid","Demand not generated, hence not paid","Demand not generated, hence not paid","Demand not generated, hence not paid","Demand not generated, hence not paid",Yes,Yes
PT-1014-1630088,['a688d0d3-3c14-4275-a709-f58315acdedb'],['PLC113'],40.5,RESIDENTIAL,2024-02-08,Yes,"Demand not generated, hence not paid","Demand not generated, hence not paid","Demand not generated, hence not paid","Demand not generated, hence not paid","Demand not generated, hence not paid","Demand not generated, hence not paid","Demand not generated, hence not paid","Demand not generated, hence not paid","Demand not generated, hence not paid",Yes,Yes,Yes
PT-1014-1665539,['ae80338a-713e-4467-93b7-f771c012aad2'],['PLC152'],100.0,MIXED,2024-08-13,Yes,Yes,Yes,Yes,Yes,Yes,Yes,Yes,Yes,Yes,"Demand not generated, hence not paid",Yes,Yes
PT-1014-1671370,['8e9af5c9-4e36-4add-a96d-175a295b6fc6'],['PLC68'],18.0,NONRESIDENTIAL.COMMERCIAL,2023-09-16,Yes,"Demand not generated, hence not paid",Yes,Yes,"Demand not generated, hence not paid","Demand not generated, hence not paid","Demand not generated, hence not paid","Demand not generated, hence not paid","Demand not generated, hence not paid","Demand not generated, hence not paid","Demand not generated, hence not paid",Yes,Yes
PT-1014-1685511,['5f2d69a5-7d7c-430d-b890-85ae52105d5e'],['PLC31'],63.0,RESIDENTIAL,2023-09-23,Yes,"Demand not generated, hence not paid","Demand not generated, hence not paid","Demand not generated, hence not paid","Demand not generated, hence not paid","Demand not generated, hence not paid","Demand not generated, hence not paid","Demand not generated, hence not paid","Demand not generated, hence not paid","Demand not generated, hence not paid","Demand not generated, hence not paid",Yes,Yes
PT-1014-1688290,['6d3818c2-f48e-464b-bebd-9294bc087015'],['PLC99'],70.0,RESIDENTIAL,2023-09-25,Yes,Yes,"Demand not generated, hence not paid","Demand not generated, hence not paid","Demand not generated, hence not paid","Demand not generated, hence not paid","Demand not generated, hence not paid","Demand not generated, hence not paid","Demand not generated, hence not paid","Demand not generated, hence not paid","Demand not generated, hence not paid",Yes,Yes
PT-1014-1693416,['beb250cb-90d7-4c84-bfdc-3817f602fcfe'],['PLC115'],22.75,RESIDENTIAL,2023-09-27,Yes,"Demand not generated, hence not paid","Demand not generated, hence not paid","Demand not generated, hence not paid","Demand not generated, hence not paid","Demand not generated, hence not paid","Demand not generated, hence not paid","Demand not generated, hence not paid","Demand not generated, hence not paid","Demand not generated, hence not paid","Demand not generated, hence not paid",Yes,Yes
PT-1014-1701360,"['36b75fb2-6449-4f04-ba05-f6ace9589ec2', 'f3e7f0e0-1a79-4c9f-85da-baf9d79d61dd']",['PLC152'],71.0,RESIDENTIAL,2023-10-05,Yes,"Demand not generated, hence not paid","Demand not generated, hence not paid","Demand not generated, hence not paid","Demand not generated, hence not paid","Demand not generated, hence not paid","Demand not generated, hence not paid","Demand not generated, hence not paid","Demand not generated, hence not paid","Demand not generated, hence not paid","Demand not generated, hence not paid",Yes,Yes
PT-1014-1702413,['3e699b4c-5b57-44fa-97b7-640f2edba63e'],['PLC183'],20.25,RESIDENTIAL,2023-10-10,Yes,"Demand not generated, hence not paid","Demand not generated, hence not paid","Demand not generated, hence not paid","Demand not generated, hence not paid","Demand not generated, hence not paid","Demand not generated, hence not paid","Demand not generated, hence not paid","Demand not generated, hence not paid","Demand not generated, hence not paid","Demand not generated, hence not paid",Yes,Yes
PT-1014-1703994,['c2ae937c-6fec-40f0-b0b6-9b46a1a6f966'],['PLC7'],607.5,RESIDENTIAL,2023-10-12,Yes,"Demand not generated, hence not paid","Demand not generated, hence not paid","Demand not generated, hence not paid","Demand not generated, hence not paid","Demand not generated, hence not paid","Demand not generated, hence not paid","Demand not generated, hence not paid",Yes,Yes,Yes,Yes,Yes
PT-1014-1718347,"['f93a2751-f351-464f-95aa-902c576755d0', '945e3425-16d3-442b-8774-e1813e7f085b', '79ea95a8-68b0-4de0-81f3-ac06c615222d']",['PLC98'],41.0,RESIDENTIAL,2023-11-07,Yes,"Demand not generated, hence not paid","Demand not generated, hence not paid","Demand not generated, hence not paid","Demand not generated, hence not paid","Demand not generated, hence not paid","Demand not generated, hence not paid","Demand not generated, hence not paid","Demand not generated, hence not paid","Demand not generated, hence not paid","Demand not generated, hence not paid",Yes,Yes
PT-1014-1729501,['d66cef9c-2a17-41bb-8791-79fdd470825c'],['PLC203'],43.0,RESIDENTIAL,2023-12-08,Yes,Yes,"Demand not generated, hence not paid","Demand not generated, hence not paid","Demand not generated, hence not paid","Demand not generated, hence not paid","Demand not generated, hence not paid","Demand not generated, hence not paid","Demand not generated, hence not paid","Demand not generated, hence not paid","Demand not generated, hence not paid",Yes,Yes
PT-1014-1738135,['1a7cbb9c-3d58-4152-96c5-f6890d979f30'],['PLC31'],101.0,RESIDENTIAL,2023-12-26,Yes,"Demand not generated, hence not paid","Demand not generated, hence not paid","Demand not generated, hence not paid","Demand not generated, hence not paid","Demand not generated, hence not paid","Demand not generated, hence not paid","Demand not generated, hence not paid","Demand not generated, hence not paid","Demand not generated, hence not paid","Demand not generated, hence not paid",Yes,Yes
PT-1014-1741632,['3e9012b2-df20-4cc2-8893-1bb871bc9cc6'],['PLC74'],101.0,RESIDENTIAL,2023-12-29,Yes,"Demand not generated, hence not paid","Demand not generated, hence not paid","Demand not generated, hence not paid","Demand not generated, hence not paid","Demand not generated, hence not paid","Demand not generated, hence not paid","Demand not generated, hence not paid","Demand not generated, hence not paid","Demand not generated, hence not paid","Demand not generated, hence not paid",Yes,Yes
PT-1014-1742630,['15b1edfc-a044-43cb-80f5-b6e53dea916f'],['PLC113'],51.0,MIXED,2023-12-29,,No,No,No,No,No,No,No,No,No,No,Yes,Yes
PT-1014-1743073,['5ab2b0da-d741-41d3-b63b-5966db0d0997'],['PLC24'],113.8,RESIDENTIAL,2023-12-29,Yes,"Demand not generated, hence not paid","Demand not generated, hence not paid","Demand not generated, hence not paid","Demand not generated, hence not paid","Demand not generated, hence not paid","Demand not generated, hence not paid","Demand not generated, hence not paid","Demand not generated, hence not paid","Demand not generated, hence not paid","Demand not generated, hence not paid",Yes,Yes
PT-1014-1743620,['140350a4-9dc2-4372-a06c-cc2fcc8f5c29'],['PLC72'],101.0,RESIDENTIAL,2024-05-07,Yes,"Demand not generated, hence not paid","Demand not generated, hence not paid","Demand not generated, hence not paid","Demand not generated, hence not paid","Demand not generated, hence not paid","Demand not generated, hence not paid","Demand not generated, hence not paid","Demand not generated, hence not paid","Demand not generated, hence not paid","Demand not generated, hence not paid",Yes,Yes
PT-1014-1743969,['26be9363-205a-4548-a7fa-44c69cdaa73d'],['PLC31'],101.0,RESIDENTIAL,2023-12-30,Yes,"Demand not generated, hence not paid","Demand not generated, hence not paid","Demand not generated, hence not paid","Demand not generated, hence not paid","Demand not generated, hence not paid","Demand not generated, hence not paid","Demand not generated, hence not paid","Demand not generated, hence not paid","Demand not generated, hence not paid","Demand not generated, hence not paid",Yes,Yes
PT-1014-1746579,['02317689-9b8b-4b7a-a0d3-43a71d212e3d'],['PLC31'],101.0,RESIDENTIAL,2023-12-31,Yes,"Demand not generated, hence not paid","Demand not generated, hence not paid","Demand not generated, hence not paid","Demand not generated, hence not paid","Demand not generated, hence not paid","Demand not generated, hence not paid","Demand not generated, hence not paid","Demand not generated, hence not paid","Demand not generated, hence not paid","Demand not generated, hence not paid",Yes,Yes
PT-1014-1746834,['30936ce2-6f84-47ac-922d-75ae8d033be8'],['PLC152'],80.0,RESIDENTIAL,2023-12-31,Yes,"Demand not generated, hence not paid","Demand not generated, hence not paid","Demand not generated, hence not paid","Demand not generated, hence not paid","Demand not generated, hence not paid","Demand not generated, hence not paid","Demand not generated, hence not paid","Demand not generated, hence not paid","Demand not generated, hence not paid","Demand not generated, hence not paid",Yes,Yes
PT-1014-1746855,"['da71e344-e176-444e-be4a-562e72b726f1', 'af15d1a5-0e7d-441d-93a9-933a123c435f']",['PLC152'],80.0,RESIDENTIAL,2023-12-31,Yes,"Demand not generated, hence not paid","Demand not generated, hence not paid","Demand not generated, hence not paid","Demand not generated, hence not paid","Demand not generated, hence not paid","Demand not generated, hence not paid","Demand not generated, hence not paid","Demand not generated, hence not paid","Demand not generated, hence not paid","Demand not generated, hence not paid",Yes,Yes
PT-1014-1751168,['906f944e-adb2-4cf1-ab30-4c7087ed4162'],['PLC74'],36.0,RESIDENTIAL,2024-01-16,Yes,"Demand not generated, hence not paid","Demand not generated, hence not paid","Demand not generated, hence not paid","Demand not generated, hence not paid","Demand not generated, hence not paid","Demand not generated, hence not paid","Demand not generated, hence not paid","Demand not generated, hence not paid","Demand not generated, hence not paid","Demand not generated, hence not paid",Yes,Yes
PT-1014-1774458,"['7de58063-fe52-4974-8d3c-c7df0e8e669f', '0017d07e-a114-4710-8dd0-2a317ddc2aeb', 'dd6cb696-b515-4224-b840-44340bd78d0f', '9120b652-19c5-497a-82c7-8df9ef14dc9a', 'f2c1f36b-2022-496b-a904-3cfe408ba7b7']",['PLC67'],107.0,MIXED,2024-03-19,Yes,No,No,No,No,No,No,No,No,No,Yes,Yes,Yes
PT-1014-1774470,"['9d922305-3ad7-4759-94e4-92cda04d6169', '000e7900-8b23-4c2a-9d5b-fb92b97fd13d', 'b2835c2e-f5b2-4982-878a-38704a1671c2', '2d62edea-35ef-48bc-9feb-ef57644b1a15', 'faea9936-5813-47c7-94f3-79ab9cf9bf62']",['PLC67'],107.0,MIXED,2024-03-19,Yes,No,No,No,No,No,No,No,No,No,Yes,Yes,Yes
PT-1014-1775603,['27be0455-8109-47c1-ac0d-ab510293b4ca'],['PLC67'],21.4,NONRESIDENTIAL.COMMERCIAL,2024-03-21,Yes,Yes,Yes,Yes,Yes,Yes,Yes,Yes,Yes,Yes,Yes,No,Yes
PT-1014-1987363,['3d3c618e-c15c-4bd5-9fe5-5d4e14d7d33e'],['PLC152'],46.0,RESIDENTIAL,2024-04-24,Yes,Yes,Yes,"Demand not generated, hence not paid","Demand not generated, hence not paid","Demand not generated, hence not paid","Demand not generated, hence not paid","Demand not generated, hence not paid","Demand not generated, hence not paid","Demand not generated, hence not paid","Demand not generated, hence not paid",Yes,Yes
PT-1014-1990342,['886a0eb6-100a-4bb7-a7c7-ca3219e78cfa'],['PLC152'],17.8,NONRESIDENTIAL.COMMERCIAL,2024-05-08,,,,Yes,Yes,Yes,Yes,Yes,Yes,"Demand not generated, hence not paid","Demand not generated, hence not paid","Demand not generated, hence not paid",Yes
PT-1014-1991375,['91bd780e-1d27-4e81-a59e-4cfc986c73f9'],['PLC210'],200.0,RESIDENTIAL,2024-08-08,Yes,"Demand not generated, hence not paid","Demand not generated, hence not paid","Demand not generated, hence not paid","Demand not generated, hence not paid","Demand not generated, hence not paid","Demand not generated, hence not paid","Demand not generated, hence not paid","Demand not generated, hence not paid","Demand not generated, hence not paid","Demand not generated, hence not paid",Yes,Yes
PT-1014-1991567,['a14e7124-a8b4-4de1-9b76-a223ed20203b'],['PLC152'],48.0,RESIDENTIAL,2024-05-16,Yes,"Demand not generated, hence not paid","Demand not generated, hence not paid","Demand not generated, hence not paid","Demand not generated, hence not paid","Demand not generated, hence not paid","Demand not generated, hence not paid","Demand not generated, hence not paid","Demand not generated, hence not paid","Demand not generated, hence not paid","Demand not generated, hence not paid",Yes,Yes
PT-1014-1992968,['056cc682-4e74-402b-a1b8-35237791056e'],['PLC163'],65.3,NONRESIDENTIAL.COMMERCIAL,2024-06-14,,,,,,Yes,Yes,Yes,Yes,Yes,Yes,No,Yes
PT-1014-1993298,['4b5c94ae-56ef-40e0-89ea-9a653bce7feb'],['PLC191'],102.0,RESIDENTIAL,2024-05-27,Yes,"Demand not generated, hence not paid","Demand not generated, hence not paid","Demand not generated, hence not paid","Demand not generated, hence not paid","Demand not generated, hence not paid","Demand not generated, hence not paid","Demand not generated, hence not paid","Demand not generated, hence not paid","Demand not generated, hence not paid","Demand not generated, hence not paid",Yes,Yes
PT-1014-1994613,['cefb097f-e921-4309-a64d-dd3929daf73d'],['PLC14'],33.6,NONRESIDENTIAL.COMMERCIAL,2024-06-05,Yes,Yes,Yes,No,Yes,Yes,Yes,Yes,No,Yes,Yes,Yes,Yes
PT-1014-1995422,"['7c5ea28b-28d3-4f9d-9c55-0a155be54d9f', '4fe2ff9c-df88-46b9-b31f-bee90187a7ec', 'd7002ba1-c18c-4fbd-8190-44910aa2a169', 'ad54865c-bb48-4822-891a-9555d2326a09']",['PLC167'],243.0,RESIDENTIAL,2024-06-11,Yes,Yes,Yes,No,No,Yes,No,No,No,Yes,No,Yes,Yes
PT-1014-1997488,['dcdc0229-bafc-4ad7-9f3a-a8931a4ce7e1'],['PLC31'],250.7,RESIDENTIAL,2024-06-25,Yes,"Demand not generated, hence not paid","Demand not generated, hence not paid","Demand not generated, hence not paid",No,No,No,No,No,No,No,Yes,Yes
PT-1014-1997873,"['313010c1-2ca1-4055-877b-0dcb5e679c7a', 'b63efa66-7b06-49f4-973a-52e95242ef95', '288e02f2-6ea1-4397-9c17-ec7a2c721920']",['PLC179'],122.0,NONRESIDENTIAL.COMMERCIAL,2024-06-26,Yes,"Demand not generated, hence not paid","Demand not generated, hence not paid","Demand not generated, hence not paid",No,No,Yes,No,Yes,Yes,No,Yes,Yes
PT-1014-1999268,['479ae56d-97f2-4305-a9fb-acc12f4ae01f'],['PLC179'],40.0,NONRESIDENTIAL.COMMERCIAL,2024-07-04,Yes,"Demand not generated, hence not paid","Demand not generated, hence not paid","Demand not generated, hence not paid",Yes,Yes,Yes,Yes,Yes,Yes,Yes,No,Yes
PT-1014-2002390,['3f2a2090-3b72-4e90-82c9-b794a0d20d65'],['PLC75'],76.0,MIXED,2024-08-05,,Yes,Yes,Yes,Yes,Yes,Yes,Yes,Yes,Yes,Yes,No,Yes
PT-1014-2002745,['994bceee-e450-4f34-841b-db7e145ef375'],['PLC75'],25.0,MIXED,2024-07-25,,,,Yes,Yes,Yes,No,No,No,Yes,No,Yes,Yes
PT-1014-2003416,['9f4a4936-599f-4531-b96c-ec873aeea89d'],['PLC77'],102.0,MIXED,2024-07-29,,,,,No,No,No,No,No,No,No,Yes,Yes
PT-1014-2003790,['436bf1c2-c02e-4cde-a5f9-d9f4d9f20414'],['PLC22'],202.0,RESIDENTIAL,2024-07-31,Yes,"Demand not generated, hence not paid","Demand not generated, hence not paid","Demand not generated, hence not paid",Yes,No,No,Yes,Yes,Yes,Yes,Yes,Yes
PT-1014-2003804,['5144f031-6876-4c17-a26f-d8698929e730'],['PLC22'],162.0,RESIDENTIAL,2024-07-31,Yes,"Demand not generated, hence not paid","Demand not generated, hence not paid","Demand not generated, hence not paid",Yes,Yes,Yes,Yes,No,Yes,Yes,Yes,Yes
PT-1014-2003994,['a5b443ea-b278-487f-91e0-a384f6234e9a'],['PLC121'],47.0,RESIDENTIAL,2024-08-01,Yes,"Demand not generated, hence not paid","Demand not generated, hence not paid","Demand not generated, hence not paid","Demand not generated, hence not paid","Demand not generated, hence not paid","Demand not generated, hence not paid","Demand not generated, hence not paid","Demand not generated, hence not paid","Demand not generated, hence not paid","Demand not generated, hence not paid",Yes,Yes
PT-1014-2004398,['101ecd80-edf0-4fb0-9642-54d415381fe4'],['PLC164'],82.0,MIXED,2024-08-04,Yes,"Demand not generated, hence not paid","Demand not generated, hence not paid","Demand not generated, hence not paid",No,No,No,No,Yes,Yes,Yes,Yes,Yes
PT-1014-2006649,['45f34604-2c84-48f8-be4e-d2ac86a2ed5a'],['PLC98'],51.0,RESIDENTIAL,2024-08-20,Yes,"Demand not generated, hence not paid","Demand not generated, hence not paid","Demand not generated, hence not paid","Demand not generated, hence not paid","Demand not generated, hence not paid","Demand not generated, hence not paid","Demand not generated, hence not paid","Demand not generated, hence not paid","Demand not generated, hence not paid","Demand not generated, hence not paid",Yes,Yes
PT-1014-2008900,['7e746080-a3a4-4e00-be4d-2a16de2bc8f5'],['PLC68'],165.0,MIXED,2025-04-24,Yes,Yes,No,Yes,No,Yes,Yes,No,No,No,No,Yes,Yes
PT-1014-2009633,['ad1f0134-36a3-47aa-a6db-8ae0329cebf4'],['PLC206'],567.0,RESIDENTIAL,2024-09-05,Yes,No,No,No,Yes,No,No,No,No,No,No,Yes,Yes
PT-1014-2012898,['5f603da7-0fdc-4aea-9a6b-f2103a543d76'],['PLC123'],40.5,RESIDENTIAL,2024-09-23,Yes,"Demand not generated, hence not paid","Demand not generated, hence not paid","Demand not generated, hence not paid","Demand not generated, hence not paid","Demand not generated, hence not paid","Demand not generated, hence not paid","Demand not generated, hence not paid","Demand not generated, hence not paid","Demand not generated, hence not paid","Demand not generated, hence not paid",Yes,Yes
PT-1014-2018874,['e73d2b1f-422a-42ce-ab1c-a4c7e8175584'],['PLC152'],101.25,RESIDENTIAL,2024-10-23,Yes,Yes,Yes,"Demand not generated, hence not paid","Demand not generated, hence not paid","Demand not generated, hence not paid","Demand not generated, hence not paid","Demand not generated, hence not paid","Demand not generated, hence not paid","Demand not generated, hence not paid","Demand not generated, hence not paid",Yes,Yes
PT-1014-2032741,['953567cf-fe8c-496e-83b4-29372176c5cd'],['PLC182'],20.0,RESIDENTIAL,2024-12-20,No,"Demand not generated, hence not paid","Demand not generated, hence not paid","Demand not generated, hence not paid","Demand not generated, hence not paid","Demand not generated, hence not paid","Demand not generated, hence not paid","Demand not generated, hence not paid","Demand not generated, hence not paid","Demand not generated, hence not paid","Demand not generated, hence not paid",Yes,Yes
PT-1014-2036466,['3ce23fc1-f171-4e00-9779-4717d24cb1af'],['PLC81'],349.5,NONRESIDENTIAL.INDUSTRIAL,2025-01-13,Yes,"Demand not generated, hence not paid","Demand not generated, hence not paid","Demand not generated, hence not paid","Demand not generated, hence not paid","Demand not generated, hence not paid","Demand not generated, hence not paid","Demand not generated, hence not paid","Demand not generated, hence not paid","Demand not generated, hence not paid",Yes,Yes,Yes
PT-1014-2053007,['5acaac6c-8a33-4760-b388-5b6b562d566f'],['PLC113'],60.75,RESIDENTIAL,2025-03-12,Yes,Yes,Yes,Yes,Yes,Yes,Yes,Yes,Yes,Yes,Yes,No,Yes
PT-1014-2057194,['dfed971e-8313-4f7f-b32c-95035ad72f0a'],['PLC186'],56.0,RESIDENTIAL,2025-03-13,No,"Demand not generated, hence not paid","Demand not generated, hence not paid","Demand not generated, hence not paid","Demand not generated, hence not paid","Demand not generated, hence not paid","Demand not generated, hence not paid","Demand not generated, hence not paid","Demand not generated, hence not paid","Demand not generated, hence not paid","Demand not generated, hence not paid",Yes,Yes
PT-1014-2064624,['8eea08ca-4d10-4294-98f5-780a51e2b7d3'],['PLC145'],203.0,RESIDENTIAL,2025-03-28,Yes,Yes,No,Yes,Yes,Yes,Yes,Yes,Yes,No,No,Yes,Yes
PT-1014-2064915,['a4129e34-6046-494b-bbda-46ba9217df2b'],['PLC123'],20.25,NONRESIDENTIAL.COMMERCIAL,2025-03-29,Yes,Yes,Yes,Yes,Yes,Yes,Yes,Yes,No,Yes,Yes,Yes,Yes
PT-1014-2068887,['b273f5e2-3236-4839-a03f-dcb5edc9815e'],['PLC22'],81.0,RESIDENTIAL,2025-04-15,No,"Demand not generated, hence not paid","Demand not generated, hence not paid","Demand not generated, hence not paid","Demand not generated, hence not paid","Demand not generated, hence not paid","Demand not generated, hence not paid","Demand not generated, hence not paid","Demand not generated, hence not paid","Demand not generated, hence not paid","Demand not generated, hence not paid",Yes,Yes
PT-1014-2070546,['fd929c56-afa9-4bb7-8a65-72dc21e7c941'],['PLC134'],303.7,RESIDENTIAL,2025-04-22,,,,,Yes,Yes,Yes,Yes,Yes,Yes,"Demand not generated, hence not paid",Yes,Yes
PT-1014-2071260,['961c6985-aded-483e-ab0c-4bdac7c02e47'],['PLC50'],198.2,RESIDENTIAL,2025-04-24,No,"Demand not generated, hence not paid","Demand not generated, hence not paid","Demand not generated, hence not paid","Demand not generated, hence not paid","Demand not generated, hence not paid","Demand not generated, hence not paid","Demand not generated, hence not paid","Demand not generated, hence not paid",Yes,Yes,Yes,Yes
PT-1014-2071354,"['4d143d03-c129-4f96-9d30-a29163c592d4', '96fd3fef-ac11-4da6-b736-eca7909cf4b0']",['PLC2'],202.5,RESIDENTIAL,2025-04-24,No,No,No,No,No,No,No,No,No,"Demand not generated, hence not paid",No,No,Yes
PT-1014-2071581,['ab5eb966-1fd5-40ae-8047-fca0c29a1ee2'],['PLC206'],101.25,RESIDENTIAL,2025-04-25,,,,,,Yes,Yes,Yes,Yes,"Demand not generated, hence not paid",Yes,Yes,Yes
PT-1014-2071678,['dd20c48c-0e32-47d3-94d1-5fa286a5fd5f'],['PLC157'],263.25,NONRESIDENTIAL.COMMERCIAL,2025-04-25,,,,,,,,,,,,No,Yes
PT-1014-2071702,['601f79fb-f39d-42a2-8ea5-a4765ac7a647'],['PLC28'],283.5,MIXED,2025-04-25,Yes,Yes,Yes,Yes,Yes,Yes,"Demand not generated, hence not paid","Demand not generated, hence not paid","Demand not generated, hence not paid","Demand not generated, hence not paid","Demand not generated, hence not paid",Yes,Yes
PT-1014-2072354,['a8bd72e2-da8a-44ec-be3e-96863ed5cab9'],['PLC115'],47.0,RESIDENTIAL,2025-04-30,Yes,"Demand not generated, hence not paid","Demand not generated, hence not paid","Demand not generated, hence not paid","Demand not generated, hence not paid","Demand not generated, hence not paid","Demand not generated, hence not paid","Demand not generated, hence not paid","Demand not generated, hence not paid","Demand not generated, hence not paid","Demand not generated, hence not paid",Yes,Yes
PT-1014-2072563,"['1b00f76f-77c2-453f-a6fe-927f36fbcb5c', '866976ad-c1d1-4a0b-899e-c55605e7e3f0']",['PLC113'],55.68,MIXED,2025-04-30,No,No,"Demand not generated, hence not paid","Demand not generated, hence not paid","Demand not generated, hence not paid","Demand not generated, hence not paid","Demand not generated, hence not paid","Demand not generated, hence not paid","Demand not generated, hence not paid","Demand not generated, hence not paid","Demand not generated, hence not paid",No,Yes
PT-1014-2072742,['f29beaaa-e4ef-4de9-b085-a02eadac6449'],['PLC121'],182.25,RESIDENTIAL,2025-05-02,Yes,Yes,Yes,Yes,Yes,Yes,Yes,Yes,Yes,"Demand not generated, hence not paid",Yes,Yes,Yes
PT-1014-2073568,"['6118e5d3-5533-4d63-81d7-49c8c7079e02', 'fd04e349-b911-4c09-ba79-571d24f5fc69']",['PLC121'],122.0,MIXED,2025-07-31,Yes,"Demand not generated, hence not paid","Demand not generated, hence not paid","Demand not generated, hence not paid","Demand not generated, hence not paid","Demand not generated, hence not paid","Demand not generated, hence not paid","Demand not generated, hence not paid","Demand not generated, hence not paid","Demand not generated, hence not paid","Demand not generated, hence not paid",Yes,Yes
PT-1014-2073671,['7e0ff013-a427-48eb-97d2-65b2abee0d4d'],['PLC104'],125.55,RESIDENTIAL,2025-05-06,No,"Demand not generated, hence not paid","Demand not generated, hence not paid","Demand not generated, hence not paid","Demand not generated, hence not paid","Demand not generated, hence not paid","Demand not generated, hence not paid","Demand not generated, hence not paid","Demand not generated, hence not paid","Demand not generated, hence not paid","Demand not generated, hence not paid",No,Yes
PT-1014-2073790,['ba20f6a4-5d24-49c6-b41b-e61d915581ff'],['PLC13'],121.5,RESIDENTIAL,2025-05-07,,,,,,,,,,,,No,Yes
PT-1014-2073819,"['526e4bab-4a37-4001-b1ad-7d2b3dd1b981', 'e060d5a0-045a-46ab-b196-20c74d0cc65a']",['PLC167'],121.2,RESIDENTIAL,2025-05-07,Yes,Yes,Yes,"Demand not generated, hence not paid","Demand not generated, hence not paid","Demand not generated, hence not paid","Demand not generated, hence not paid","Demand not generated, hence not paid",Yes,Yes,Yes,No,Yes
PT-1014-2073868,['1f5d3176-58e1-4f43-923b-b972642892a0'],['PLC13'],121.5,RESIDENTIAL,2025-05-07,Yes,"Demand not generated, hence not paid","Demand not generated, hence not paid","Demand not generated, hence not paid","Demand not generated, hence not paid","Demand not generated, hence not paid","Demand not generated, hence not paid",Yes,Yes,Yes,Yes,Yes,Yes
PT-1014-2074546,['8a960b47-785e-4345-9f36-45e83afade53'],['PLC144'],141.75,RESIDENTIAL,2025-05-12,No,"Demand not generated, hence not paid","Demand not generated, hence not paid","Demand not generated, hence not paid",No,No,"Demand not generated, hence not paid","Demand not generated, hence not paid","Demand not generated, hence not paid","Demand not generated, hence not paid","Demand not generated, hence not paid",No,Yes
PT-1014-2074574,"['118bc7a1-2726-47f1-b2f8-3064deddd706', '9ce25a60-8cb8-4e2c-9588-6a94d35ef324']",['PLC159'],44.77,NONRESIDENTIAL.COMMERCIAL,2025-05-12,,,,,,,,,,,,No,Yes
PT-1014-2075305,"['e307f391-8a70-4918-9381-13ad9e830f77', 'f44acc56-730b-4a8f-95f4-b8148a4560a5']",['PLC67'],49.95,NONRESIDENTIAL.COMMERCIAL,2025-05-14,,,,,,,,,,,,No,Yes
PT-1014-2075461,['d7aff9d2-5171-4d9b-885e-30152c7095c4'],['PLC185'],101.25,RESIDENTIAL,2025-05-15,,,,,No,"Demand not generated, hence not paid","Demand not generated, hence not paid","Demand not generated, hence not paid","Demand not generated, hence not paid","Demand not generated, hence not paid","Demand not generated, hence not paid",No,Yes
PT-1014-2075747,['5222c92b-fabc-458a-bb81-8e305179afc1'],['PLC142'],44.67,NONRESIDENTIAL.COMMERCIAL,2025-05-15,No,No,No,No,No,No,No,No,No,No,No,No,Yes
PT-1014-2075748,['d0fff7ef-d0d2-491e-9f10-e4f40c2322fb'],['PLC142'],15.0,NONRESIDENTIAL.COMMERCIAL,2025-05-15,No,No,No,No,No,No,No,No,No,No,No,No,Yes
PT-1014-2075749,['a562fda0-8d34-4f28-bda3-070ab1f9fb2a'],['PLC113'],303.75,MIXED,2025-05-15,No,No,No,No,No,No,No,No,No,No,No,No,Yes
PT-1014-2075808,"['fe6d8955-18ce-4f21-9fc5-4594fe21fb64', '0fad8690-327e-4db2-96a2-29e205dd7594']",['PLC169'],961.88,RESIDENTIAL,2025-05-16,Yes,Yes,Yes,Yes,Yes,Yes,Yes,Yes,Yes,Yes,"Demand not generated, hence not paid",Yes,Yes
PT-1014-2075834,['220ee306-e549-40a6-b1e5-22c8401c95d4'],['PLC210'],250.0,RESIDENTIAL,2025-05-16,,,,,,Yes,Yes,Yes,Yes,Yes,"Demand not generated, hence not paid",Yes,Yes
PT-1014-2076168,['d421112c-9094-4761-831e-0549e5a04b3d'],['PLC145'],149.65,RESIDENTIAL,2025-05-19,Yes,"Demand not generated, hence not paid","Demand not generated, hence not paid","Demand not generated, hence not paid","Demand not generated, hence not paid","Demand not generated, hence not paid","Demand not generated, hence not paid","Demand not generated, hence not paid",Yes,Yes,Yes,Yes,Yes
PT-1014-2076197,['f89b9d97-cab3-4cf4-b61f-526bd77af0e9'],['PLC145'],162.0,RESIDENTIAL,2025-05-19,Yes,"Demand not generated, hence not paid",Yes,Yes,Yes,Yes,Yes,Yes,Yes,"Demand not generated, hence not paid",Yes,No,Yes
PT-1014-2105108,['f95ade4c-997d-4da9-81c9-00eff32b94c2'],['PLC10'],60.75,RESIDENTIAL,2025-05-21,Yes,"Demand not generated, hence not paid","Demand not generated, hence not paid","Demand not generated, hence not paid","Demand not generated, hence not paid","Demand not generated, hence not paid","Demand not generated, hence not paid","Demand not generated, hence not paid","Demand not generated, hence not paid","Demand not generated, hence not paid","Demand not generated, hence not paid",Yes,Yes
PT-1014-2106849,['8af248c0-ec23-41e3-9bdd-e9e0e8674ccb'],['PLC75'],91.2,RESIDENTIAL,2025-05-21,Yes,Yes,Yes,Yes,Yes,Yes,Yes,Yes,"Demand not generated, hence not paid",Yes,Yes,Yes,Yes
PT-1014-2107325,['a7e34930-602f-4430-82f0-9fccfeccf09a'],['PLC187'],83.11,MIXED,2025-05-22,No,"Demand not generated, hence not paid","Demand not generated, hence not paid","Demand not generated, hence not paid",No,No,No,No,No,No,No,No,Yes
PT-1014-2107410,"['b71fdc15-e0a1-45f3-8ab4-1bf4e1c861f0', 'c4d519e2-340c-4aa4-b80e-64880fd60af9']",['PLC113'],72.23,NONRESIDENTIAL.COMMERCIAL,2025-05-22,No,No,No,No,No,No,No,No,No,No,No,No,Yes
PT-1014-2108121,['66a3d96c-41d4-4aef-af7b-0e7a43c8fa9b'],['PLC27'],332.1,MIXED,2025-05-26,No,"Demand not generated, hence not paid","Demand not generated, hence not paid","Demand not generated, hence not paid",No,No,No,No,No,No,No,No,Yes
PT-1014-2108631,['c0776b0b-710a-41d4-8a86-10a737b1ea5f'],['PLC75'],186.7,RESIDENTIAL,2025-05-27,Yes,"Demand not generated, hence not paid","Demand not generated, hence not paid","Demand not generated, hence not paid","Demand not generated, hence not paid","Demand not generated, hence not paid","Demand not generated, hence not paid","Demand not generated, hence not paid",Yes,Yes,Yes,Yes,Yes
PT-1014-2108978,['21ddd181-58bc-4f86-934f-a7caeaf96010'],['PLC186'],101.25,RESIDENTIAL,2025-05-28,Yes,"Demand not generated, hence not paid","Demand not generated, hence not paid","Demand not generated, hence not paid",Yes,Yes,Yes,Yes,Yes,Yes,"Demand not generated, hence not paid",Yes,Yes
PT-1014-2110189,['77fe26d9-ce8c-426a-967c-e4a6ac1c2837'],['PLC75'],143.68,MIXED,2025-07-29,,,No,No,"Demand not generated, hence not paid","Demand not generated, hence not paid","Demand not generated, hence not paid",No,"Demand not generated, hence not paid","Demand not generated, hence not paid","Demand not generated, hence not paid",No,Yes
PT-1014-2110286,['cca19782-53d9-4296-b376-732fe52ae5a4'],['PLC210'],300.0,RESIDENTIAL,2025-06-02,Yes,"Demand not generated, hence not paid","Demand not generated, hence not paid","Demand not generated, hence not paid",Yes,Yes,Yes,Yes,Yes,Yes,"Demand not generated, hence not paid",Yes,Yes
PT-1014-2110489,['709beb14-0577-4e90-9005-70baf7de6f04'],['PLC100'],30.1,MIXED,2025-06-13,Yes,Yes,Yes,Yes,Yes,Yes,"Demand not generated, hence not paid",Yes,Yes,Yes,"Demand not generated, hence not paid",Yes,Yes
PT-1014-2110573,['e7a9525c-8691-4ba1-9597-041ec6560b68'],['PLC137'],167.07,NONRESIDENTIAL.COMMERCIAL,2025-06-03,Yes,"Demand not generated, hence not paid","Demand not generated, hence not paid","Demand not generated, hence not paid","Demand not generated, hence not paid","Demand not generated, hence not paid","Demand not generated, hence not paid","Demand not generated, hence not paid","Demand not generated, hence not paid","Demand not generated, hence not paid",Yes,Yes,Yes
PT-1014-2110600,['79ee5b5c-1625-48aa-9b98-04ea7d2cdd32'],['PLC200'],207.6,NONRESIDENTIAL.COMMERCIAL,2025-06-03,Yes,"Demand not generated, hence not paid","Demand not generated, hence not paid","Demand not generated, hence not paid","Demand not generated, hence not paid","Demand not generated, hence not paid","Demand not generated, hence not paid","Demand not generated, hence not paid","Demand not generated, hence not paid","Demand not generated, hence not paid",Yes,Yes,Yes
PT-1014-2110631,['0f1d78ff-4c8d-49bb-8b7e-0e4d3d2bd40e'],['PLC156'],162.0,RESIDENTIAL,2025-06-03,Yes,"Demand not generated, hence not paid","Demand not generated, hence not paid","Demand not generated, hence not paid","Demand not generated, hence not paid","Demand not generated, hence not paid","Demand not generated, hence not paid","Demand not generated, hence not paid","Demand not generated, hence not paid",Yes,Yes,Yes,Yes
PT-1014-2111052,['84bda136-2951-4e58-bc6f-b0cdc10c46cb'],['PLC187'],172.64,RESIDENTIAL,2025-06-04,Yes,"Demand not generated, hence not paid","Demand not generated, hence not paid","Demand not generated, hence not paid","Demand not generated, hence not paid","Demand not generated, hence not paid","Demand not generated, hence not paid","Demand not generated, hence not paid","Demand not generated, hence not paid","Demand not generated, hence not paid","Demand not generated, hence not paid",Yes,Yes
PT-1014-2148713,['1935da99-1cc3-4871-8b0c-c10ff7324af4'],['PLC186'],119.0,RESIDENTIAL,2025-06-05,No,"Demand not generated, hence not paid","Demand not generated, hence not paid","Demand not generated, hence not paid","Demand not generated, hence not paid","Demand not generated, hence not paid","Demand not generated, hence not paid","Demand not generated, hence not paid",No,No,No,No,Yes
PT-1014-2164665,['f55fb86f-9682-407d-93de-765be359547a'],['PLC113'],190.22,RESIDENTIAL,2025-06-12,Yes,"Demand not generated, hence not paid","Demand not generated, hence not paid","Demand not generated, hence not paid","Demand not generated, hence not paid","Demand not generated, hence not paid","Demand not generated, hence not paid","Demand not generated, hence not paid","Demand not generated, hence not paid","Demand not generated, hence not paid","Demand not generated, hence not paid",Yes,Yes
PT-1014-2164948,"['a84db9d8-89bc-488d-aa0b-86f67549607b', 'dad7acb1-14f7-4f0f-a755-1edf7f665b76']",['PLC166'],202.5,MIXED,2025-06-13,,,,,,,,,,,,No,Yes
PT-1014-2221104,['951c164d-ab3a-4fa3-9c07-d73cf10b66e1'],['PLC30'],58.33,NONRESIDENTIAL.COMMERCIAL,2025-06-17,,,,,,,,,,,,No,Yes
PT-1014-2221242,['26378b19-07fd-4f5e-97b2-7470ffeb4bc3'],['PLC206'],121.5,RESIDENTIAL,2025-06-17,Yes,"Demand not generated, hence not paid","Demand not generated, hence not paid","Demand not generated, hence not paid","Demand not generated, hence not paid","Demand not generated, hence not paid","Demand not generated, hence not paid","Demand not generated, hence not paid","Demand not generated, hence not paid","Demand not generated, hence not paid","Demand not generated, hence not paid",Yes,Yes
PT-1014-2221649,['e3bab07e-ab3f-4eac-90c9-74ac85e4c0dc'],['PLC206'],101.25,RESIDENTIAL,2025-06-18,Yes,"Demand not generated, hence not paid","Demand not generated, hence not paid","Demand not generated, hence not paid","Demand not generated, hence not paid","Demand not generated, hence not paid","Demand not generated, hence not paid","Demand not generated, hence not paid",Yes,Yes,Yes,Yes,Yes
PT-1014-2221666,['c38109f1-5304-4dd0-b778-00b4551053d6'],['PLC105'],145.77,RESIDENTIAL,2025-06-18,No,"Demand not generated, hence not paid","Demand not generated, hence not paid","Demand not generated, hence not paid",No,No,No,No,No,No,No,No,Yes
PT-1014-2221809,['37f1cf14-afc1-482d-a5f8-b39f5b1e9cec'],['PLC54'],66.67,NONRESIDENTIAL.COMMERCIAL,2025-07-27,Yes,Yes,Yes,"Demand not generated, hence not paid","Demand not generated, hence not paid","Demand not generated, hence not paid","Demand not generated, hence not paid","Demand not generated, hence not paid",Yes,Yes,Yes,Yes,Yes
PT-1014-2222364,['d2de1047-a54e-4021-bad2-ef19b75937d0'],['PLC57'],56.7,NONRESIDENTIAL.COMMERCIAL,2025-06-19,No,No,No,No,No,No,No,No,No,No,No,No,Yes
PT-1014-2223906,['9ff5f305-2dc6-4957-87da-6732354b1284'],['PLC2'],402.0,RESIDENTIAL,2025-06-24,Yes,"Demand not generated, hence not paid","Demand not generated, hence not paid","Demand not generated, hence not paid","Demand not generated, hence not paid","Demand not generated, hence not paid","Demand not generated, hence not paid","Demand not generated, hence not paid",Yes,Yes,Yes,Yes,Yes
PT-1014-2225306,['af478e82-48cd-4f00-8e67-6dadf501032f'],['PLC149'],158.0,RESIDENTIAL,2025-06-26,Yes,"Demand not generated, hence not paid","Demand not generated, hence not paid","Demand not generated, hence not paid","Demand not generated, hence not paid","Demand not generated, hence not paid","Demand not generated, hence not paid","Demand not generated, hence not paid","Demand not generated, hence not paid",Yes,Yes,Yes,Yes
PT-1014-2263276,"['cdaa9115-3207-4d2d-9b71-69ed69d79aea', 'f2ae2d6b-aaae-4aea-aaa8-48f1219a387c']",['PLC45'],283.5,RESIDENTIAL,2025-06-30,Yes,"Demand not generated, hence not paid","Demand not generated, hence not paid","Demand not generated, hence not paid","Demand not generated, hence not paid","Demand not generated, hence not paid","Demand not generated, hence not paid","Demand not generated, hence not paid","Demand not generated, hence not paid","Demand not generated, hence not paid","Demand not generated, hence not paid",Yes,Yes
PT-1014-2263302,['e031f226-eb84-4d71-98d0-2949c06475eb'],['PLC167'],81.0,RESIDENTIAL,2025-06-30,Yes,"Demand not generated, hence not paid","Demand not generated, hence not paid","Demand not generated, hence not paid","Demand not generated, hence not paid","Demand not generated, hence not paid","Demand not generated, hence not paid","Demand not generated, hence not paid","Demand not generated, hence not paid","Demand not generated, hence not paid","Demand not generated, hence not paid",Yes,Yes
PT-1014-2263577,['78197ffe-b77e-44ed-859f-7382341a3c12'],['PLC38'],73.51,RESIDENTIAL,2025-06-30,Yes,"Demand not generated, hence not paid","Demand not generated, hence not paid","Demand not generated, hence not paid","Demand not generated, hence not paid","Demand not generated, hence not paid","Demand not generated, hence not paid","Demand not generated, hence not paid",Yes,Yes,Yes,Yes,Yes
PT-1014-2263738,['4d7f205a-9cb0-4af8-8cee-0c15a02cc55a'],['PLC50'],412.0,RESIDENTIAL,2025-07-01,,,,,,,,,,,,No,Yes
PT-1014-2263789,['b68316ec-ac65-46f3-bdfa-d88532f8609d'],['PLC153'],162.0,RESIDENTIAL,2025-07-01,Yes,"Demand not generated, hence not paid","Demand not generated, hence not paid","Demand not generated, hence not paid","Demand not generated, hence not paid","Demand not generated, hence not paid","Demand not generated, hence not paid","Demand not generated, hence not paid",Yes,Yes,Yes,Yes,Yes
PT-1014-2264024,['97cc6c4c-8524-470f-9323-695e8c8370d7'],['PLC14'],81.0,RESIDENTIAL,2025-07-01,Yes,"Demand not generated, hence not paid","Demand not generated, hence not paid","Demand not generated, hence not paid","Demand not generated, hence not paid","Demand not generated, hence not paid","Demand not generated, hence not paid","Demand not generated, hence not paid","Demand not generated, hence not paid","Demand not generated, hence not paid","Demand not generated, hence not paid",Yes,Yes
PT-1014-2267034,['b792422f-297e-4865-93f0-93fdf4deb627'],['PLC185'],121.5,RESIDENTIAL,2025-07-02,Yes,Yes,Yes,Yes,Yes,Yes,Yes,"Demand not generated, hence not paid",Yes,Yes,Yes,Yes,Yes
PT-1014-2267409,['17f1d570-2353-4b67-97a3-9eb4e785ca26'],['PLC179'],810.0,NONRESIDENTIAL.INDUSTRIAL,2025-07-28,,,,,,,,,,,,No,Yes
PT-1014-2269321,"['616941ea-fde8-4a86-bf2c-7e33042f44cd', 'e8b0bf7f-fdca-4d82-804a-338fea2baf0f', 'cce50927-4617-4bfe-b13e-1fd1c9ac87f2']",['PLC100'],20.0,NONRESIDENTIAL.COMMERCIAL,2025-07-03,No,No,No,No,No,No,No,No,No,No,No,No,Yes
PT-1014-2280881,"['0aae4e04-aff5-46c9-8dc0-57dd1776d3f7', '62b91ca1-41be-4f29-a3b1-fb294155a94f', '4dfe7df4-bd18-46e0-ad7e-a4c185a08096', '692fb688-9efa-47fd-9880-59f228843bdb']",['PLC114'],303.75,RESIDENTIAL,2025-07-07,Yes,"Demand not generated, hence not paid","Demand not generated, hence not paid","Demand not generated, hence not paid","Demand not generated, hence not paid","Demand not generated, hence not paid","Demand not generated, hence not paid","Demand not generated, hence not paid","Demand not generated, hence not paid","Demand not generated, hence not paid","Demand not generated, hence not paid",No,Yes
PT-1014-2280942,"['135ffd1c-fe4c-4bbb-a0d8-29af1451d1a3', '304b4987-1563-44a5-91ae-fdaf23766d67', '76b2e4ad-ec41-43bb-ae8e-7bbd69728042', '098ccbcb-385b-4ff2-a02f-50880eac3d0e']",['PLC98'],213.63,NONRESIDENTIAL.COMMERCIAL,2025-07-07,,,,,,,,,,,No,No,Yes
PT-1014-2281527,"['f6c22c86-3653-4917-9b88-88402aaad4f2', '8fb4eafd-98ab-494d-856b-fc03c4523540']",['PLC103'],103.0,RESIDENTIAL,2025-07-08,Yes,"Demand not generated, hence not paid","Demand not generated, hence not paid","Demand not generated, hence not paid","Demand not generated, hence not paid","Demand not generated, hence not paid","Demand not generated, hence not paid",Yes,Yes,Yes,Yes,Yes,Yes
PT-1014-2281655,['f739b789-fe7b-41f8-be59-58b5c807965f'],['PLC45'],172.4,RESIDENTIAL,2025-07-08,Yes,"Demand not generated, hence not paid","Demand not generated, hence not paid","Demand not generated, hence not paid",Yes,Yes,Yes,"Demand not generated, hence not paid",Yes,Yes,Yes,Yes,Yes
PT-1014-2282054,"['25a1bd67-3eeb-4a3f-a822-231abe56a5a3', '2b5f5eb7-38b3-432c-9e00-b9bf362c080e']",['PLC100'],81.0,MIXED,2025-07-08,No,No,No,No,No,No,No,No,No,No,No,No,Yes
PT-1014-2282291,['0aa9877c-cde3-4743-965c-01e998ed2944'],['PLC75'],161.2,RESIDENTIAL,2025-07-09,Yes,Yes,Yes,Yes,Yes,"Demand not generated, hence not paid","Demand not generated, hence not paid","Demand not generated, hence not paid",Yes,Yes,Yes,Yes,Yes
PT-1014-2282450,['954e5219-a3d4-4952-b60d-d58950ffc14d'],['PLC122'],31.8,RESIDENTIAL,2025-07-09,Yes,"Demand not generated, hence not paid","Demand not generated, hence not paid","Demand not generated, hence not paid","Demand not generated, hence not paid","Demand not generated, hence not paid","Demand not generated, hence not paid","Demand not generated, hence not paid",Yes,Yes,Yes,Yes,Yes
PT-1014-2282493,['56203a41-4f31-4ba1-8866-80d018718f3c'],['PLC38'],40.9,NONRESIDENTIAL.COMMERCIAL,2025-07-09,Yes,Yes,Yes,Yes,Yes,Yes,Yes,"Demand not generated, hence not paid",Yes,Yes,Yes,Yes,Yes
PT-1014-2283782,['16f0f1fb-3bf6-43c8-abdd-2884a7fb8b72'],['PLC144'],213.0,RESIDENTIAL,2025-07-11,,,,,,,,,Yes,"Demand not generated, hence not paid","Demand not generated, hence not paid",No,Yes
PT-1014-2323422,"['97c5d474-a98b-4254-9b93-cef015e20a0a', '7e6b285b-0969-435f-aef4-963af727eb12']",['PLC75'],225.0,RESIDENTIAL,2025-07-15,Yes,"Demand not generated, hence not paid","Demand not generated, hence not paid","Demand not generated, hence not paid","Demand not generated, hence not paid","Demand not generated, hence not paid","Demand not generated, hence not paid",Yes,Yes,Yes,Yes,Yes,Yes
PT-1014-2338665,['56b48c8a-1dc8-4ee9-a505-ea5d1ca75873'],['PLC22'],202.22,RESIDENTIAL,2025-07-18,Yes,"Demand not generated, hence not paid","Demand not generated, hence not paid","Demand not generated, hence not paid",Yes,"Demand not generated, hence not paid","Demand not generated, hence not paid","Demand not generated, hence not paid",Yes,Yes,Yes,Yes,Yes
PT-1014-2338797,['ba8400e2-83cc-4f98-92c4-4b2f9f938071'],['PLC144'],293.0,RESIDENTIAL,2025-07-18,Yes,"Demand not generated, hence not paid","Demand not generated, hence not paid","Demand not generated, hence not paid","Demand not generated, hence not paid","Demand not generated, hence not paid","Demand not generated, hence not paid","Demand not generated, hence not paid","Demand not generated, hence not paid","Demand not generated, hence not paid","Demand not generated, hence not paid",No,Yes
PT-1014-2339002,"['be9fa5af-f60d-4e5b-be0f-e3c6e4bbf904', '25bb3533-3eef-4dcf-a36e-3c636c26c00b']",['PLC206'],982.0,RESIDENTIAL,2025-07-26,Yes,"Demand not generated, hence not paid","Demand not generated, hence not paid","Demand not generated, hence not paid","Demand not generated, hence not paid","Demand not generated, hence not paid","Demand not generated, hence not paid","Demand not generated, hence not paid","Demand not generated, hence not paid","Demand not generated, hence not paid","Demand not generated, hence not paid",Yes,Yes
PT-1014-2339927,['9a0af215-d55a-4c3e-8037-c9fc51cc0e9c'],['PLC144'],203.0,RESIDENTIAL,2025-07-20,Yes,"Demand not generated, hence not paid","Demand not generated, hence not paid","Demand not generated, hence not paid","Demand not generated, hence not paid","Demand not generated, hence not paid","Demand not generated, hence not paid","Demand not generated, hence not paid","Demand not generated, hence not paid",Yes,Yes,Yes,Yes
PT-1014-2339995,['b3cf1670-78c6-49a4-92e3-42d00e578f16'],['PLC14'],136.4,RESIDENTIAL,2025-07-20,Yes,"Demand not generated, hence not paid","Demand not generated, hence not paid","Demand not generated, hence not paid","Demand not generated, hence not paid","Demand not generated, hence not paid","Demand not generated, hence not paid","Demand not generated, hence not paid","Demand not generated, hence not paid","Demand not generated, hence not paid","Demand not generated, hence not paid",Yes,Yes
PT-1014-2340852,['030b3d8e-15e0-4b17-8e01-a1a68f71fa18'],['PLC72'],101.25,RESIDENTIAL,2025-07-21,Yes,"Demand not generated, hence not paid","Demand not generated, hence not paid","Demand not generated, hence not paid","Demand not generated, hence not paid","Demand not generated, hence not paid","Demand not generated, hence not paid","Demand not generated, hence not paid",Yes,Yes,Yes,Yes,Yes
PT-1014-2341914,['3fe3a7ef-7ca9-4d5f-bd74-ecbca86e63b9'],['PLC186'],141.75,RESIDENTIAL,2025-07-22,,,,,,,,,,,,No,Yes
PT-1014-2341974,['3c48f007-19f9-4021-9a19-c57f342caafd'],['PLC98'],30.9,RESIDENTIAL,2025-07-22,Yes,Yes,"Demand not generated, hence not paid","Demand not generated, hence not paid","Demand not generated, hence not paid","Demand not generated, hence not paid","Demand not generated, hence not paid","Demand not generated, hence not paid",Yes,Yes,Yes,Yes,Yes
PT-1014-2344900,['e927490b-8b80-42fa-ac71-8251ab1d267f'],['PLC30'],121.0,MIXED,2025-07-23,Yes,"Demand not generated, hence not paid","Demand not generated, hence not paid","Demand not generated, hence not paid","Demand not generated, hence not paid","Demand not generated, hence not paid","Demand not generated, hence not paid","Demand not generated, hence not paid",Yes,Yes,Yes,Yes,Yes
PT-1014-2345036,"['f5ba55c7-7649-4bcc-8881-3cbaa42d4f53', '08c3b528-b458-4cf6-aa35-58745386397c', '1c352f92-c7ba-40cd-93b7-29e791980677', 'a21ebbb5-bcc8-44e9-8241-615d15cc3177']",['PLC145'],611.0,RESIDENTIAL,2025-07-23,Yes,"Demand not generated, hence not paid","Demand not generated, hence not paid","Demand not generated, hence not paid","Demand not generated, hence not paid","Demand not generated, hence not paid","Demand not generated, hence not paid","Demand not generated, hence not paid","Demand not generated, hence not paid","Demand not generated, hence not paid","Demand not generated, hence not paid",Yes,Yes
PT-1014-2345069,"['760d9b93-eb8b-45df-a33f-80ed00cfe315', 'ecde6c32-8d16-4b89-b432-b4c4902710ed']",['PLC33'],182.25,RESIDENTIAL,2025-07-23,Yes,"Demand not generated, hence not paid","Demand not generated, hence not paid","Demand not generated, hence not paid","Demand not generated, hence not paid","Demand not generated, hence not paid","Demand not generated, hence not paid","Demand not generated, hence not paid","Demand not generated, hence not paid","Demand not generated, hence not paid","Demand not generated, hence not paid",Yes,Yes
PT-1014-2345097,['f2f9059a-2ecf-4a4b-a1ff-c4b561df4fcf'],['PLC103'],273.38,RESIDENTIAL,2025-07-23,Yes,"Demand not generated, hence not paid","Demand not generated, hence not paid","Demand not generated, hence not paid","Demand not generated, hence not paid","Demand not generated, hence not paid","Demand not generated, hence not paid","Demand not generated, hence not paid","Demand not generated, hence not paid",Yes,Yes,Yes,Yes
PT-1014-2345595,['0f89a7bd-8a21-4eb2-a4dc-fb8b7f3e693d'],['PLC68'],114.7,RESIDENTIAL,2025-07-24,Yes,"Demand not generated, hence not paid","Demand not generated, hence not paid","Demand not generated, hence not paid","Demand not generated, hence not paid","Demand not generated, hence not paid","Demand not generated, hence not paid","Demand not generated, hence not paid",Yes,Yes,Yes,Yes,Yes
PT-1014-2348575,['fb89d7dc-99c9-43ed-938c-6c4f87acf558'],['PLC138'],121.5,RESIDENTIAL,2025-07-25,,Yes,"Demand not generated, hence not paid","Demand not generated, hence not paid","Demand not generated, hence not paid","Demand not generated, hence not paid","Demand not generated, hence not paid","Demand not generated, hence not paid",Yes,Yes,Yes,Yes,Yes
PT-1014-2348585,['59cbe958-7393-4f29-8e95-0c96e99c6e67'],['PLC12'],492.0,RESIDENTIAL,2025-07-25,Yes,"Demand not generated, hence not paid","Demand not generated, hence not paid","Demand not generated, hence not paid","Demand not generated, hence not paid","Demand not generated, hence not paid","Demand not generated, hence not paid","Demand not generated, hence not paid","Demand not generated, hence not paid","Demand not generated, hence not paid","Demand not generated, hence not paid",Yes,Yes
PT-1014-2348589,['d830e681-15a0-49ac-98df-c29cc10ae23f'],['PLC82'],147.56,MIXED,2025-07-26,Yes,"Demand not generated, hence not paid","Demand not generated, hence not paid","Demand not generated, hence not paid","Demand not generated, hence not paid","Demand not generated, hence not paid","Demand not generated, hence not paid","Demand not generated, hence not paid",Yes,Yes,Yes,Yes,Yes
PT-1014-2348650,['e80ccc5e-6cfa-4bdd-b21d-550ae4e850bc'],['PLC164'],40.5,MIXED,2025-07-25,Yes,"Demand not generated, hence not paid","Demand not generated, hence not paid","Demand not generated, hence not paid","Demand not generated, hence not paid","Demand not generated, hence not paid","Demand not generated, hence not paid","Demand not generated, hence not paid","Demand not generated, hence not paid","Demand not generated, hence not paid",Yes,Yes,Yes
PT-1014-2352190,['c8b225d6-0f16-4759-ad15-2e7a32406eae'],['PLC13'],162.0,RESIDENTIAL,2025-07-26,Yes,"Demand not generated, hence not paid","Demand not generated, hence not paid","Demand not generated, hence not paid","Demand not generated, hence not paid","Demand not generated, hence not paid","Demand not generated, hence not paid",Yes,Yes,Yes,Yes,Yes,Yes
PT-1014-2352652,['3b375819-cba2-43d7-938c-1bd006be092d'],['PLC144'],52.0,MIXED,2025-07-27,Yes,"Demand not generated, hence not paid","Demand not generated, hence not paid","Demand not generated, hence not paid","Demand not generated, hence not paid","Demand not generated, hence not paid","Demand not generated, hence not paid","Demand not generated, hence not paid","Demand not generated, hence not paid",Yes,Yes,Yes,Yes
PT-1014-2353110,"['a26c1c7b-5109-41f5-8bb8-083643148dae', '75e5db25-8e76-45b2-bad9-f4b21f514e03']",['PLC51'],810.0,NONRESIDENTIAL.COMMERCIAL,2025-07-30,Yes,"Demand not generated, hence not paid","Demand not generated, hence not paid","Demand not generated, hence not paid","Demand not generated, hence not paid","Demand not generated, hence not paid","Demand not generated, hence not paid","Demand not generated, hence not paid","Demand not generated, hence not paid","Demand not generated, hence not paid","Demand not generated, hence not paid",No,Yes
PT-1014-2353121,['fd15bd63-af21-40d2-abdd-7e25a97fab56'],['PLC75'],166.4,RESIDENTIAL,2025-07-27,No,No,No,No,No,No,No,No,No,No,No,No,Yes
PT-1014-2353320,['81cb8768-a8e4-4b7f-b6ae-4d134977c186'],['PLC33'],81.0,MIXED,2025-07-28,Yes,"Demand not generated, hence not paid","Demand not generated, hence not paid","Demand not generated, hence not paid","Demand not generated, hence not paid","Demand not generated, hence not paid","Demand not generated, hence not paid","Demand not generated, hence not paid","Demand not generated, hence not paid","Demand not generated, hence not paid","Demand not generated, hence not paid",No,Yes
PT-1014-2353604,['c715a89e-43a5-4cef-85d1-2493335e3403'],['PLC37'],141.75,RESIDENTIAL,2025-07-28,Yes,"Demand not generated, hence not paid","Demand not generated, hence not paid","Demand not generated, hence not paid","Demand not generated, hence not paid","Demand not generated, hence not paid","Demand not generated, hence not paid","Demand not generated, hence not paid","Demand not generated, hence not paid","Demand not generated, hence not paid","Demand not generated, hence not paid",Yes,Yes
PT-1014-2353903,['93cf2dc8-20a2-486f-9d55-3d9f8c8367ea'],['PLC2'],131.63,RESIDENTIAL,2025-07-28,Yes,"Demand not generated, hence not paid","Demand not generated, hence not paid","Demand not generated, hence not paid","Demand not generated, hence not paid","Demand not generated, hence not paid","Demand not generated, hence not paid","Demand not generated, hence not paid","Demand not generated, hence not paid","Demand not generated, hence not paid","Demand not generated, hence not paid",No,Yes
PT-1014-2353926,['de07a784-63c6-4547-9c71-28921be9299d'],['PLC2'],131.63,RESIDENTIAL,2025-07-28,Yes,Yes,Yes,Yes,Yes,Yes,Yes,Yes,Yes,No,Yes,Yes,Yes
PT-1014-2354185,['287e0b2d-abcd-480f-a9ca-dae015b62e82'],['PLC101'],102.61,RESIDENTIAL,2025-07-28,Yes,"Demand not generated, hence not paid","Demand not generated, hence not paid","Demand not generated, hence not paid","Demand not generated, hence not paid","Demand not generated, hence not paid","Demand not generated, hence not paid","Demand not generated, hence not paid","Demand not generated, hence not paid","Demand not generated, hence not paid","Demand not generated, hence not paid",Yes,Yes
PT-1014-2355111,['844462fe-2a03-4cb0-b583-c2b2ef322ad0'],['PLC134'],222.75,RESIDENTIAL,2025-07-28,Yes,Yes,Yes,Yes,Yes,Yes,Yes,"Demand not generated, hence not paid",Yes,Yes,Yes,Yes,Yes
PT-1014-2355277,['49eaee52-518d-41fa-973e-9b2ded84933b'],['PLC132'],203.4,RESIDENTIAL,2025-07-28,Yes,"Demand not generated, hence not paid","Demand not generated, hence not paid","Demand not generated, hence not paid","Demand not generated, hence not paid","Demand not generated, hence not paid","Demand not generated, hence not paid",Yes,Yes,Yes,Yes,Yes,Yes
PT-1014-2355437,['b05b316d-2f9e-40ac-a123-006c3694d65c'],['PLC210'],23.03,NONRESIDENTIAL.COMMERCIAL,2025-07-29,Yes,"Demand not generated, hence not paid","Demand not generated, hence not paid","Demand not generated, hence not paid","Demand not generated, hence not paid","Demand not generated, hence not paid","Demand not generated, hence not paid","Demand not generated, hence not paid",Yes,Yes,Yes,Yes,Yes
PT-1014-2355486,['8facaee7-1921-4f20-b620-5803cd0ebe5c'],['PLC31'],500.0,MIXED,2025-07-29,No,No,No,No,No,No,No,No,No,No,No,No,Yes
PT-1014-2355676,['4ee1b6cc-fe4a-443c-842c-b67305a1baf5'],['PLC75'],41.0,RESIDENTIAL,2025-07-29,Yes,Yes,Yes,"Demand not generated, hence not paid","Demand not generated, hence not paid","Demand not generated, hence not paid","Demand not generated, hence not paid","Demand not generated, hence not paid",Yes,"Demand not generated, hence not paid","Demand not generated, hence not paid",Yes,Yes
PT-1014-2356143,['aa312237-18e6-48c1-8f2e-2fd7643ea3ef'],['PLC59'],55.7,RESIDENTIAL,2025-07-29,Yes,Yes,Yes,"Demand not generated, hence not paid","Demand not generated, hence not paid","Demand not generated, hence not paid","Demand not generated, hence not paid","Demand not generated, hence not paid",Yes,Yes,Yes,Yes,Yes
PT-1014-2356617,['ae69d9ff-f874-4d16-ac72-5a759982836c'],['PLC76'],301.9,RESIDENTIAL,2025-07-29,Yes,"Demand not generated, hence not paid","Demand not generated, hence not paid","Demand not generated, hence not paid","Demand not generated, hence not paid","Demand not generated, hence not paid","Demand not generated, hence not paid","Demand not generated, hence not paid","Demand not generated, hence not paid","Demand not generated, hence not paid","Demand not generated, hence not paid",No,Yes
PT-1014-2356709,"['28d24d0f-09f6-44d8-9247-65333cc1ef5c', '9e8571e9-1102-44b3-a632-53117346a17f']",['PLC76'],156.94,RESIDENTIAL,2025-07-29,No,"Demand not generated, hence not paid","Demand not generated, hence not paid","Demand not generated, hence not paid","Demand not generated, hence not paid","Demand not generated, hence not paid","Demand not generated, hence not paid","Demand not generated, hence not paid","Demand not generated, hence not paid","Demand not generated, hence not paid","Demand not generated, hence not paid",No,Yes
PT-1014-2356925,['e390153c-bc3b-4f9f-b477-8afd80440e1d'],['PLC75'],30.25,MIXED,2025-07-29,No,No,No,No,No,No,No,No,No,No,No,No,Yes
PT-1014-2357128,['a6bd0f13-8d57-4651-aa81-e805c346ff06'],['PLC13'],222.75,RESIDENTIAL,2025-07-29,Yes,"Demand not generated, hence not paid","Demand not generated, hence not paid","Demand not generated, hence not paid","Demand not generated, hence not paid","Demand not generated, hence not paid","Demand not generated, hence not paid","Demand not generated, hence not paid","Demand not generated, hence not paid","Demand not generated, hence not paid","Demand not generated, hence not paid",Yes,Yes
PT-1014-2357205,"['f9de54cf-344e-482a-b366-f2b24f3103ea', '46ba4d4d-8ffa-4b14-b860-04dd7ac6086b']",['PLC180'],37.9,NONRESIDENTIAL.COMMERCIAL,2025-07-29,No,No,No,No,No,No,No,No,No,No,No,No,Yes
PT-1014-2357480,"['e6515d7c-370e-4248-94f1-1fb12510dc59', '8c326fd5-eec6-4ef2-ae17-b544f3df2954']",['PLC105'],124.5,RESIDENTIAL,2025-07-29,Yes,Yes,"Demand not generated, hence not paid","Demand not generated, hence not paid","Demand not generated, hence not paid","Demand not generated, hence not paid","Demand not generated, hence not paid","Demand not generated, hence not paid",Yes,Yes,Yes,Yes,Yes
PT-1014-2357556,['c7b2e9a3-dcc3-406c-b58f-6c2ff4f92099'],['PLC31'],1012.5,NONRESIDENTIAL.COMMERCIAL,2025-07-29,Yes,"Demand not generated, hence not paid","Demand not generated, hence not paid","Demand not generated, hence not paid","Demand not generated, hence not paid","Demand not generated, hence not paid","Demand not generated, hence not paid",Yes,Yes,Yes,Yes,Yes,Yes
PT-1014-2357966,['d40af866-644d-4e2d-9503-9df0f54261f4'],['PLC75'],141.75,RESIDENTIAL,2025-07-29,Yes,Yes,Yes,Yes,Yes,Yes,"Demand not generated, hence not paid","Demand not generated, hence not paid",Yes,Yes,Yes,Yes,Yes
PT-1014-2435184,['2af7960f-0df2-48e2-b84a-af7927963b34'],['PLC56'],27.22,NONRESIDENTIAL.COMMERCIAL,2025-07-30,,,,,,,,,,,,No,Yes
PT-1014-2435864,['e28b5a6d-9551-452d-8714-8339496eb01f'],['PLC137'],162.0,NONRESIDENTIAL.COMMERCIAL,2025-07-30,No,No,No,No,No,No,No,No,No,No,No,No,Yes
PT-1014-2436313,['d8c660ea-df23-442f-9fed-f648be6d38ae'],['PLC98'],40.0,RESIDENTIAL,2025-07-30,Yes,Yes,Yes,"Demand not generated, hence not paid","Demand not generated, hence not paid","Demand not generated, hence not paid","Demand not generated, hence not paid","Demand not generated, hence not paid",Yes,Yes,"Demand not generated, hence not paid",Yes,Yes
PT-1014-2438491,['69be0e03-49bf-4b94-8bb0-4fdab10ea8cb'],['PLC154'],77.0,RESIDENTIAL,2025-07-31,Yes,Yes,"Demand not generated, hence not paid","Demand not generated, hence not paid","Demand not generated, hence not paid","Demand not generated, hence not paid","Demand not generated, hence not paid","Demand not generated, hence not paid","Demand not generated, hence not paid","Demand not generated, hence not paid","Demand not generated, hence not paid",Yes,Yes
PT-1014-2439123,['61220fb9-d1b4-4d58-b5fd-fb8041576bcc'],['PLC68'],200.0,RESIDENTIAL,2025-07-31,Yes,"Demand not generated, hence not paid","Demand not generated, hence not paid","Demand not generated, hence not paid","Demand not generated, hence not paid","Demand not generated, hence not paid","Demand not generated, hence not paid","Demand not generated, hence not paid","Demand not generated, hence not paid","Demand not generated, hence not paid","Demand not generated, hence not paid",Yes,Yes
PT-1014-2440348,['b9b7a28b-2adc-4610-8778-0f52c48aacaf'],['PLC156'],330.0,RESIDENTIAL,2025-07-31,Yes,"Demand not generated, hence not paid","Demand not generated, hence not paid","Demand not generated, hence not paid","Demand not generated, hence not paid","Demand not generated, hence not paid","Demand not generated, hence not paid","Demand not generated, hence not paid","Demand not generated, hence not paid",Yes,Yes,Yes,Yes
PT-1014-2440878,"['f3be8541-3acb-4cd7-b5f1-e7091e27d0b4', '25e1fcec-c2c7-4b77-a158-b0f17a0d5e30']",['PLC45'],500.0,MIXED,2025-07-31,No,No,No,No,No,No,No,No,No,No,No,No,Yes
PT-1014-2441221,"['f9458f7a-2e27-4a20-8096-fce840a58cd9', '20b90189-8d2f-481f-95e8-a15824a5d240']",['PLC114'],909.0,RESIDENTIAL,2025-07-31,No,No,No,No,No,No,No,No,No,No,No,No,Yes
PT-1014-2441379,['35e0c9f6-d8d2-4b8a-9f3e-4d31f71df2e3'],['PLC145'],202.0,RESIDENTIAL,2025-07-31,No,"Demand not generated, hence not paid","Demand not generated, hence not paid","Demand not generated, hence not paid","Demand not generated, hence not paid","Demand not generated, hence not paid","Demand not generated, hence not paid","Demand not generated, hence not paid","Demand not generated, hence not paid","Demand not generated, hence not paid","Demand not generated, hence not paid",No,Yes
PT-1014-2442417,['ca7768c7-36c8-46a8-b6e2-bbc8c11fd574'],['PLC144'],202.5,RESIDENTIAL,2025-08-01,No,No,No,No,No,No,No,No,No,No,No,No,Yes
PT-1014-2442752,"['03611629-56e6-4db3-92b0-a156deae2b1b', '13e08a01-6b92-490e-84ad-59580d2b8578']",['PLC149'],273.38,NONRESIDENTIAL.COMMERCIAL,2025-08-02,Yes,"Demand not generated, hence not paid","Demand not generated, hence not paid","Demand not generated, hence not paid","Demand not generated, hence not paid","Demand not generated, hence not paid","Demand not generated, hence not paid","Demand not generated, hence not paid","Demand not generated, hence not paid","Demand not generated, hence not paid","Demand not generated, hence not paid",Yes,Yes
PT-1014-2442767,['95bbfc2e-deb0-4ae7-90e0-fa4f10934e5b'],['PLC105'],81.0,RESIDENTIAL,2025-08-02,Yes,"Demand not generated, hence not paid","Demand not generated, hence not paid","Demand not generated, hence not paid","Demand not generated, hence not paid","Demand not generated, hence not paid","Demand not generated, hence not paid",Yes,Yes,Yes,Yes,Yes,Yes
PT-1014-2442849,['d984415f-9947-435b-a811-43c337acf72b'],['PLC185'],204.0,RESIDENTIAL,2025-08-03,Yes,"Demand not generated, hence not paid","Demand not generated, hence not paid","Demand not generated, hence not paid","Demand not generated, hence not paid","Demand not generated, hence not paid","Demand not generated, hence not paid","Demand not generated, hence not paid",Yes,Yes,Yes,Yes,Yes
PT-1014-2443168,"['e14c0e0a-0968-487d-b1d9-8e4d421ed83b', 'e84a4d75-48a9-4931-a645-547e343ecdb9']",['PLC31'],50.63,MIXED,2025-08-04,No,No,No,No,No,No,No,No,No,No,No,No,Yes
PT-1014-2443398,['ddefaa18-5d42-4aa9-9242-224ec9ea0348'],['PLC76'],66.7,RESIDENTIAL,2025-08-04,Yes,"Demand not generated, hence not paid","Demand not generated, hence not paid","Demand not generated, hence not paid","Demand not generated, hence not paid","Demand not generated, hence not paid","Demand not generated, hence not paid","Demand not generated, hence not paid","Demand not generated, hence not paid","Demand not generated, hence not paid","Demand not generated, hence not paid",Yes,Yes
PT-1014-2443498,['bc305090-3c4a-4682-bc03-6f920d3ebfab'],['PLC130'],182.3,RESIDENTIAL,2025-08-04,,,,,,,,,,,,No,Yes
PT-1014-2447046,['77e2c747-8390-486e-a79c-940238ca1b95'],['PLC96'],172.05,RESIDENTIAL,2025-08-05,Yes,"Demand not generated, hence not paid","Demand not generated, hence not paid","Demand not generated, hence not paid","Demand not generated, hence not paid","Demand not generated, hence not paid","Demand not generated, hence not paid","Demand not generated, hence not paid","Demand not generated, hence not paid","Demand not generated, hence not paid","Demand not generated, hence not paid","Demand not generated, hence not paid",Yes
PT-1014-2449897,"['0a5e177f-da5d-42e0-8902-1f9b44114ac0', '3449ebee-af77-4b5a-8ee9-e52534a34895']",['PLC64'],111.38,RESIDENTIAL,2025-08-06,Yes,"Demand not generated, hence not paid","Demand not generated, hence not paid","Demand not generated, hence not paid","Demand not generated, hence not paid","Demand not generated, hence not paid","Demand not generated, hence not paid","Demand not generated, hence not paid","Demand not generated, hence not paid",Yes,Yes,Yes,Yes
PT-1014-2450094,"['9f3af1fa-efaf-42fe-98f0-9d6e5a3667f6', '82583eb4-bd0d-4321-86e0-a4089754aae9']",['PLC186'],117.45,RESIDENTIAL,2025-08-06,Yes,"Demand not generated, hence not paid","Demand not generated, hence not paid","Demand not generated, hence not paid","Demand not generated, hence not paid","Demand not generated, hence not paid","Demand not generated, hence not paid","Demand not generated, hence not paid",Yes,Yes,Yes,Yes,Yes
PT-1014-2450232,['2caee588-bfac-41ec-8648-26a409766f7d'],['PLC99'],62.0,RESIDENTIAL,2025-08-06,Yes,Yes,"Demand not generated, hence not paid","Demand not generated, hence not paid","Demand not generated, hence not paid","Demand not generated, hence not paid","Demand not generated, hence not paid","Demand not generated, hence not paid",Yes,Yes,Yes,Yes,Yes
PT-1014-2450249,['c558ede2-a087-4959-ad8c-beb23460b4dd'],['PLC99'],62.0,RESIDENTIAL,2025-08-06,Yes,Yes,"Demand not generated, hence not paid","Demand not generated, hence not paid","Demand not generated, hence not paid","Demand not generated, hence not paid","Demand not generated, hence not paid","Demand not generated, hence not paid",Yes,Yes,Yes,Yes,Yes
PT-1014-2450321,['e0588cec-59e9-4332-86f9-ae7502a5b85a'],['PLC96'],81.0,RESIDENTIAL,2025-08-06,Yes,"Demand not generated, hence not paid","Demand not generated, hence not paid","Demand not generated, hence not paid","Demand not generated, hence not paid","Demand not generated, hence not paid","Demand not generated, hence not paid","Demand not generated, hence not paid","Demand not generated, hence not paid","Demand not generated, hence not paid","Demand not generated, hence not paid",Yes,Yes
PT-1014-2451300,['e60d3762-5857-4560-90ec-0c5d982e3b48'],['PLC96'],70.9,RESIDENTIAL,2025-08-07,No,No,No,No,No,No,No,No,No,No,No,No,Yes
PT-1014-2451307,['af6d2719-235a-4ffc-8807-5c08971d43e9'],['PLC155'],54.7,RESIDENTIAL,2025-08-07,Yes,Yes,"Demand not generated, hence not paid","Demand not generated, hence not paid","Demand not generated, hence not paid","Demand not generated, hence not paid","Demand not generated, hence not paid","Demand not generated, hence not paid",Yes,Yes,Yes,Yes,Yes
PT-1014-2451348,['cebb8777-765c-40b7-b89d-3e67032725fd'],['PLC24'],222.75,RESIDENTIAL,2025-08-07,No,No,No,No,No,No,No,No,No,No,No,No,Yes
PT-1014-2451423,"['aa201af6-ff47-4283-b61e-78a5949c5f95', '81d27f9d-543c-4ab3-9b3d-05af9f8a80d5']",['PLC145'],131.63,NONRESIDENTIAL.COMMERCIAL,2025-08-07,No,No,No,No,No,No,No,No,No,No,No,No,Yes
PT-1014-2451443,"['fa902e5a-bef6-4654-ac2e-2a3f0640bbb4', 'c9da9a5e-22d6-48e0-901d-a0751e329146']",['PLC134'],232.8,RESIDENTIAL,2025-08-07,No,No,No,No,No,No,No,No,No,No,No,No,Yes
PT-1014-2455996,['92cb64ec-6393-47f0-93ad-82bbe401240b'],['PLC76'],232.8,RESIDENTIAL,2025-08-08,Yes,"Demand not generated, hence not paid","Demand not generated, hence not paid","Demand not generated, hence not paid","Demand not generated, hence not paid","Demand not generated, hence not paid","Demand not generated, hence not paid","Demand not generated, hence not paid",Yes,Yes,Yes,Yes,Yes
PT-1014-2456156,['f9b48a2d-6267-4b54-b287-36b8d1122c2c'],['PLC207'],101.25,RESIDENTIAL,2025-08-08,Yes,"Demand not generated, hence not paid","Demand not generated, hence not paid","Demand not generated, hence not paid","Demand not generated, hence not paid","Demand not generated, hence not paid","Demand not generated, hence not paid","Demand not generated, hence not paid","Demand not generated, hence not paid",Yes,Yes,Yes,Yes
PT-1014-2456285,['db9cc2d4-5ac7-4e97-b913-0ff4631c33ca'],['PLC76'],250.67,RESIDENTIAL,2025-08-08,No,No,No,No,No,No,No,No,No,No,No,No,Yes
PT-1014-2456381,['f4124a4c-1130-419b-83c1-62f208f15d29'],['PLC38'],31.12,NONRESIDENTIAL.COMMERCIAL,2025-08-08,Yes,"Demand not generated, hence not paid","Demand not generated, hence not paid","Demand not generated, hence not paid","Demand not generated, hence not paid","Demand not generated, hence not paid","Demand not generated, hence not paid","Demand not generated, hence not paid",Yes,Yes,Yes,Yes,Yes
PT-1014-2456995,"['952b86be-b58f-405e-8d9e-cc598af6700e', 'b44e4f4f-09d9-4dab-b558-9f79b0e1073a']",['PLC24'],120.0,RESIDENTIAL,2025-08-11,Yes,Yes,Yes,Yes,Yes,"Demand not generated, hence not paid","Demand not generated, hence not paid","Demand not generated, hence not paid",Yes,Yes,Yes,Yes,Yes
PT-1014-2457040,['e177f7e1-9a67-47f4-8f94-b1ab8efa52c7'],['PLC155'],33.34,NONRESIDENTIAL.COMMERCIAL,2025-08-11,No,No,No,No,No,No,No,No,No,No,No,No,Yes
PT-1014-2457131,"['4130fd26-abaa-4786-b162-81032a7ff2c6', '9a90d663-7828-4e96-a00c-73ba8fcc05bb', 'da3f04af-4963-42e7-bfff-61a64efd1a4c']",['PLC166'],160.0,RESIDENTIAL,2025-08-11,Yes,"Demand not generated, hence not paid","Demand not generated, hence not paid","Demand not generated, hence not paid","Demand not generated, hence not paid","Demand not generated, hence not paid","Demand not generated, hence not paid","Demand not generated, hence not paid","Demand not generated, hence not paid","Demand not generated, hence not paid",Yes,Yes,Yes
PT-1014-2457472,"['a9307ac2-5ac7-44dc-9278-676c9fc2a830', '02eda635-81cf-4a8e-a5b5-2067aca35c3e']",['PLC134'],188.0,RESIDENTIAL,2025-08-11,No,No,No,No,No,No,No,No,No,No,No,No,Yes
PT-1014-2457614,['9963f8d6-8b0e-4981-b6a3-5bb9c5e1477b'],['PLC13'],116.67,RESIDENTIAL,2025-08-11,Yes,"Demand not generated, hence not paid","Demand not generated, hence not paid","Demand not generated, hence not paid","Demand not generated, hence not paid","Demand not generated, hence not paid","Demand not generated, hence not paid","Demand not generated, hence not paid","Demand not generated, hence not paid","Demand not generated, hence not paid",Yes,Yes,Yes
PT-1014-2458479,['b5d16076-8dc8-4696-b7ab-c600e6647a9d'],['PLC31'],142.05,RESIDENTIAL,2025-08-12,Yes,"Demand not generated, hence not paid","Demand not generated, hence not paid","Demand not generated, hence not paid","Demand not generated, hence not paid","Demand not generated, hence not paid","Demand not generated, hence not paid",Yes,Yes,Yes,Yes,Yes,Yes
PT-1014-2458615,['a21e1c77-3279-4554-a06a-c99e0b23b2a5'],['PLC108'],81.53,NONRESIDENTIAL.COMMERCIAL,2025-08-12,No,No,No,No,No,No,No,No,No,No,No,No,Yes
PT-1014-2459180,['210601f0-364c-4cbc-b44b-e8061580fef6'],['PLC27'],332.1,NONRESIDENTIAL.COMMERCIAL,2025-08-12,No,No,No,No,No,No,No,No,No,No,No,No,Yes
PT-1014-2459351,['56204573-d5fc-496e-8ba0-7bd5f21e75c8'],['PLC76'],200.0,RESIDENTIAL,2025-08-12,Yes,"Demand not generated, hence not paid","Demand not generated, hence not paid","Demand not generated, hence not paid","Demand not generated, hence not paid","Demand not generated, hence not paid","Demand not generated, hence not paid","Demand not generated, hence not paid",Yes,Yes,Yes,Yes,Yes
PT-1014-2463350,['5b900967-d95b-46fb-b543-73dd558c745d'],['PLC75'],19.2,NONRESIDENTIAL.COMMERCIAL,2025-08-13,,No,No,No,No,No,No,No,No,No,No,No,Yes
PT-1014-2464072,['97a6ee0e-d7f8-46b1-802b-89799256f5c2'],['PLC38'],74.0,RESIDENTIAL,2025-08-13,,No,No,No,No,No,No,No,No,No,No,No,Yes
PT-1014-2464223,['ddb2f602-bd1f-4ac9-905a-b0a3dd6f0642'],['PLC75'],181.5,RESIDENTIAL,2025-08-13,No,No,No,No,No,No,No,No,No,No,No,No,Yes
PT-1014-704328,"['e40fc3cc-b1ab-4072-857c-b53567e30394', '6f192c33-7fb2-4c2f-9d07-59c29ac4ab32', '6dfe120f-7af8-41e7-b797-c586364d54d9']",['PLC160'],90.0,RESIDENTIAL,2019-11-04,,,,,,,Yes,Yes,Yes,Yes,No,Yes,Yes
PT-1014-705660,"['2343c788-545c-4ae5-876e-09a6258945c3', '2d723a6c-7e21-44fa-b7cd-b0525864d235', '8708aac8-d97b-4eb9-8f84-91cd44ecda7e']",['PLC142'],102.0,NONRESIDENTIAL.COMMERCIAL,2024-08-07,,,,,,,Yes,Yes,"Demand not generated, hence not paid",Yes,Yes,Yes,Yes
PT-1014-705663,['09f36b2d-e65c-485f-97f5-3f31ec3bb8c3'],['PLC67'],29.0,NONRESIDENTIAL.COMMERCIAL,2019-11-07,,,,,,,Yes,Yes,"Demand not generated, hence not paid",Yes,Yes,Yes,Yes
PT-1014-706211,['d4e02fbc-df2d-47b4-a099-ecbc08062608'],['PLC138'],210.0,RESIDENTIAL,2022-05-31,,,,,,,Yes,Yes,Yes,Yes,No,Yes,Yes
PT-1014-706214,['4149acdc-d969-4a63-8667-1375da86db15'],['PLC138'],150.0,RESIDENTIAL,2019-11-13,,,,,,,Yes,Yes,Yes,Yes,No,Yes,Yes
PT-1014-706242,['9a8b3d39-8dbc-4fac-8830-004b450dbe39'],['PLC74'],140.0,RESIDENTIAL,2019-11-13,,,,,,,Yes,"Demand not generated, hence not paid",Yes,Yes,Yes,Yes,Yes
PT-1014-706654,"['cd1f0df1-4f61-46a1-b0b8-f7a11d43015d', '683feb59-08be-4b88-823e-650552cb09eb']",['PLC144'],80.0,MIXED,2019-11-13,,,,,,Yes,"Demand not generated, hence not paid",No,No,No,No,No,Yes
PT-1014-706793,['c3e9b3ce-929b-4b1c-96e7-8a96c4ea7a7e'],['PLC185'],34.0,MIXED,2019-11-14,,,,,,,Yes,Yes,Yes,"Demand not generated, hence not paid",Yes,Yes,Yes
PT-1014-706962,['537c652e-a349-497b-94cf-de1b46db7424'],['PLC142'],14.0,MIXED,2019-11-14,,,,,,,Yes,Yes,Yes,"Demand not generated, hence not paid",Yes,Yes,Yes
PT-1014-707094,['f214ffd6-0f50-4976-a2d2-f6e2e1bb8726'],['PLC50'],353.0,RESIDENTIAL,2019-11-14,,,,,,,Yes,Yes,"Demand not generated, hence not paid",Yes,Yes,Yes,Yes
PT-1014-707153,['cd1f0df1-4f61-46a1-b0b8-f7a11d43015d'],['PLC144'],150.0,NONRESIDENTIAL.COMMERCIAL,2023-08-09,,,,,,Yes,"Demand not generated, hence not paid","Demand not generated, hence not paid",Yes,Yes,Yes,Yes,Yes
PT-1014-707156,['8ba66935-aae1-45d8-b739-8afd43f02766'],['PLC144'],126.0,NONRESIDENTIAL.COMMERCIAL,2023-08-09,,,,,,Yes,Yes,"Demand not generated, hence not paid","Demand not generated, hence not paid",Yes,Yes,Yes,Yes
PT-1014-707160,['cdecddcb-f9f1-4276-8ffe-be7b81a12744'],['PLC144'],144.0,MIXED,2025-04-15,,,,,,Yes,Yes,"Demand not generated, hence not paid","Demand not generated, hence not paid",Yes,Partial,Yes,Yes
PT-1014-707249,"['d35daabd-0df9-43c8-a19f-eaf6819a154e', '22dd22bc-f3be-476d-9241-0b88446e1c2e']",['PLC138'],506.0,RESIDENTIAL,2019-11-15,,,,,Yes,Yes,Yes,"Demand not generated, hence not paid",Yes,Yes,Yes,Yes,Yes
PT-1014-707612,['ff3f4ba4-2f95-49cf-b91a-c2a37b115395'],['PLC82'],23.0,NONRESIDENTIAL.COMMERCIAL,2019-11-15,,,,,,,Yes,"Demand not generated, hence not paid",Yes,Yes,Yes,Yes,Yes
PT-1014-707631,['9c84f31e-78b6-40f1-bb4b-8ed204bff6aa'],['PLC11'],180.0,RESIDENTIAL,2019-11-15,,,,,,,Yes,"Demand not generated, hence not paid",Yes,Yes,Yes,Yes,Yes
PT-1014-707845,['46c76825-5272-4597-a598-c9efdcf53e5f'],['PLC100'],160.0,MIXED,2022-05-18,,,,,,,Yes,Yes,Yes,"Demand not generated, hence not paid",Yes,Yes,Yes
PT-1014-708031,['2f8d9574-6bf6-425b-9f1f-ae0d9185b4af'],['PLC75'],2000.0,NONRESIDENTIAL.COMMERCIAL,2019-11-18,,,,,,,Yes,Yes,"Demand not generated, hence not paid",Yes,Yes,Yes,Yes
PT-1014-708045,['1221a763-c81d-43bd-8778-94e0183a966d'],['PLC182'],28.0,NONRESIDENTIAL.COMMERCIAL,2025-05-13,,Yes,Yes,Yes,Yes,Yes,Yes,"Demand not generated, hence not paid","Demand not generated, hence not paid",Yes,Yes,Yes,Yes
PT-1014-708948,['b2c89e32-d66f-4d4e-aa40-e74915002456'],['PLC157'],80.0,NONRESIDENTIAL.COMMERCIAL,2023-07-24,,,,,,,Yes,"Demand not generated, hence not paid","Demand not generated, hence not paid","Demand not generated, hence not paid",Yes,Yes,Yes
PT-1014-709147,['f6addac9-b2d7-457f-adfa-a60a09d29cc4'],['PLC114'],22.4,NONRESIDENTIAL.COMMERCIAL,2019-11-21,,Yes,Yes,Yes,Yes,Yes,Yes,Yes,Yes,"Demand not generated, hence not paid",Yes,Yes,Yes
PT-1014-709553,"['23677fe0-295b-4373-9309-593a7a3e7f94', '65495e12-ea63-46b3-af54-95072a72357b', '8c07e5b1-fee4-44cf-b95b-ba39bbe492ac']",['PLC142'],708.8,NONRESIDENTIAL.COMMERCIAL,2022-09-13,,,,,,,Yes,Yes,Yes,"Demand not generated, hence not paid",Yes,Yes,Yes
PT-1014-709763,['f2d996b6-30fc-415d-9cb5-4fb6c74aa898'],['PLC142'],41.0,MIXED,2019-11-22,,Yes,Yes,Yes,Yes,Yes,Yes,No,Yes,Yes,No,Yes,Yes
PT-1014-710644,"['c7030c65-edc2-4163-8a94-b65aad65265f', 'fc83751a-56e0-4db3-bd6c-afb4f7ca6d4e']",['PLC185'],200.0,MIXED,2019-11-26,,,,,Yes,Yes,Yes,"Demand not generated, hence not paid","Demand not generated, hence not paid","Demand not generated, hence not paid",Yes,Yes,Yes
PT-1014-711035,['0f54f981-05ce-43e9-8e16-c517091e8493'],['PLC31'],810.0,NONRESIDENTIAL.INDUSTRIAL,2025-03-28,,,,,Yes,Yes,Yes,Yes,Yes,Yes,No,No,Yes
PT-1014-711058,['ed1b1fad-f2aa-4a63-b537-f70c28d995af'],['PLC100'],145.0,MIXED,2024-11-11,,,,,,,Yes,"Demand not generated, hence not paid",Yes,Yes,Yes,Yes,Yes
PT-1014-712050,['e8fba16d-f556-433e-a6b8-7623aef6f238'],['PLC144'],,RESIDENTIAL,2019-11-29,,,,,,Yes,Yes,Yes,Yes,Yes,Yes,No,Yes
PT-1014-712113,['8a24198c-1f5d-4244-b5dc-9d83c12b736d'],['PLC82'],500.0,RESIDENTIAL,2019-11-29,,,,,,,Yes,Yes,"Demand not generated, hence not paid",Yes,Yes,Yes,Yes
PT-1014-712391,['2798d6dd-af73-406f-9794-39234906caa3'],['PLC142'],36.0,NONRESIDENTIAL.COMMERCIAL,2025-02-19,,,,,,,Yes,Yes,"Demand not generated, hence not paid",Yes,Yes,Yes,Yes
PT-1014-712584,['d2e1f427-9a16-461d-aa78-b5b280d50b26'],['PLC132'],220.0,RESIDENTIAL,2019-12-02,,,,,,,Yes,"Demand not generated, hence not paid",Yes,Yes,Yes,Yes,Yes
PT-1014-712707,['7a2e7764-a4f6-4921-a91c-40728435047c'],['PLC134'],234.0,RESIDENTIAL,2019-12-02,,,Yes,Yes,Yes,Yes,Yes,"Demand not generated, hence not paid",Yes,Yes,Yes,Yes,Yes
PT-1014-712847,['9bf03b3c-f27b-433b-8b1e-d7c9749c6b7c'],['PLC54'],138.0,NONRESIDENTIAL.INDUSTRIAL,2019-12-02,,Yes,Yes,Yes,Yes,Yes,Yes,Yes,Yes,No,"Demand not generated, hence not paid",Yes,Yes
PT-1014-712852,['6996001c-4763-438e-a21f-04134ac915ae'],['PLC54'],42.0,NONRESIDENTIAL.INDUSTRIAL,2019-12-02,,Yes,Yes,Yes,Yes,Yes,Yes,Yes,Yes,Yes,Yes,No,Yes
PT-1014-713320,['3514c62b-7de8-4fde-8b5e-c9fa0a84b667'],['PLC182'],25.0,NONRESIDENTIAL.COMMERCIAL,2019-12-03,,,,,,Yes,Yes,"Demand not generated, hence not paid",Yes,Yes,Yes,Yes,Yes
PT-1014-713329,['3514c62b-7de8-4fde-8b5e-c9fa0a84b667'],['PLC182'],47.0,NONRESIDENTIAL.COMMERCIAL,2019-12-03,,,,,,Yes,Yes,"Demand not generated, hence not paid","Demand not generated, hence not paid","Demand not generated, hence not paid",Yes,Yes,Yes
PT-1014-713468,['601dfd7d-8ffa-46f4-96a7-5496c5943272'],['PLC2'],520.0,RESIDENTIAL,2019-12-03,,,Yes,Yes,Yes,Yes,Yes,Yes,Yes,Yes,No,No,Yes
PT-1014-713515,['33cc7494-9975-497b-89f1-646a5a884407'],['PLC58'],200.0,RESIDENTIAL,2019-12-03,,,,,,,Yes,Yes,Yes,Yes,Yes,No,Yes
PT-1014-713829,['13308c1a-0c2d-44d4-b687-bc6ed29532eb'],['PLC155'],212.0,NONRESIDENTIAL.COMMERCIAL,2019-12-04,,,,,,,Yes,Yes,"Demand not generated, hence not paid",Yes,Yes,Yes,Yes
PT-1014-713991,['63c4c907-0c3c-4149-adc7-16d457a8d7cc'],['PLC187'],223.0,RESIDENTIAL,2019-12-04,,,,,,Yes,Yes,Yes,Yes,Yes,No,Yes,Yes
PT-1014-714108,['82812ee4-e79c-42bc-b68d-350b7b214188'],['PLC57'],81.0,NONRESIDENTIAL.COMMERCIAL,2025-02-22,,,,,,Yes,Yes,"Demand not generated, hence not paid",Yes,Yes,Yes,Yes,Yes
PT-1014-714180,['1eabffbc-1a21-47b5-9863-1cbbfddd6beb'],['PLC167'],15.0,NONRESIDENTIAL.COMMERCIAL,2019-12-04,,,,,,,Yes,"Demand not generated, hence not paid","Demand not generated, hence not paid",Yes,Yes,Yes,Yes
PT-1014-714315,['538ea097-cdc8-41a0-be43-cfdc4b12e284'],['PLC2'],39.0,MIXED,2021-12-09,,,,,,,Yes,Yes,"Demand not generated, hence not paid",Yes,Yes,Yes,Yes
PT-1014-714348,['5e3b9514-cf4e-4bc5-a420-648a19cb931f'],['PLC94'],52.0,NONRESIDENTIAL.COMMERCIAL,2019-12-05,,,,,Yes,Yes,Yes,Yes,Yes,Yes,Yes,No,Yes
PT-1014-714352,"['ec91fb4e-e686-4a41-997b-47b7e9692ade', '26045d2f-e5f5-4242-b276-f74d500ca29f', '1782bba3-807b-49ae-b193-fc07175301ca']",['PLC51'],52.0,NONRESIDENTIAL.COMMERCIAL,2025-02-14,,,,,,,Yes,Yes,"Demand not generated, hence not paid",Yes,Yes,Yes,Yes
PT-1014-714357,['5e3b9514-cf4e-4bc5-a420-648a19cb931f'],['PLC94'],15.0,NONRESIDENTIAL.COMMERCIAL,2019-12-05,,,,,Yes,Yes,Yes,Yes,Yes,Yes,Yes,No,Yes
PT-1014-714361,['bc691ada-54e2-4e4d-b939-ccae5013a61d'],['PLC188'],22.0,NONRESIDENTIAL.COMMERCIAL,2019-12-05,,,,,Yes,Yes,Yes,Yes,"Demand not generated, hence not paid",Yes,Yes,Yes,Yes
PT-1014-714377,['19b9b680-87f0-4baf-9ecb-18a34ce64e72'],['PLC188'],22.0,NONRESIDENTIAL.COMMERCIAL,2019-12-05,,,,,Yes,Yes,Yes,Yes,"Demand not generated, hence not paid",Yes,Yes,Yes,Yes
PT-1014-714521,['0b757507-657c-4c3a-a3e1-e73761b68ee6'],['PLC167'],22.0,NONRESIDENTIAL.COMMERCIAL,2019-12-05,,,,,,Yes,Yes,Yes,Yes,Yes,Yes,No,Yes
PT-1014-715131,['42c5285a-63e6-4134-a484-74e0ad0b90c2'],['PLC57'],67.0,NONRESIDENTIAL.COMMERCIAL,2022-09-02,,,,,,Yes,Yes,Yes,No,No,No,Yes,Yes
PT-1014-753853,['c7de417a-81fd-4f43-82fc-6fb7d3aa06a2'],['PLC155'],25.0,NONRESIDENTIAL.COMMERCIAL,2019-12-09,,,,,,,Yes,"Demand not generated, hence not paid",Yes,"Demand not generated, hence not paid",Yes,Yes,Yes
PT-1014-754526,['fadbe1d3-0801-455e-9095-064aef89bbac'],['PLC110'],300.0,MIXED,2024-09-19,,,,,,,Yes,"Demand not generated, hence not paid",Yes,Yes,Yes,Yes,Yes
PT-1014-754539,['399574bf-762e-46d0-9e11-f5315bf4b1dd'],['PLC7'],280.0,RESIDENTIAL,2019-12-10,,,,,,Yes,Yes,"Demand not generated, hence not paid","Demand not generated, hence not paid",Yes,Yes,Yes,Yes
PT-1014-754686,['994f6f25-c0de-43ba-a260-26f3fbc46197'],['PLC57'],33.0,NONRESIDENTIAL.COMMERCIAL,2019-12-10,,,,,Yes,Yes,Yes,Yes,Yes,Yes,"Demand not generated, hence not paid",Yes,Yes
PT-1014-754873,['17133c84-1c30-4212-880f-630f981f1acd'],['PLC163'],32.0,NONRESIDENTIAL.COMMERCIAL,2022-06-21,,Yes,Yes,Yes,Yes,Yes,Yes,Yes,Yes,Yes,"Demand not generated, hence not paid",Yes,Yes
PT-1014-755905,['c48b5a98-5a8f-44cc-be04-c0b0b5997e83'],['PLC167'],486.0,NONRESIDENTIAL.COMMERCIAL,2019-12-12,,,,,Yes,Yes,"Demand not generated, hence not paid",No,No,No,No,No,Yes
PT-1014-755951,['8d6d43c2-5f85-4ce8-8de3-863bf5d183ee'],['PLC179'],203.0,MIXED,2019-12-12,,,,,,,Yes,Yes,Yes,"Demand not generated, hence not paid",Yes,Yes,Yes
PT-1014-757073,"['b8e4f1a5-7129-4890-91be-9ae253b7c3e2', '683feb59-08be-4b88-823e-650552cb09eb']",['PLC144'],45.0,MIXED,2019-12-16,,,,,,Yes,"Demand not generated, hence not paid",No,No,No,No,No,Yes
PT-1014-757202,"['b8e4f1a5-7129-4890-91be-9ae253b7c3e2', '683feb59-08be-4b88-823e-650552cb09eb']",['PLC144'],120.0,NONRESIDENTIAL.COMMERCIAL,2025-04-15,,,,,,Yes,Yes,Yes,"Demand not generated, hence not paid",Yes,Yes,Yes,Yes
PT-1014-757315,"['794e34d4-9f1c-4236-869d-d823bd4748bd', 'd8558191-5824-49c9-b764-38fcb93d4825']",['PLC184'],356.0,NONRESIDENTIAL.COMMERCIAL,2024-12-11,,Yes,Yes,Yes,Yes,Yes,Yes,Yes,"Demand not generated, hence not paid",Yes,Yes,Yes,Yes
PT-1014-757623,['831be5c2-6a5e-4444-b1b1-44de5278df41'],['PLC169'],34.0,NONRESIDENTIAL.COMMERCIAL,2021-07-28,,,,,Yes,Yes,Yes,"Demand not generated, hence not paid","Demand not generated, hence not paid",Yes,Yes,Yes,Yes
PT-1014-757782,"['a63d79d9-f01c-492d-96be-a0f0346c028f', '874095fe-d74d-4fac-a762-74823026c1b8']",['PLC52'],60.0,NONRESIDENTIAL.COMMERCIAL,2023-06-02,,Yes,Yes,Yes,Yes,Yes,Yes,Yes,"Demand not generated, hence not paid",Yes,Yes,Yes,Yes
PT-1014-757830,['9277c97e-48f4-4d2e-b650-911fa8c3a283'],['PLC33'],200.0,RESIDENTIAL,2019-12-17,,,,,,,Yes,"Demand not generated, hence not paid","Demand not generated, hence not paid",Yes,Yes,Yes,Yes
PT-1014-757854,"['9ffd66fa-9274-49ae-baea-213aa873b69f', '7a2e7764-a4f6-4921-a91c-40728435047c']",['PLC210'],250.0,RESIDENTIAL,2019-12-17,,,,,Yes,Yes,Yes,"Demand not generated, hence not paid",Yes,Yes,Yes,Yes,Yes
PT-1014-757913,['6989b5cf-e7f4-4dc4-974f-d759e764c190'],['PLC20'],30.0,NONRESIDENTIAL.COMMERCIAL,2022-02-04,,,,,,,Yes,Yes,"Demand not generated, hence not paid",Yes,No,No,Yes
PT-1014-757926,['0e660a2f-4ce0-4c9e-a969-b08f7bfe4d62'],['PLC2'],400.0,RESIDENTIAL,2019-12-17,,,,,,,Yes,Yes,Yes,"Demand not generated, hence not paid",Yes,Yes,Yes
PT-1014-758180,['85186ddc-14c0-4fd3-97ec-8341a747708b'],['PLC186'],200.0,RESIDENTIAL,2019-12-18,,,,,,Yes,Yes,Yes,Yes,Yes,Yes,No,Yes
PT-1014-758357,['5f7164f5-e406-43bc-9d72-8288ec1c0417'],['PLC211'],200.0,RESIDENTIAL,2019-12-18,,,,,,,Yes,Yes,"Demand not generated, hence not paid",Yes,Yes,Yes,Yes
PT-1014-758637,['23430b19-0548-4d84-8f67-ad562600169b'],['PLC156'],203.0,RESIDENTIAL,2021-03-31,,,,,,,Yes,Yes,Yes,Yes,Yes,No,Yes
PT-1014-758716,['5f3ac580-8a0d-414b-a1e7-f6fd168af51e'],['PLC183'],19.0,NONRESIDENTIAL.COMMERCIAL,2019-12-18,,,Yes,Yes,Yes,Yes,Yes,Yes,Yes,Yes,No,Yes,Yes
PT-1014-758792,['a6bdef64-90e2-497a-af51-b9aa72a5ba56'],['PLC68'],220.0,RESIDENTIAL,2019-12-18,,,,,,,Yes,Yes,Yes,Yes,Yes,No,Yes
PT-1014-758807,['9277c97e-48f4-4d2e-b650-911fa8c3a283'],['PLC82'],25.0,NONRESIDENTIAL.COMMERCIAL,2019-12-18,,,,,,,Yes,"Demand not generated, hence not paid","Demand not generated, hence not paid",Yes,Yes,Yes,Yes
PT-1014-759816,['4dc9c4be-7f72-4dfc-8c39-5879434c7ec7'],['PLC74'],102.0,RESIDENTIAL,2019-12-20,,Yes,Yes,Yes,Yes,Yes,Yes,No,No,No,No,Yes,Yes
PT-1014-759910,['f2f7b7a0-2896-4513-8253-f90308f7b491'],['PLC14'],240.0,RESIDENTIAL,2019-12-20,,,,,,,Yes,Yes,Yes,Yes,"Demand not generated, hence not paid",Yes,Yes
PT-1014-759937,['3ebc013a-f4a9-42c3-82ad-1daeb9bfb3ce'],['PLC14'],240.0,RESIDENTIAL,2019-12-20,,,,,,,Yes,Yes,Yes,Yes,"Demand not generated, hence not paid",Yes,Yes
PT-1014-759950,['b1039b9b-dafb-44aa-b07b-dfebf595e40c'],['PLC51'],354.0,RESIDENTIAL,2019-12-20,,,,,,,,No,No,No,No,No,Yes
PT-1014-759977,['72427e1f-fbdf-4234-ada9-2cc01cad2332'],['PLC51'],800.0,NONRESIDENTIAL.COMMERCIAL,2019-12-20,,,,,,,Yes,Yes,"Demand not generated, hence not paid",Yes,Yes,Yes,Yes
PT-1014-760312,['a60876cf-d9c3-4149-a488-b1b8523eb315'],['PLC34'],122.0,NONRESIDENTIAL.COMMERCIAL,2022-07-19,,,,,,,Yes,Yes,Yes,"Demand not generated, hence not paid",Yes,Yes,Yes
PT-1014-761549,"['975b272b-c1a0-4661-a003-21a316264675', 'cdda6123-64e4-456d-b395-05a4a7b334b1']",['PLC143'],14.0,NONRESIDENTIAL.COMMERCIAL,2019-12-24,,,,,,Yes,Yes,Yes,"Demand not generated, hence not paid",Yes,Yes,Yes,Yes
PT-1014-761619,['63350fdb-8836-4a97-ac26-30213d0cb810'],['PLC6'],120.0,RESIDENTIAL,2019-12-24,,,,,Yes,Yes,Yes,Yes,Yes,Yes,Yes,No,Yes
PT-1014-761668,['92bf6eac-9086-4f1d-836e-d326b331c1da'],['PLC200'],180.0,RESIDENTIAL,2019-12-24,Yes,"Demand not generated, hence not paid","Demand not generated, hence not paid","Demand not generated, hence not paid","Demand not generated, hence not paid","Demand not generated, hence not paid","Demand not generated, hence not paid",Yes,Yes,Yes,Yes,Yes,Yes
PT-1014-761677,['125b78e9-2cc7-4751-8085-d1885406d991'],['PLC13'],300.0,RESIDENTIAL,2019-12-24,Yes,"Demand not generated, hence not paid","Demand not generated, hence not paid","Demand not generated, hence not paid","Demand not generated, hence not paid","Demand not generated, hence not paid","Demand not generated, hence not paid",Yes,Yes,Yes,Yes,Yes,Yes
PT-1014-761714,['9c9ed790-cd6f-4a13-99c3-c43497f5c8d5'],['PLC81'],180.0,RESIDENTIAL,2019-12-24,Yes,Yes,Yes,Yes,Yes,Yes,Yes,"Demand not generated, hence not paid",Yes,Yes,Yes,Yes,Yes
PT-1014-761885,['807d0462-cfc7-4264-a52a-52b76f339134'],['PLC186'],100.0,RESIDENTIAL,2019-12-24,Yes,"Demand not generated, hence not paid","Demand not generated, hence not paid","Demand not generated, hence not paid","Demand not generated, hence not paid","Demand not generated, hence not paid","Demand not generated, hence not paid",Yes,Yes,Yes,Yes,Yes,Yes
PT-1014-761896,"['c0d91887-7c10-4989-834a-7d78d2ae5ea6', '6e9443ce-711b-41b0-9ce3-128e3a2116f0']",['PLC186'],100.0,RESIDENTIAL,2019-12-24,Yes,"Demand not generated, hence not paid","Demand not generated, hence not paid","Demand not generated, hence not paid","Demand not generated, hence not paid","Demand not generated, hence not paid","Demand not generated, hence not paid",Yes,Yes,Yes,Yes,Yes,Yes
PT-1014-761906,"['6e9443ce-711b-41b0-9ce3-128e3a2116f0', '807d0462-cfc7-4264-a52a-52b76f339134']",['PLC186'],120.0,RESIDENTIAL,2019-12-24,Yes,"Demand not generated, hence not paid","Demand not generated, hence not paid","Demand not generated, hence not paid","Demand not generated, hence not paid","Demand not generated, hence not paid","Demand not generated, hence not paid",Yes,Yes,Yes,Yes,Yes,Yes
PT-1014-762530,['24a371e8-dca0-42c0-92f3-918041bf7c7f'],['PLC112'],302.0,RESIDENTIAL,2019-12-26,,,,,,,Yes,"Demand not generated, hence not paid",Yes,Yes,Yes,Yes,Yes
PT-1014-762536,['84f09f9f-a72f-4ffa-88db-befb3a180d0e'],['PLC184'],100.0,RESIDENTIAL,2019-12-26,,,,,,,Yes,Yes,Yes,Yes,Yes,"Demand not generated, hence not paid",Yes
PT-1014-762583,"['46bbbe75-dcf9-4cd4-bad6-af4369ccc653', '5b7677cf-fa4c-4e54-a473-0afe2dbaed08']",['PLC164'],480.0,RESIDENTIAL,2019-12-26,Yes,"Demand not generated, hence not paid","Demand not generated, hence not paid","Demand not generated, hence not paid","Demand not generated, hence not paid","Demand not generated, hence not paid","Demand not generated, hence not paid",Yes,Yes,Yes,Yes,Yes,Yes
PT-1014-763276,['0ff7d409-111f-40de-9edf-6c27fc8f4ad3'],['PLC180'],40.0,NONRESIDENTIAL.COMMERCIAL,2019-12-27,,,,,,,Yes,Yes,Yes,"Demand not generated, hence not paid",Yes,Yes,Yes
PT-1014-763453,"['01129c37-75a8-4028-a75a-117c49700eea', 'ea44a469-78c5-4c60-97ea-68037f50ea7e']",['PLC149'],400.0,RESIDENTIAL,2019-12-27,,,,,,,Yes,Yes,"Demand not generated, hence not paid","Demand not generated, hence not paid",Yes,Yes,Yes
PT-1014-763492,['32a2413a-254a-4ded-9e49-f3d133c36dc5'],['PLC15'],142.0,NONRESIDENTIAL.COMMERCIAL,2019-12-27,,,,,,,Yes,Yes,Yes,Yes,Yes,No,Yes
PT-1014-765771,['5d5da811-f8a2-4c8b-b1a8-deb7e283decc'],['PLC81'],220.0,RESIDENTIAL,2019-12-31,,,,,,Yes,Yes,"Demand not generated, hence not paid",Yes,Yes,Yes,Yes,Yes
PT-1014-765858,"['68bdeacb-b7cd-4850-8db9-e424e85a3f8d', 'dcb2f41e-8ed2-4bd7-8f79-2366a15093cc']",['PLC52'],175.0,NONRESIDENTIAL.COMMERCIAL,2019-12-31,,,,,,,Yes,Yes,Yes,"Demand not generated, hence not paid",Yes,Yes,Yes
PT-1014-766104,"['0add6d62-eb8e-4a82-aef9-4edbff57bd8f', '63d5fe8b-3fcb-4004-9239-629075b3d969', 'e05d1f6a-b93c-4e06-8aea-6a50e67918e9']",['PLC51'],1625.0,NONRESIDENTIAL.COMMERCIAL,2020-01-01,,,,,,,Yes,Yes,Yes,"Demand not generated, hence not paid",Yes,Yes,Yes
PT-1014-766168,['d8ff2938-0695-4ba2-a1cc-b18ad6db4e24'],['PLC61'],294.0,MIXED,2020-01-01,,,,,,,Yes,Yes,Yes,"Demand not generated, hence not paid",Yes,Yes,Yes
PT-1014-766238,"['9e314bf8-ef44-4df3-8e64-2468ef7b49db', 'bc5f7392-2fa7-4d29-91d7-4dbf5f469247', 'c50222ed-f551-4999-bde0-44c25b921fac', '5eff9458-3259-4640-8dfd-1b0155f1eef5']",['PLC51'],200.0,NONRESIDENTIAL.COMMERCIAL,2022-12-19,,,,,,Yes,Yes,Yes,Yes,"Demand not generated, hence not paid",Yes,Yes,Yes
PT-1014-766249,['2f61f55b-6b31-4e8d-ad02-3a7dfea6c7e7'],['PLC169'],34.0,NONRESIDENTIAL.COMMERCIAL,2020-01-01,,,,,,,Yes,"Demand not generated, hence not paid","Demand not generated, hence not paid",Yes,Yes,Yes,Yes
PT-1014-766957,['6e5952ef-c9fc-4b9d-b0f5-0a310d86c994'],['PLC81'],320.0,RESIDENTIAL,2020-01-03,,,,,,,Yes,Yes,Yes,Yes,"Demand not generated, hence not paid",Yes,Yes
PT-1014-767104,['97b686ad-2eec-43d9-af5f-b45bab5ed553'],['PLC183'],37.6,NONRESIDENTIAL.COMMERCIAL,2020-01-03,,,Yes,Yes,Yes,Yes,Yes,Yes,"Demand not generated, hence not paid","Demand not generated, hence not paid",Yes,Yes,Yes
PT-1014-767603,['cbd17dee-4194-4671-8b1d-e3b9c89a14d1'],['PLC210'],12.4,NONRESIDENTIAL.COMMERCIAL,2023-03-18,,,,,,,Yes,Yes,Yes,"Demand not generated, hence not paid",Yes,Yes,Yes
PT-1014-768838,['5d5459e8-cd87-4e6c-bc99-df02fc45cb5c'],['PLC103'],100.0,RESIDENTIAL,2020-01-09,Yes,"Demand not generated, hence not paid","Demand not generated, hence not paid","Demand not generated, hence not paid","Demand not generated, hence not paid","Demand not generated, hence not paid","Demand not generated, hence not paid",Yes,Yes,Yes,Yes,Yes,Yes
PT-1014-768843,['85e8e316-dcc3-43ea-8676-900b3394b099'],['PLC144'],100.0,RESIDENTIAL,2020-01-09,Yes,"Demand not generated, hence not paid","Demand not generated, hence not paid","Demand not generated, hence not paid","Demand not generated, hence not paid","Demand not generated, hence not paid","Demand not generated, hence not paid",Yes,Yes,Yes,Yes,Yes,Yes
PT-1014-768965,"['8f124e36-d25c-4f74-9736-ee8776d3093a', '212d78c3-0b5f-464a-afe9-5fb7cd7278b1']",['PLC126'],223.0,MIXED,2020-01-09,,,,,,,Yes,"Demand not generated, hence not paid",Yes,Yes,Yes,Yes,Yes
PT-1014-769181,['314c7a08-100e-4224-bf23-265a47a00059'],['PLC188'],100.0,RESIDENTIAL,2020-01-09,Yes,"Demand not generated, hence not paid","Demand not generated, hence not paid","Demand not generated, hence not paid","Demand not generated, hence not paid","Demand not generated, hence not paid","Demand not generated, hence not paid",Yes,Yes,Yes,Yes,Yes,Yes
PT-1014-769229,['e1aca6f9-5676-4e38-88b7-a57ec953b0aa'],['PLC151'],520.0,RESIDENTIAL,2020-01-09,Yes,"Demand not generated, hence not paid","Demand not generated, hence not paid","Demand not generated, hence not paid","Demand not generated, hence not paid","Demand not generated, hence not paid","Demand not generated, hence not paid",No,No,No,No,No,Yes
PT-1014-769255,['3a86dcd4-5588-4a99-b70d-cd0e82253316'],['PLC191'],60.0,RESIDENTIAL,2020-01-09,Yes,"Demand not generated, hence not paid","Demand not generated, hence not paid","Demand not generated, hence not paid","Demand not generated, hence not paid","Demand not generated, hence not paid","Demand not generated, hence not paid",Yes,Yes,Yes,Yes,Yes,Yes
PT-1014-769521,['8fc05344-7b37-47a4-b9bc-6b5ddff8742c'],['PLC163'],51.0,NONRESIDENTIAL.COMMERCIAL,2020-01-10,,,,,,,Yes,Yes,"Demand not generated, hence not paid","Demand not generated, hence not paid",Yes,Yes,Yes
PT-1014-769613,['12964d2e-3018-40b6-972b-c41621a3c544'],['PLC42'],160.0,RESIDENTIAL,2020-01-10,,,,,,,Yes,Yes,"Demand not generated, hence not paid",Yes,Yes,Yes,Yes
PT-1014-769752,"['7175b1b6-8aa5-41c4-8d7f-476a669f2e02', '83dbd539-26c1-4588-b5dc-8637b49a3948', '226b4801-567e-435d-a195-1247860c622a', '2ea77b78-eec8-40ef-829b-6f92055084d4', 'd079a19d-ffa6-4725-a2d8-3531e14fe423', '99092146-af68-4da6-b777-a26354bcbd12']",['PLC184'],200.0,RESIDENTIAL,2025-02-24,,,,,,,Yes,Yes,Yes,Yes,"Demand not generated, hence not paid",Yes,Yes
PT-1014-769755,['560adba9-63e8-403c-b02f-40464c809410'],['PLC134'],200.0,RESIDENTIAL,2020-01-10,Yes,Yes,"Demand not generated, hence not paid","Demand not generated, hence not paid","Demand not generated, hence not paid","Demand not generated, hence not paid","Demand not generated, hence not paid",No,No,No,No,No,Yes
PT-1014-769777,['3221b2d5-06ca-4756-abdb-87a3bc1debe9'],['PLC94'],53.0,MIXED,2020-01-10,,,,,,,Yes,Yes,Yes,Yes,Yes,No,Yes
PT-1014-769969,['e6ae0edd-9090-486a-bbcb-1a1075d2e052'],['PLC211'],160.0,RESIDENTIAL,2020-01-13,,,,,,,Yes,"Demand not generated, hence not paid","Demand not generated, hence not paid",Yes,Yes,Yes,Yes
PT-1014-770798,['079b3002-3b5a-45de-89a5-3a99adcedf72'],['PLC5'],1300.0,RESIDENTIAL,2020-01-15,,,,,,,Yes,"Demand not generated, hence not paid",Yes,Yes,Yes,Yes,Yes
PT-1014-771183,['b44bf8e3-575f-4e9b-981d-d530d89c5d16'],['PLC154'],121.0,RESIDENTIAL,2020-01-15,,,,,,,Yes,Yes,Yes,Yes,No,Yes,Yes
PT-1014-771389,['3eb85931-5e73-40d1-8449-cf45ab2538e6'],['PLC121'],78.0,NONRESIDENTIAL.COMMERCIAL,2020-01-16,,Yes,Yes,Yes,Yes,Yes,Yes,Yes,Yes,Yes,Yes,No,Yes
PT-1014-771556,"['8bae57ef-e232-441e-ac69-5533e1d4d7b4', 'fed4b046-2268-473f-b73b-e56d12d9c9ed']",['PLC81'],240.0,RESIDENTIAL,2023-07-20,,,,,,,Yes,Yes,Yes,"Demand not generated, hence not paid",Yes,Yes,Yes
PT-1014-771609,['21dc9bf1-06b5-4103-8044-e7c7c75eb1e7'],['PLC96'],85.0,RESIDENTIAL,2020-01-16,Yes,"Demand not generated, hence not paid","Demand not generated, hence not paid","Demand not generated, hence not paid","Demand not generated, hence not paid","Demand not generated, hence not paid","Demand not generated, hence not paid",Yes,Yes,Yes,Yes,Yes,Yes
PT-1014-771614,['557a48dd-4ce3-4dcd-9821-f54d3ef3c3ad'],['PLC17'],90.0,RESIDENTIAL,2020-01-16,Yes,"Demand not generated, hence not paid","Demand not generated, hence not paid","Demand not generated, hence not paid","Demand not generated, hence not paid","Demand not generated, hence not paid","Demand not generated, hence not paid",Yes,Yes,Yes,Yes,Yes,Yes
PT-1014-771763,['d2e103b1-bbc8-4301-a531-02acc5a572ec'],['PLC134'],200.0,RESIDENTIAL,2022-03-24,,,,,,,Yes,Yes,Yes,"Demand not generated, hence not paid",Yes,Yes,Yes
PT-1014-771787,['dcd33c66-aaf4-4cf3-a315-6e89b5b89db9'],['PLC152'],280.0,RESIDENTIAL,2023-02-09,Yes,Yes,Yes,Yes,Yes,Yes,Yes,Yes,Yes,Yes,Yes,No,Yes
PT-1014-771806,['dcd33c66-aaf4-4cf3-a315-6e89b5b89db9'],['PLC152'],950.0,RESIDENTIAL,2020-01-16,Yes,"Demand not generated, hence not paid","Demand not generated, hence not paid","Demand not generated, hence not paid","Demand not generated, hence not paid","Demand not generated, hence not paid","Demand not generated, hence not paid",Yes,Yes,Yes,Yes,Yes,Yes
PT-1014-771883,['50554e84-47f8-4665-a122-a9b0798d0160'],['PLC33'],44.0,MIXED,2020-01-16,,,,,Yes,Yes,Yes,"Demand not generated, hence not paid",Yes,Yes,Yes,No,Yes
PT-1014-772172,['f730b0fc-2581-443f-a2c0-208361e1e5e4'],['PLC121'],100.0,MIXED,2020-01-17,,,,,,,Yes,Yes,"Demand not generated, hence not paid",Yes,Yes,Yes,Yes
PT-1014-772197,['7b808690-5bae-4606-b686-9adb74da242d'],['PLC152'],75.0,RESIDENTIAL,2022-02-22,,,,,,,Yes,Yes,Yes,Yes,Yes,No,Yes
PT-1014-772366,['bf5722dc-d758-4fce-a92a-7b8f88585330'],['PLC137'],80.0,RESIDENTIAL,2020-01-17,Yes,"Demand not generated, hence not paid","Demand not generated, hence not paid","Demand not generated, hence not paid","Demand not generated, hence not paid","Demand not generated, hence not paid","Demand not generated, hence not paid",Yes,Yes,Yes,Yes,Yes,Yes
PT-1014-772908,['36b53321-d758-4df2-899c-511396d9c430'],['PLC184'],100.0,RESIDENTIAL,2020-01-20,Yes,"Demand not generated, hence not paid","Demand not generated, hence not paid","Demand not generated, hence not paid","Demand not generated, hence not paid","Demand not generated, hence not paid","Demand not generated, hence not paid",Yes,Yes,Yes,Yes,Yes,Yes
PT-1014-772913,['ffa33c65-e008-42e5-9b8d-5ff6d0843eba'],['PLC184'],100.0,RESIDENTIAL,2020-01-20,Yes,"Demand not generated, hence not paid","Demand not generated, hence not paid","Demand not generated, hence not paid","Demand not generated, hence not paid","Demand not generated, hence not paid","Demand not generated, hence not paid",Yes,Yes,Yes,Yes,Yes,Yes
PT-1014-772919,['ffa33c65-e008-42e5-9b8d-5ff6d0843eba'],['PLC184'],60.0,RESIDENTIAL,2020-01-20,Yes,"Demand not generated, hence not paid","Demand not generated, hence not paid","Demand not generated, hence not paid","Demand not generated, hence not paid","Demand not generated, hence not paid","Demand not generated, hence not paid",Yes,Yes,Yes,Yes,Yes,Yes
PT-1014-772958,['ebace650-5080-45ca-b3a2-bb5ca3c75fff'],['PLC169'],230.0,RESIDENTIAL,2020-01-20,Yes,"Demand not generated, hence not paid","Demand not generated, hence not paid","Demand not generated, hence not paid","Demand not generated, hence not paid","Demand not generated, hence not paid","Demand not generated, hence not paid",Yes,Yes,Yes,Yes,Yes,Yes
PT-1014-773859,['5a176388-dcc2-436f-8119-bca33832675e'],['PLC22'],50.0,RESIDENTIAL,2020-01-21,Yes,"Demand not generated, hence not paid","Demand not generated, hence not paid","Demand not generated, hence not paid","Demand not generated, hence not paid","Demand not generated, hence not paid","Demand not generated, hence not paid",Yes,Yes,Yes,Yes,Yes,Yes
PT-1014-774027,['3933d9c7-367e-4503-a32f-77dcc7e93c9c'],['PLC123'],64.0,RESIDENTIAL,2020-01-21,Yes,Yes,Yes,Yes,Yes,Yes,Yes,"Demand not generated, hence not paid",No,No,"Demand not generated, hence not paid",Yes,Yes
PT-1014-774049,"['14749a97-28c8-4b87-896a-b3b57844d43b', 'cf4aadf4-905b-4f52-a985-0af16785b3a8']",['PLC113'],25.0,MIXED,2020-01-21,,,,,,,Yes,"Demand not generated, hence not paid","Demand not generated, hence not paid",Yes,Yes,Yes,Yes
PT-1014-774065,['0b219fe4-3cd9-4446-8402-4f0b939dc11c'],['PLC57'],23.0,NONRESIDENTIAL.COMMERCIAL,2020-01-21,,Yes,Yes,Yes,Yes,Yes,Yes,Yes,"Demand not generated, hence not paid","Demand not generated, hence not paid",Yes,Yes,Yes
PT-1014-774244,['5e63101c-b9cf-47cc-b40a-c0f705b72b11'],['PLC51'],142.0,NONRESIDENTIAL.COMMERCIAL,2024-04-16,,,,,,,Yes,Yes,Yes,"Demand not generated, hence not paid",Yes,Yes,Yes
PT-1014-774366,['a90c4a11-e15a-495e-9051-16092fd97d9f'],['PLC74'],65.0,NONRESIDENTIAL.COMMERCIAL,2024-07-16,,,,,Yes,Yes,Yes,"Demand not generated, hence not paid","Demand not generated, hence not paid",Yes,Yes,Yes,Yes
PT-1014-774796,['a70bbf02-f133-4336-8a31-df2fe8ca7569'],['PLC113'],60.0,NONRESIDENTIAL.COMMERCIAL,2025-03-30,,,,,,,Yes,"Demand not generated, hence not paid","Demand not generated, hence not paid",Yes,Yes,Yes,Yes
PT-1014-775042,['9fe2d9ae-16a3-4bc6-b94d-f727637f2e04'],['PLC156'],200.0,RESIDENTIAL,2020-01-22,Yes,"Demand not generated, hence not paid","Demand not generated, hence not paid","Demand not generated, hence not paid","Demand not generated, hence not paid","Demand not generated, hence not paid","Demand not generated, hence not paid",Yes,Yes,Yes,Yes,Yes,Yes
PT-1014-775130,['09388f39-d065-4b23-86fb-6e6abd18ae40'],['PLC58'],200.0,RESIDENTIAL,2020-01-22,Yes,"Demand not generated, hence not paid","Demand not generated, hence not paid","Demand not generated, hence not paid","Demand not generated, hence not paid","Demand not generated, hence not paid","Demand not generated, hence not paid",Yes,Yes,Yes,Yes,Yes,Yes
PT-1014-775203,['f9c85c79-6761-4411-8c43-62100ea7f728'],['PLC108'],215.0,RESIDENTIAL,2020-01-22,Yes,"Demand not generated, hence not paid","Demand not generated, hence not paid","Demand not generated, hence not paid","Demand not generated, hence not paid","Demand not generated, hence not paid","Demand not generated, hence not paid",Yes,Yes,Yes,Yes,Yes,Yes
PT-1014-775638,['fc37bd2e-3c56-4527-9493-932968ac63a6'],['PLC191'],61.0,MIXED,2020-01-23,,,,,,Yes,Yes,"Demand not generated, hence not paid","Demand not generated, hence not paid",Yes,Yes,Yes,Yes
PT-1014-775850,['c5ea03bb-9e64-43fe-971e-0e2f4c93e838'],['PLC74'],122.0,RESIDENTIAL,2020-01-23,,,,,,Yes,Yes,Yes,Yes,"Demand not generated, hence not paid",Yes,Yes,Yes
PT-1014-775907,['ef06b7b8-bc56-45d3-900a-3a1c583544eb'],['PLC105'],210.0,RESIDENTIAL,2020-01-23,Yes,"Demand not generated, hence not paid","Demand not generated, hence not paid","Demand not generated, hence not paid","Demand not generated, hence not paid","Demand not generated, hence not paid","Demand not generated, hence not paid",Yes,Yes,Yes,Yes,Yes,Yes
PT-1014-775914,['08dcb371-c2d7-4a9e-a53b-66709a8a6dd9'],['PLC113'],28.0,NONRESIDENTIAL.COMMERCIAL,2025-05-28,,,,Yes,Yes,Yes,Yes,"Demand not generated, hence not paid",Yes,Yes,Yes,Yes,Yes
PT-1014-776525,['acbb082c-3957-4186-88b4-12413d58c995'],['PLC155'],177.0,RESIDENTIAL,2020-01-24,,,,,,,Yes,Yes,Yes,Yes,"Demand not generated, hence not paid",Yes,Yes
PT-1014-776612,['07fb338d-1606-48a7-8479-245c1453fd6c'],['PLC32'],10.0,NONRESIDENTIAL.COMMERCIAL,2023-05-29,,,,,,Yes,Yes,Yes,Yes,"Demand not generated, hence not paid",Yes,Yes,Yes
PT-1014-776750,['acbb082c-3957-4186-88b4-12413d58c995'],['PLC155'],114.0,NONRESIDENTIAL.COMMERCIAL,2020-01-24,,,,,,,Yes,Yes,Yes,Yes,"Demand not generated, hence not paid",Yes,Yes
PT-1014-776820,['3cc9fc19-bcf3-44b5-86b4-17849141c6e8'],['PLC81'],90.0,MIXED,2024-09-06,,Yes,Yes,Yes,Yes,Yes,Yes,Yes,"Demand not generated, hence not paid",Yes,Yes,Yes,Yes
PT-1014-777342,"['9b45d048-90f9-4a3c-802e-0466d6c60a29', '0990165a-7082-4385-a8cf-7e807c27a99f']",['PLC57'],30.0,RESIDENTIAL,2020-01-27,Yes,"Demand not generated, hence not paid","Demand not generated, hence not paid","Demand not generated, hence not paid","Demand not generated, hence not paid","Demand not generated, hence not paid","Demand not generated, hence not paid",Yes,Yes,Yes,Yes,Yes,Yes
PT-1014-777509,['02d05304-74b8-49d2-b2cd-c8c572575784'],['PLC100'],17.0,NONRESIDENTIAL.COMMERCIAL,2020-01-27,,Yes,Yes,Yes,Yes,Yes,Yes,Yes,Yes,Yes,Yes,No,Yes
PT-1014-777529,['02d05304-74b8-49d2-b2cd-c8c572575784'],['PLC100'],25.0,NONRESIDENTIAL.COMMERCIAL,2020-01-27,,Yes,Yes,Yes,Yes,Yes,Yes,Yes,Yes,Yes,Yes,No,Yes
PT-1014-777682,"['cec58a19-a567-4062-b1ea-a826a717b824', '1838a84f-3c4a-4c96-88b2-9f0bca737206', '45590078-d013-420a-ac44-817bca0bc8d7']",['PLC54'],51.0,NONRESIDENTIAL.COMMERCIAL,2020-01-27,,Yes,Yes,Yes,Yes,Yes,Yes,Yes,"Demand not generated, hence not paid",Yes,Yes,Yes,Yes
PT-1014-778224,['ad766bd0-44e3-422c-8fbf-3fd137da1018'],['PLC143'],130.0,MIXED,2020-01-28,,,,,,,Yes,Yes,Yes,"Demand not generated, hence not paid",Yes,Yes,Yes
PT-1014-778339,"['054bed05-5aa1-437b-93e0-c05f4c4d99f0', '76fdff0f-4340-44c1-8280-4ba81f987387']",['PLC163'],17.0,NONRESIDENTIAL.COMMERCIAL,2020-01-28,,,,,,,Yes,Yes,"Demand not generated, hence not paid",Yes,Yes,Yes,Yes
PT-1014-778593,"['9b5a30f0-172b-401e-9dd8-565af03e324c', '67403558-30dd-4964-8cae-1e49925c2aa5', '8369e498-e1c4-417b-a4d7-62877001221a']",['PLC130'],77.0,NONRESIDENTIAL.COMMERCIAL,2021-08-18,,,,,Yes,Yes,Yes,Yes,"Demand not generated, hence not paid",Yes,Yes,Yes,Yes
PT-1014-778657,['71bd8ad9-da05-4064-871a-be724a4a2a4a'],['PLC24'],80.0,RESIDENTIAL,2020-01-29,Yes,"Demand not generated, hence not paid","Demand not generated, hence not paid","Demand not generated, hence not paid","Demand not generated, hence not paid","Demand not generated, hence not paid","Demand not generated, hence not paid",Yes,Yes,Yes,Yes,Yes,Yes
PT-1014-778883,['b92a8993-beab-44cd-998d-bacd20a29d12'],['PLC57'],43.5,NONRESIDENTIAL.COMMERCIAL,2024-11-13,,,,,,,Yes,Yes,"Demand not generated, hence not paid",Yes,Yes,Yes,Yes
PT-1014-779243,['2120dea3-f5c3-4b73-a224-04be9eadc813'],['PLC187'],140.0,NONRESIDENTIAL.INDUSTRIAL,2021-03-11,,Yes,Yes,Yes,Yes,Yes,Yes,Yes,"Demand not generated, hence not paid",Yes,Yes,Yes,Yes
PT-1014-779585,"['fd7d08f3-6740-404a-a4ff-4ddf0afbd9aa', '40f6b7d5-8522-4c85-acd3-cd826962a451']",['PLC14'],30.0,NONRESIDENTIAL.COMMERCIAL,2020-01-30,,,,,Yes,Yes,Yes,Yes,Yes,Yes,"Demand not generated, hence not paid",Yes,Yes
PT-1014-779607,"['7a1e68f5-4aa2-4c12-a4d2-180e1e398168', 'd1aa3874-1bdc-4208-a5b6-7ccad8de35e0']",['PLC14'],56.0,NONRESIDENTIAL.COMMERCIAL,2020-01-30,,,,,Yes,Yes,Yes,"Demand not generated, hence not paid",Yes,Yes,Yes,Yes,Yes
PT-1014-779820,"['b043e953-b256-4e60-9634-565932fd82b3', 'a25b2693-2e7f-4c9b-9c3a-42ed85910d20']",['PLC126'],200.0,NONRESIDENTIAL.COMMERCIAL,2022-03-03,,,,,Yes,Yes,Yes,"Demand not generated, hence not paid","Demand not generated, hence not paid",Yes,Yes,Yes,Yes
PT-1014-779876,['fe9b8ee0-15e8-4467-8121-7e06db1ffd09'],['PLC153'],200.0,RESIDENTIAL,2020-01-30,Yes,"Demand not generated, hence not paid","Demand not generated, hence not paid","Demand not generated, hence not paid","Demand not generated, hence not paid","Demand not generated, hence not paid","Demand not generated, hence not paid",Yes,Yes,Yes,Yes,Yes,Yes
PT-1014-779998,['fb278308-94c1-4ed4-ae1c-2c54087fedb8'],['PLC14'],16.4,NONRESIDENTIAL.COMMERCIAL,2024-03-30,,,,,,,Yes,Yes,Yes,Yes,Yes,No,Yes
PT-1014-780199,['5d1e660c-a1d9-4273-bf0a-e8584302a809'],['PLC159'],60.0,MIXED,2020-01-30,,,,,,,Yes,Yes,"Demand not generated, hence not paid",Yes,Yes,Yes,Yes
PT-1014-780426,['19052f6b-4d24-4238-a6b0-5be5745271e7'],['PLC157'],220.0,RESIDENTIAL,2020-01-31,,,,,,,Yes,Yes,Yes,"Demand not generated, hence not paid",Yes,Yes,Yes
PT-1014-780471,"['86f4cb91-bd20-4f13-b0a9-2beaca76f77c', 'e5cd589d-9520-4b16-888b-bcb487bf40c4']",['PLC52'],162.0,NONRESIDENTIAL.INDUSTRIAL,2020-01-31,,,,,,Yes,Yes,Yes,Yes,"Demand not generated, hence not paid",Yes,Yes,Yes
PT-1014-780885,['1898fdab-bad0-4597-b184-6aba19f00ff6'],['PLC31'],187.0,RESIDENTIAL,2020-01-31,Yes,"Demand not generated, hence not paid","Demand not generated, hence not paid","Demand not generated, hence not paid","Demand not generated, hence not paid","Demand not generated, hence not paid","Demand not generated, hence not paid",Yes,Yes,Yes,Yes,Yes,Yes
PT-1014-781635,['864ec125-089f-4308-a852-893442df6781'],['PLC24'],284.0,MIXED,2024-07-03,,,,,,,Yes,"Demand not generated, hence not paid",Yes,Yes,Yes,Yes,Yes
PT-1014-783192,['c8d52174-d5f6-4279-aac8-691a62952926'],['PLC20'],35.56,NONRESIDENTIAL.COMMERCIAL,2024-07-18,,,,,,Yes,Yes,Yes,Yes,"Demand not generated, hence not paid",Yes,Yes,Yes
PT-1014-783257,"['da7a7a3a-6cd7-4e67-bd7c-e31899f66970', '9f1ba7c4-e8d7-4293-b0c7-424c7d3f4dd1']",['PLC82'],400.0,RESIDENTIAL,2020-02-05,,,,Yes,Yes,Yes,Yes,"Demand not generated, hence not paid",Yes,Yes,Yes,Yes,Yes
PT-1014-783276,['f066a2ff-0492-4602-bbb5-f7384e8015cc'],['PLC67'],25.23,NONRESIDENTIAL.COMMERCIAL,2020-02-05,,,,,,,Yes,"Demand not generated, hence not paid","Demand not generated, hence not paid",Yes,Yes,Yes,Yes
PT-1014-783317,"['abacfbcc-da76-4ba7-bdc2-1b308c24119e', '33521903-7bd6-4d9f-997a-1d484c64134f', 'ea21afdd-d37f-4462-8232-7fa3260f74a5', '3566e430-5754-46d5-806c-12ec79ef1114']",['PLC57'],265.5,NONRESIDENTIAL.COMMERCIAL,2020-02-05,,,,,,Yes,Yes,"Demand not generated, hence not paid",Yes,Yes,Yes,Yes,Yes
PT-1014-783422,['d3f81cdd-5f81-4029-9a68-51488b358f4e'],['PLC113'],15.35,NONRESIDENTIAL.COMMERCIAL,2020-02-05,,,,,,Yes,Yes,Yes,Yes,Yes,Yes,No,Yes
PT-1014-783473,['4eb2dd91-763f-4a5e-8423-1edbecf2ff73'],['PLC75'],1041.0,NONRESIDENTIAL.INSTITUTIONAL,2020-02-05,,Yes,Yes,Yes,Yes,Yes,Yes,Yes,Yes,"Demand not generated, hence not paid",Yes,Yes,Yes
PT-1014-783514,['95adac98-3b01-43cc-abd1-951487272a4d'],['PLC114'],600.0,RESIDENTIAL,2020-02-05,,Yes,Yes,Yes,Yes,Yes,Yes,Yes,Yes,Yes,No,Yes,Yes
PT-1014-783864,['3184b067-c1a9-4250-8292-0a4a6c21b40e'],['PLC149'],200.0,RESIDENTIAL,2020-02-06,,,,,,,Yes,"Demand not generated, hence not paid",Yes,Yes,Yes,Yes,Yes
PT-1014-784282,"['12373fa2-a162-42f1-af2f-2bdb04b9fcc2', 'd8de341f-0dac-496b-b3d9-525f9baa7cec']",['PLC54'],74.5,NONRESIDENTIAL.COMMERCIAL,2020-02-06,,,,,,,Yes,Yes,"Demand not generated, hence not paid",Yes,Yes,"Demand not generated, hence not paid",Yes
PT-1014-784782,['cebfef10-0242-4d47-a7bf-7164bc265137'],['PLC134'],112.0,RESIDENTIAL,2020-02-07,,,,,,,Yes,Yes,Yes,Yes,Yes,No,Yes
PT-1014-785076,"['3b5f195d-8e85-4bd2-882c-fad3da06f924', '41269103-a4ab-4ba6-b5ea-6de16cd43397']",['PLC51'],31.0,NONRESIDENTIAL.COMMERCIAL,2024-02-19,,,,,,,Yes,"Demand not generated, hence not paid","Demand not generated, hence not paid",Yes,Yes,Yes,Yes
PT-1014-785569,['96f93b43-44cf-4b4c-9038-951ca269447b'],['PLC28'],304.0,MIXED,2020-02-07,,Yes,Yes,Yes,Yes,Yes,Yes,"Demand not generated, hence not paid","Demand not generated, hence not paid",Yes,Yes,Yes,Yes
PT-1014-833962,['a38f5f49-51c1-4bda-ae2d-c6b313cb2a49'],['PLC70'],243.0,RESIDENTIAL,2020-02-10,,,,,Yes,Yes,Yes,"Demand not generated, hence not paid","Demand not generated, hence not paid","Demand not generated, hence not paid",Yes,Yes,Yes
PT-1014-833987,"['586f3b3d-a711-4966-a859-ec6ac103e72a', 'e61195bb-6726-495a-be00-53ea8b7a7900']",['PLC70'],230.0,RESIDENTIAL,2020-02-10,,,,,Yes,Yes,Yes,Yes,Yes,Yes,"Demand not generated, hence not paid",Yes,Yes
PT-1014-834007,['f8fbd631-136b-4435-ae10-c5d0749e729f'],['PLC70'],170.0,RESIDENTIAL,2020-02-10,,,,,Yes,Yes,Yes,Yes,Yes,Yes,"Demand not generated, hence not paid",Yes,Yes
PT-1014-835030,['0b6f3876-98c5-4c41-84f6-d271fb03ba53'],['PLC54'],100.0,NONRESIDENTIAL.COMMERCIAL,2023-05-10,,,,,Yes,Yes,Yes,Yes,Yes,"Demand not generated, hence not paid",Yes,Yes,Yes
PT-1014-835377,['89e93451-22dd-435e-a069-93af4c0ad6ed'],['PLC33'],376.0,MIXED,2025-05-22,,,,,,Yes,Yes,Yes,"Demand not generated, hence not paid",Yes,Yes,Yes,Yes
PT-1014-835759,['85919f14-a619-4216-a655-cea0748bd2c8'],['PLC57'],20.0,NONRESIDENTIAL.COMMERCIAL,2020-02-11,,,,,,,Yes,Yes,Yes,"Demand not generated, hence not paid",Yes,Yes,Yes
PT-1014-835915,['95adac98-3b01-43cc-abd1-951487272a4d'],['PLC68'],146.7,NONRESIDENTIAL.COMMERCIAL,2025-03-23,,Yes,Yes,Yes,Yes,Yes,Yes,Yes,Yes,Yes,No,Yes,Yes
PT-1014-836903,['1e1a17ba-42d3-41da-a502-6826b315c5f2'],['PLC68'],146.7,NONRESIDENTIAL.COMMERCIAL,2024-03-29,,Yes,Yes,Yes,Yes,Yes,Yes,Yes,Yes,Yes,No,Yes,Yes
PT-1014-837244,"['2a4feaa9-53c0-4120-825b-adfeb7500683', '9ec064db-523f-45b7-a68e-e2434c1e777b']",['PLC32'],67.0,NONRESIDENTIAL.COMMERCIAL,2020-02-13,,,,,,,Yes,Yes,Yes,"Demand not generated, hence not paid",Yes,Yes,Yes
PT-1014-837279,['99480998-0ed3-4931-9e10-2a58915adab4'],['PLC82'],120.0,RESIDENTIAL,2020-02-13,,,,Yes,Yes,Yes,Yes,Yes,Yes,Yes,Yes,No,Yes
PT-1014-838049,"['1300eb94-97b5-4d2e-a544-e380a8f4f9a6', '2c962f5c-3a92-42e9-a959-77be33d2b7da', 'f96602ad-7907-4a59-b156-0af1b199bb71']",['PLC30'],72.0,RESIDENTIAL,2023-09-23,,,,,,,Yes,"Demand not generated, hence not paid","Demand not generated, hence not paid","Demand not generated, hence not paid",Yes,Yes,Yes
PT-1014-838195,['28e35123-3bf5-457c-9ae5-f0ff877f944e'],['PLC72'],140.0,RESIDENTIAL,2020-02-14,,,,,,,Yes,Yes,Yes,"Demand not generated, hence not paid",Yes,Yes,Yes
PT-1014-838449,['af8c6407-b0dd-4a88-a5ec-3f88503b2688'],['PLC113'],30.0,NONRESIDENTIAL.COMMERCIAL,2024-08-12,,Yes,Yes,Yes,Yes,Yes,Yes,Yes,Yes,Yes,Yes,No,Yes
PT-1014-838547,['eb1d61da-f96a-4cb0-8a30-6093e8a7b93b'],['PLC52'],167.0,MIXED,2023-04-06,,,,,,,Yes,Yes,Yes,"Demand not generated, hence not paid",Yes,Yes,Yes
PT-1014-839422,"['92d83d38-eb6f-4175-b880-8b9207c009f1', '86529d65-b0f5-444c-886a-79d997ffe4a6', '3364e9f0-6673-48d7-8c6a-6ec612d1bccc']",['PLC114'],300.0,RESIDENTIAL,2020-02-15,,Yes,Yes,Yes,Yes,Yes,Yes,"Demand not generated, hence not paid",Yes,Yes,Yes,Yes,Yes
PT-1014-839441,['d731b3b2-7964-4308-acd8-7fd96ee62ccd'],['PLC67'],56.0,NONRESIDENTIAL.COMMERCIAL,2020-02-15,,,,,,Yes,Yes,Yes,Yes,Yes,Yes,No,Yes
PT-1014-839950,['f708429d-3aa5-40e6-9eb9-29dd2bde0b3a'],['PLC136'],200.0,RESIDENTIAL,2021-03-17,,,,,,,Yes,Yes,"Demand not generated, hence not paid",Yes,Yes,Yes,Yes
PT-1014-840441,['8474f4f9-a4f6-47b3-8b58-d040e480918e'],['PLC114'],120.0,RESIDENTIAL,2020-02-17,,,,,,,Yes,Yes,Yes,Yes,Yes,No,Yes
PT-1014-840959,['f24ceb28-2410-4ff9-b12b-7902162b5b3c'],['PLC99'],200.0,RESIDENTIAL,2024-04-25,,Yes,Yes,Yes,Yes,Yes,Yes,"Demand not generated, hence not paid","Demand not generated, hence not paid",Yes,Yes,Yes,Yes
PT-1014-841290,['93fbec49-506c-4669-9ee3-c057a63eab73'],['PLC51'],550.0,NONRESIDENTIAL.COMMERCIAL,2024-09-19,,,,,,,Yes,Yes,Yes,"Demand not generated, hence not paid","Demand not generated, hence not paid",Yes,Yes
PT-1014-841861,['1268e50e-ce3f-4a7a-be1f-96eda3bf4179'],['PLC144'],1040.0,NONRESIDENTIAL.INSTITUTIONAL,2020-02-18,,Yes,Yes,Yes,Yes,Yes,Yes,Yes,"Demand not generated, hence not paid",Yes,Yes,Yes,Yes
PT-1014-841949,['118cf633-306c-4e96-aec7-679b2d402786'],['PLC114'],121.0,RESIDENTIAL,2020-02-18,,,Yes,Yes,Yes,Yes,Yes,Yes,Yes,Yes,Yes,No,Yes
PT-1014-842507,['0f2955a7-7d72-4984-92b0-064aaaff90ff'],['PLC31'],,RESIDENTIAL,2020-02-18,,,,,,Yes,"Demand not generated, hence not paid",Yes,Yes,Yes,Yes,Yes,Yes
PT-1014-842728,['05f5295c-e1c9-448f-9d48-2feb8f6fb942'],['PLC72'],84.5,NONRESIDENTIAL.COMMERCIAL,2024-10-16,,,,,,Yes,Yes,"Demand not generated, hence not paid",Yes,Yes,Yes,Yes,Yes
PT-1014-843452,['e9499257-c820-4859-92f4-223775f6976d'],['PLC82'],150.0,RESIDENTIAL,2025-03-21,,,,,Yes,Yes,Yes,Yes,Yes,Yes,Yes,"Demand not generated, hence not paid",Yes
PT-1014-843659,['cee256f1-cab1-4104-a3ae-8365008b4051'],['PLC81'],141.0,RESIDENTIAL,2020-02-19,,,,,,,Yes,Yes,Yes,Yes,No,Yes,Yes
PT-1014-843674,['51d97346-7656-47f0-86cb-fb0efa199d95'],['PLC31'],405.0,RESIDENTIAL,2020-02-19,,,,,,,Yes,Yes,Yes,Yes,No,Yes,Yes
PT-1014-843735,['b13aa9ab-75c2-4316-8100-0499c65cd0c3'],['PLC201'],208.0,MIXED,2020-02-19,,,,,,,Yes,"Demand not generated, hence not paid","Demand not generated, hence not paid",Yes,Yes,Yes,Yes
PT-1014-844318,['c60de74e-9b81-4a92-9aaa-9a3b4e0c5978'],['PLC69'],135.0,RESIDENTIAL,2020-02-20,,Yes,Yes,Yes,Yes,Yes,Yes,Yes,No,No,No,Yes,Yes
PT-1014-844329,['e32410c3-9302-4dcc-ad39-366e84c7f837'],['PLC15'],106.0,MIXED,2020-02-20,,,,,,,Yes,Yes,"Demand not generated, hence not paid",Yes,Yes,Yes,Yes
PT-1014-844855,"['e40fc3cc-b1ab-4072-857c-b53567e30394', '6f192c33-7fb2-4c2f-9d07-59c29ac4ab32']",['PLC32'],35.5,NONRESIDENTIAL.COMMERCIAL,2020-02-20,,,,,,,Yes,Yes,Yes,Yes,"Demand not generated, hence not paid",Yes,Yes
PT-1014-844922,"['55b1477e-6e82-42b6-a338-9247952c068c', '45230d1b-89a7-4281-9890-0de6bc285f87']",['PLC84'],1946.0,NONRESIDENTIAL.INDUSTRIAL,2023-02-17,,,,,,,Yes,Yes,"Demand not generated, hence not paid",Yes,Yes,Yes,Yes
PT-1014-844989,['a25aaa86-c950-462e-9730-13b59b51cfa7'],['PLC134'],204.0,RESIDENTIAL,2020-02-20,,,,,,,Yes,"Demand not generated, hence not paid",Yes,Yes,Yes,Yes,Yes
PT-1014-845025,['9c38e739-4c20-42a5-93c8-0dab1de76bae'],['PLC57'],57.0,NONRESIDENTIAL.COMMERCIAL,2022-09-06,,,Yes,Yes,Yes,Yes,Yes,"Demand not generated, hence not paid",Yes,Yes,Yes,Yes,Yes
PT-1014-845828,['a9c8d43b-6404-45c9-bbcd-7c6103298fda'],['PLC134'],80.0,NONRESIDENTIAL.COMMERCIAL,2020-02-20,,,,,,,Yes,Yes,Yes,"Demand not generated, hence not paid",Yes,Yes,Yes
PT-1014-846086,['120a21b3-be1e-4f5e-ad20-6de321b0e490'],['PLC129'],57.0,MIXED,2025-06-04,,,,,,,Yes,Yes,Yes,Yes,"Demand not generated, hence not paid",Yes,Yes
PT-1014-846920,['fcea1e13-8ab0-42a9-9f41-8ad6acf3cf70'],['PLC75'],646.0,NONRESIDENTIAL.COMMERCIAL,2020-02-22,,Yes,Yes,Yes,Yes,Yes,Yes,Yes,Yes,"Demand not generated, hence not paid",Yes,Yes,Yes
PT-1014-847209,['6c43ec05-6782-4e66-b531-d2e1695c9342'],['PLC114'],200.0,NONRESIDENTIAL.COMMERCIAL,2020-02-22,,,,,,Yes,"Demand not generated, hence not paid",No,No,No,No,No,Yes
PT-1014-848179,['b68c6a33-c087-44c3-8f75-5b2ffbff47a6'],['PLC129'],58.0,MIXED,2022-09-27,,,,,,,Yes,Yes,Yes,Yes,No,Yes,Yes
PT-1014-848293,['318b9e93-9f6b-486c-acef-ed8dd0176e86'],['PLC31'],360.0,RESIDENTIAL,2020-02-24,,,,,Yes,Yes,Yes,Yes,Yes,Yes,"Demand not generated, hence not paid",Yes,Yes
PT-1014-849320,['aa9f834b-c052-493c-a1a0-5509da6fdab2'],['PLC14'],404.0,RESIDENTIAL,2020-02-24,,,,,,,Yes,Yes,Yes,Yes,Yes,No,Yes
PT-1014-849595,['b96ee3bd-3fd7-4e1a-8709-0a340d076b5d'],['PLC154'],160.0,MIXED,2024-10-16,,,,,,,Yes,"Demand not generated, hence not paid",Yes,Yes,Yes,Yes,Yes
PT-1014-849701,['99215648-6f4d-454f-8240-f3c328c6b3c7'],['PLC142'],57.8,NONRESIDENTIAL.COMMERCIAL,2020-02-24,,,,,,,Yes,"Demand not generated, hence not paid","Demand not generated, hence not paid",Yes,Yes,Yes,Yes
PT-1014-849961,['fee608cc-0199-4b6a-8de6-229fee5d3075'],['PLC54'],46.67,NONRESIDENTIAL.COMMERCIAL,2020-02-24,,,,,,,Yes,Yes,"Demand not generated, hence not paid",Yes,Yes,Yes,Yes
PT-1014-850092,['3c5c3828-1820-42fe-b434-709aaaa66a6a'],['PLC81'],260.0,MIXED,2022-12-14,,,,,,,Yes,Yes,Yes,Yes,"Demand not generated, hence not paid",Yes,Yes
PT-1014-850495,['54ff6c72-3ec8-461c-9dbb-54be33bf9617'],['PLC157'],11.0,NONRESIDENTIAL.COMMERCIAL,2020-02-24,,Yes,"Demand not generated, hence not paid","Demand not generated, hence not paid","Demand not generated, hence not paid","Demand not generated, hence not paid","Demand not generated, hence not paid",No,No,No,No,No,Yes
PT-1014-850547,['8b20e8bf-e8d2-4be4-82e3-d45269cbf184'],['PLC113'],21.0,NONRESIDENTIAL.COMMERCIAL,2020-02-24,,,,,,,Yes,Yes,"Demand not generated, hence not paid",Yes,Yes,Yes,Yes
PT-1014-851442,['4d7549c0-f575-450d-af0c-04e4160b4511'],['PLC54'],41.0,NONRESIDENTIAL.COMMERCIAL,2023-06-21,,,,,,Yes,Yes,Yes,"Demand not generated, hence not paid",Yes,"Demand not generated, hence not paid",Yes,Yes
PT-1014-852481,['24177f63-a886-4b74-a432-cd29b4a71baa'],['PLC58'],150.0,RESIDENTIAL,2020-02-25,,,,,Yes,Yes,Yes,Yes,Yes,Yes,"Demand not generated, hence not paid",Yes,Yes
PT-1014-852544,['f195da03-26d7-4b3f-808d-2fa5caf4689a'],['PLC58'],150.0,RESIDENTIAL,2020-02-25,,,,,Yes,Yes,Yes,Yes,Yes,Yes,"Demand not generated, hence not paid",Yes,Yes
PT-1014-852935,['95aa7ff1-0367-4b0e-a519-ac603a511e7f'],['PLC75'],120.0,NONRESIDENTIAL.COMMERCIAL,2020-02-25,,Yes,Yes,Yes,Yes,Yes,Yes,Yes,Yes,"Demand not generated, hence not paid",Yes,Yes,Yes
PT-1014-853312,['8f47a99c-27e8-43bb-b18b-f8627df2df2a'],['PLC94'],122.0,MIXED,2021-02-02,,,,,,,Yes,Yes,Yes,"Demand not generated, hence not paid",Yes,Yes,Yes
PT-1014-853518,['dd21a0c1-5723-4abe-9ec5-c4577f1c7f23'],['PLC206'],545.0,RESIDENTIAL,2020-02-25,,,,,Yes,Yes,Yes,"Demand not generated, hence not paid","Demand not generated, hence not paid",Yes,Yes,Yes,Yes
PT-1014-853781,['6fc6e3b9-28a1-4ae3-a267-50889417ac3c'],['PLC67'],45.0,MIXED,2024-05-08,,,,,,,Yes,"Demand not generated, hence not paid","Demand not generated, hence not paid",Yes,Yes,Yes,Yes
PT-1014-854009,['2cb6130e-7191-4cd0-a102-4f64a3f0a960'],['PLC31'],80.0,MIXED,2025-03-06,,,,,,,Yes,"Demand not generated, hence not paid",Yes,Yes,Yes,Yes,Yes
PT-1014-854334,['8bdbe1bf-83c0-4a33-95c6-9b5ac67db66f'],['PLC163'],288.0,NONRESIDENTIAL.COMMERCIAL,2024-10-14,,,,,,,No,No,No,No,"Demand not generated, hence not paid",Yes,Yes
PT-1014-854509,['9ed8cb10-476e-4336-beaa-2d555d34970a'],['PLC121'],147.0,MIXED,2025-02-25,,Yes,Yes,Yes,Yes,Yes,Yes,Yes,"Demand not generated, hence not paid",Yes,Yes,Yes,Yes
PT-1014-856986,['132aa821-0825-4449-a20a-f162e8bae1c0'],['PLC57'],98.67,NONRESIDENTIAL.COMMERCIAL,2020-02-26,,,,,,,Yes,Yes,Yes,Yes,Yes,No,Yes
PT-1014-857804,['deb95955-ef7c-48e5-8a45-26e0f4cb70c0'],['PLC54'],53.35,NONRESIDENTIAL.COMMERCIAL,2021-10-06,,,,,,,Yes,Yes,Yes,"Demand not generated, hence not paid",Yes,No,Yes
PT-1014-858437,"['5b85bea4-f81e-43a9-a53f-62c84aa307c4', 'f30653c6-c1e3-4ff2-a5d2-5d436df5c11c']",['PLC175'],900.0,MIXED,2025-03-11,,,,,,,Yes,"Demand not generated, hence not paid",Yes,Yes,Yes,Yes,Yes
PT-1014-859196,['e486704e-638f-4f82-b361-a8e3e6816e7a'],['PLC52'],23.0,NONRESIDENTIAL.COMMERCIAL,2020-02-26,,Yes,Yes,Yes,Yes,Yes,Yes,Yes,"Demand not generated, hence not paid","Demand not generated, hence not paid",Yes,Yes,Yes
PT-1014-859860,['bb8cec0d-4520-4c53-aed1-eba744dbdf7c'],['PLC194'],22.5,NONRESIDENTIAL.COMMERCIAL,2020-02-26,,,,,Yes,Yes,Yes,Yes,Yes,Yes,No,Yes,Yes
PT-1014-859958,['9351d8d5-5592-4d19-b1be-761bb7b889f0'],['PLC68'],146.7,MIXED,2024-09-21,,,,,,,Yes,Yes,Yes,Yes,No,Yes,Yes
PT-1014-859990,['6dffb668-119c-46a4-9ee9-288256f0ebd7'],['PLC134'],201.0,RESIDENTIAL,2020-02-26,,,,,,,Yes,Yes,Yes,Yes,No,Yes,Yes
PT-1014-860458,"['cdc21bf1-1ad6-4b8d-a331-d9e5d0a49240', '73eea709-ace0-4e78-9f3b-d527660533eb', '427dcdc2-4d44-4da0-ae4b-a1fef8b105ef']",['PLC114'],89.0,NONRESIDENTIAL.COMMERCIAL,2022-05-18,,,Yes,Yes,Yes,Yes,Yes,Yes,Yes,"Demand not generated, hence not paid",Yes,Yes,Yes
PT-1014-860560,['3e0dd8ce-da45-45d2-92ab-ad764f6289cd'],['PLC213'],432.0,MIXED,2024-02-06,,,,,,,Yes,Yes,"Demand not generated, hence not paid","Demand not generated, hence not paid",Yes,Yes,Yes
PT-1014-861397,['a7937a3c-e843-4b78-a42c-91807f9c0ea6'],['PLC186'],360.0,RESIDENTIAL,2020-02-26,,,,,,,Yes,Yes,Yes,Yes,Yes,No,Yes
PT-1014-863711,"['326a0dea-87e0-4e8e-b537-340c29b49aa5', '919e7f71-767b-4c3b-9674-43431c4344b7']",['PLC114'],300.0,RESIDENTIAL,2022-07-13,,,,,Yes,Yes,Yes,Yes,Yes,Yes,"Demand not generated, hence not paid",Yes,Yes
PT-1014-864653,['74bd249f-dc16-4d03-9d87-36ea1dc5b593'],['PLC210'],250.0,RESIDENTIAL,2020-03-02,,,,,,,Yes,"Demand not generated, hence not paid","Demand not generated, hence not paid",Yes,Yes,Yes,Yes
PT-1014-865340,['7f7be1d1-e1b3-46e1-8143-fc9a12604c97'],['PLC33'],250.0,RESIDENTIAL,2020-03-03,,,,,,,Yes,Yes,"Demand not generated, hence not paid",Yes,Yes,Yes,Yes
PT-1014-865422,['636591c2-dda0-48f0-acc6-01cf5cb96e23'],['PLC37'],214.0,RESIDENTIAL,2020-03-03,,,,,Yes,Yes,Yes,Yes,Yes,Yes,"Demand not generated, hence not paid",Yes,Yes
PT-1014-865440,"['1763f746-8184-451d-bf19-52c2e287c245', '9554a770-1e15-485a-b3d8-aea33dabb575']",['PLC68'],35.0,NONRESIDENTIAL.COMMERCIAL,2024-09-28,,,,,,,Yes,Yes,"Demand not generated, hence not paid",Yes,Yes,Yes,Yes
PT-1014-865452,['f137cc05-aa00-4029-9894-5fe5ae4f8612'],['PLC98'],160.0,RESIDENTIAL,2020-03-03,,,,,,,Yes,"Demand not generated, hence not paid",Yes,Yes,Yes,Yes,Yes
PT-1014-865995,['f67a1382-317c-425c-8b28-c373d63d32a0'],['PLC153'],161.0,RESIDENTIAL,2020-03-03,,Yes,Yes,Yes,Yes,Yes,Yes,Yes,Yes,Yes,Yes,No,Yes
PT-1014-866711,"['0957f604-59c8-4f55-b678-dfc5e1a633bd', '1a87d06c-3e3e-4feb-8392-76caebe4f556']",['PLC20'],44.5,NONRESIDENTIAL.COMMERCIAL,2020-03-04,,,,,,,Yes,Yes,"Demand not generated, hence not paid","Demand not generated, hence not paid",Yes,Yes,Yes
PT-1014-867475,['1a52e262-6337-47e6-a76f-ab83a5d93248'],['PLC167'],109.0,RESIDENTIAL,2020-03-05,,,,,,,Yes,Yes,Yes,Yes,"Demand not generated, hence not paid",Yes,Yes
PT-1014-867532,"['df7aaf63-2001-4e66-b315-f8894adf4775', 'e2c2b1e4-725d-49f6-9788-db6e35bc14ac', '3a8e3451-2cfe-4d16-8b3d-86c5ec1cf575', '754b1cd9-9ce0-4c93-9c03-de100fc1011b']",['PLC33'],485.0,RESIDENTIAL,2022-03-21,,,,,,Yes,Yes,Yes,Yes,Yes,No,Yes,Yes
PT-1014-867665,['d9bd34a4-de5b-4221-b908-5e6d16cde5cd'],['PLC94'],110.0,RESIDENTIAL,2020-03-05,,,,Yes,Yes,Yes,Yes,Yes,Yes,Yes,Yes,No,Yes
PT-1014-867869,"['db28483f-0b14-44ff-9643-482f0163b3cf', '82fe36d7-b089-4685-8445-6453d91407f6']",['PLC62'],176.0,RESIDENTIAL,2023-10-10,,,,,Yes,Yes,"Demand not generated, hence not paid",Yes,"Demand not generated, hence not paid","Demand not generated, hence not paid","Demand not generated, hence not paid",Yes,Yes
PT-1014-868515,['21d0be28-fae3-46dc-9f01-6629983237e3'],['PLC78'],,RESIDENTIAL,2022-09-28,,,,,,,Yes,Yes,Yes,Yes,No,Yes,Yes
PT-1014-868519,"['8d94d0fc-fbeb-447b-abf0-fdb8b1e79b23', '1b2d26d9-706b-40a1-82d0-ba76acd2c93f']",['PLC154'],120.7,NONRESIDENTIAL.COMMERCIAL,2020-03-07,,,,,,,Yes,Yes,"Demand not generated, hence not paid",Yes,Yes,Yes,Yes
PT-1014-868584,['534c8fd7-822b-4baf-9304-5c811f994a2a'],['PLC185'],124.0,RESIDENTIAL,2020-03-09,,,,,,Yes,Yes,Yes,Yes,Yes,Yes,No,Yes
PT-1014-868604,['1c547780-3969-41d6-b9e4-e0cec3240ae1'],['PLC81'],200.0,RESIDENTIAL,2020-03-09,,Yes,Yes,Yes,Yes,Yes,Yes,"Demand not generated, hence not paid",Yes,Yes,Yes,Yes,Yes
PT-1014-868866,['6ea8bfb6-8c00-4dfe-8beb-4c6e44189940'],['PLC185'],162.0,RESIDENTIAL,2020-03-09,,,,,,,Yes,"Demand not generated, hence not paid","Demand not generated, hence not paid",Yes,Yes,Yes,Yes
PT-1014-869118,['0727cf9e-9f7a-46a4-8168-fb134179459a'],['PLC98'],55.6,NONRESIDENTIAL.COMMERCIAL,2020-03-09,,,,,,,Yes,"Demand not generated, hence not paid",Yes,Yes,Yes,Yes,Yes
PT-1014-869124,['f218b206-9027-421b-9014-76f539ab8df1'],['PLC98'],16.7,NONRESIDENTIAL.COMMERCIAL,2020-03-09,,,,,,,Yes,"Demand not generated, hence not paid",Yes,Yes,Yes,Yes,Yes
PT-1014-869457,['79b64ec1-2577-42a0-87ad-0fb041019aaa'],['PLC138'],324.0,RESIDENTIAL,2020-03-11,,,,,Yes,Yes,Yes,"Demand not generated, hence not paid",Yes,Yes,Yes,Yes,Yes
PT-1014-869667,['fdbab905-5d4a-4563-99bc-ceca1bf437df'],['PLC144'],160.0,RESIDENTIAL,2020-03-11,,,,,,,Yes,Yes,Yes,Yes,Yes,No,Yes
PT-1014-869905,"['2d2c64fd-8995-462e-957b-cee503fb6676', 'e9ed4f5c-b89e-4b1e-971a-0d933b5f7666']",['PLC108'],218.0,RESIDENTIAL,2020-03-11,,,,,,,Yes,"Demand not generated, hence not paid",Yes,Yes,Yes,Yes,Yes
PT-1014-870256,"['73ba952d-ad05-4f4e-bde0-24947c7b6bcd', 'ffb56d94-bfdb-4a21-9534-b0b2bdcf86c4']",['PLC72'],140.0,RESIDENTIAL,2020-03-12,,,,,,,Yes,Yes,Yes,Yes,"Demand not generated, hence not paid",Yes,Yes
PT-1014-870981,['32fdd4fc-45f4-4ac3-acd9-501db1f647e7'],['PLC24'],48.0,MIXED,2020-03-13,,,,,,,Yes,Yes,Yes,Yes,"Demand not generated, hence not paid",Yes,Yes
PT-1014-870987,['978c4f12-e560-44ff-8033-935b68f52a6c'],['PLC24'],100.0,NONRESIDENTIAL.COMMERCIAL,2023-06-07,,,,,,,Yes,Yes,"Demand not generated, hence not paid",Yes,Yes,Yes,Yes
PT-1014-871087,"['51faa5e3-0b6f-49d9-bfb3-6fd84160b278', 'af733298-4366-411e-835c-0691ab60d391']",['PLC210'],250.0,RESIDENTIAL,2020-03-13,,,,,,,Yes,Yes,Yes,Yes,Yes,No,Yes
PT-1014-871310,['e17571e0-2830-4474-96c9-1386ad7775ea'],['PLC68'],22.3,NONRESIDENTIAL.COMMERCIAL,2020-03-13,,,,,,,Yes,Yes,Yes,Yes,Yes,No,Yes
PT-1014-871869,['a0fed603-ff0f-47fc-a82b-7757048266c3'],['PLC210'],250.0,RESIDENTIAL,2020-03-16,,,,,,Yes,Yes,Yes,Yes,Yes,No,Yes,Yes
PT-1014-871977,['2679477c-1e5d-4b03-bd2b-deb563cebf81'],['PLC144'],55.4,MIXED,2020-03-16,,,,,,,Yes,Yes,"Demand not generated, hence not paid",Yes,Yes,Yes,Yes
PT-1014-872676,['2b8b89e8-03c0-46f3-898f-b6a1977a5149'],['PLC151'],280.0,RESIDENTIAL,2020-03-17,,,,,,,Yes,Yes,Yes,Yes,Yes,No,Yes
PT-1014-872830,['0db25ca8-8354-4b03-89b8-16634a68d068'],['PLC112'],126.0,RESIDENTIAL,2020-03-17,,,,,,,Yes,Yes,Yes,Yes,"Demand not generated, hence not paid",Yes,Yes
PT-1014-873389,['5c2fea8e-a83c-4a73-b9e2-f67892a7714b'],['PLC118'],202.0,RESIDENTIAL,2020-03-17,,,,,,,Yes,Yes,Yes,Yes,No,Yes,Yes
PT-1014-873852,['95ec44dc-4bef-4f9d-8311-6d1f4847f5aa'],['PLC14'],434.0,RESIDENTIAL,2020-03-18,,,,,,Yes,"Demand not generated, hence not paid",No,No,No,No,No,Yes
PT-1014-874419,['6bc7bc32-082f-4999-9ca5-34bb2f25cd91'],['PLC51'],20.0,NONRESIDENTIAL.COMMERCIAL,2024-08-05,,Yes,Yes,Yes,Yes,Yes,Yes,Yes,Yes,"Demand not generated, hence not paid",Yes,Yes,Yes
PT-1014-874673,['59a7ba15-e2ee-464f-8db2-413be443251f'],['PLC184'],25.0,NONRESIDENTIAL.COMMERCIAL,2020-03-18,,,,,,,Yes,Yes,Yes,Yes,"Demand not generated, hence not paid",Yes,Yes
PT-1014-874675,['da7abc0c-59f3-4278-9153-e0bebc65ad3c'],['PLC184'],200.0,RESIDENTIAL,2025-05-08,,,,,,,Yes,Yes,Yes,Yes,"Demand not generated, hence not paid",Yes,Yes
PT-1014-874678,"['f3941294-4331-4749-a4e2-8d2b4a9ef80c', 'da7abc0c-59f3-4278-9153-e0bebc65ad3c']",['PLC184'],13.0,NONRESIDENTIAL.COMMERCIAL,2020-03-18,,,,,,,Yes,Yes,Yes,Yes,"Demand not generated, hence not paid",Yes,Yes
PT-1014-875063,['b5c652c6-5d47-40ed-86fd-38fd121ec185'],['PLC185'],71.0,NONRESIDENTIAL.COMMERCIAL,2020-03-19,,,,,,Yes,Yes,Yes,Yes,"Demand not generated, hence not paid",Yes,Yes,Yes
PT-1014-875267,['365ea5a4-dda2-4ca3-bf91-98c31b932819'],['PLC2'],233.0,RESIDENTIAL,2020-03-19,,,,,,,Yes,Yes,Yes,Yes,Yes,No,Yes
PT-1014-875821,['4438d0d8-50a6-40cd-9544-217510ec87df'],['PLC31'],540.0,NONRESIDENTIAL.COMMERCIAL,2023-03-11,,,,,,,Yes,Yes,"Demand not generated, hence not paid",Yes,Yes,Yes,Yes
PT-1014-876127,['1e0103b4-bbf7-427c-a723-c6ca87315a24'],['PLC69'],278.0,RESIDENTIAL,2020-03-20,,,,,,Yes,Yes,"Demand not generated, hence not paid",Yes,"Demand not generated, hence not paid",Yes,Yes,Yes
PT-1014-876164,['1668710a-29c5-46f6-89d2-d1e4bd345f32'],['PLC113'],86.0,RESIDENTIAL,2021-03-17,,,,,,,Yes,Yes,Yes,"Demand not generated, hence not paid",Yes,Yes,Yes
PT-1014-876594,['03adcb78-97b8-4719-94f6-d1985cc36d23'],['PLC84'],245.0,MIXED,2020-03-21,,,,,,,Yes,"Demand not generated, hence not paid",Yes,Yes,Yes,Yes,Yes
PT-1014-876596,['e0942f14-963f-4072-beee-de3d8af36640'],['PLC84'],605.0,NONRESIDENTIAL.INDUSTRIAL,2020-03-21,,Yes,Yes,Yes,Yes,Yes,Yes,"Demand not generated, hence not paid",Yes,Yes,Yes,Yes,Yes
PT-1014-877991,['f7b95664-86c0-45c3-8914-5f0bcf09b719'],['PLC2'],250.0,RESIDENTIAL,2020-05-19,,,,,,Yes,Yes,Yes,"Demand not generated, hence not paid",Yes,Yes,Yes,Yes
PT-1014-879834,['c8ad3a18-6e55-4c8e-9083-44c95143d0e5'],['PLC121'],140.0,MIXED,2025-05-21,,,,Yes,Yes,Yes,Yes,Yes,"Demand not generated, hence not paid","Demand not generated, hence not paid","Demand not generated, hence not paid","Demand not generated, hence not paid",Yes
PT-1014-879837,['4bb2544f-9b93-43ca-8912-9b72dc49a702'],['PLC68'],500.0,RESIDENTIAL,2020-05-27,,,,,,,Yes,Yes,"Demand not generated, hence not paid",Yes,Yes,No,Yes
PT-1014-880634,['2eabdb6c-6898-4253-93ed-439455468c1d'],['PLC185'],200.0,RESIDENTIAL,2020-05-29,,,,,,,Yes,Yes,Yes,"Demand not generated, hence not paid",Yes,Yes,Yes
PT-1014-881459,['89a3951e-835c-4154-9af6-56b9785b71f6'],['PLC2'],195.0,RESIDENTIAL,2020-06-02,,,,,,,Yes,Yes,Yes,Yes,Yes,No,Yes
PT-1014-881474,['2366d6b8-2ea0-48cc-a71a-8f214bc6a241'],['PLC184'],167.0,RESIDENTIAL,2020-06-02,,,,,,,Yes,Yes,Yes,Yes,Yes,No,Yes
PT-1014-881573,['126257fd-db80-48bc-92d1-7659d66446ba'],['PLC136'],160.0,RESIDENTIAL,2020-06-02,,,,,,,Yes,Yes,"Demand not generated, hence not paid",Yes,Yes,Yes,Yes
PT-1014-882293,['68cd90d9-1f15-417a-baae-49629b1064b6'],['PLC67'],80.0,NONRESIDENTIAL.COMMERCIAL,2020-06-03,,,,,,,Yes,Yes,"Demand not generated, hence not paid","Demand not generated, hence not paid",Yes,Yes,Yes
PT-1014-882607,['ccf7f064-dfb4-42da-b5e2-4c23a7c78a87'],['PLC38'],95.0,RESIDENTIAL,2020-06-04,,,,,,Yes,Yes,Yes,Yes,Yes,Yes,No,Yes
PT-1014-883740,['d6c94ee7-20fe-451f-8db7-55b53d7dc3d5'],['PLC61'],355.0,MIXED,2020-06-09,,,,,,,Yes,Yes,Yes,"Demand not generated, hence not paid",Yes,Yes,Yes
PT-1014-883887,['791dfb05-1f6c-4897-b1fe-5863c185fe17'],['PLC74'],97.0,MIXED,2021-03-02,,,,,,,Yes,"Demand not generated, hence not paid",Yes,Yes,Yes,Yes,Yes
PT-1014-884549,['7654b662-bd92-4b57-86fe-402cbf1d5d98'],['PLC38'],13.34,NONRESIDENTIAL.COMMERCIAL,2020-06-10,,,,,,,Yes,Yes,"Demand not generated, hence not paid",Yes,Yes,Yes,Yes
PT-1014-884554,['f96d05b2-02f2-4275-bd8a-6b2c6c3e4942'],['PLC38'],13.34,NONRESIDENTIAL.COMMERCIAL,2020-06-10,,,,,,,Yes,Yes,"Demand not generated, hence not paid",Yes,Yes,Yes,Yes
PT-1014-885049,"['63a05ace-4436-411f-8150-7724cc4da89c', '39439b95-efef-4176-b4ed-0129caee1ce3']",['PLC100'],318.0,MIXED,2020-06-11,,,,,,,Yes,Yes,"Demand not generated, hence not paid","Demand not generated, hence not paid",Yes,Yes,Yes
PT-1014-885379,['01810ffc-1c0f-4e42-a29d-644b49c5114f'],['PLC136'],23.11,RESIDENTIAL,2020-06-11,,,,,,Yes,"Demand not generated, hence not paid",Yes,Yes,Yes,Yes,Yes,Yes
PT-1014-885382,['e3cdfb08-15d2-4061-8784-ec895607f90b'],['PLC136'],23.11,RESIDENTIAL,2020-06-11,,,,,Yes,"Demand not generated, hence not paid","Demand not generated, hence not paid",Yes,Yes,Yes,Yes,Yes,Yes
PT-1014-885385,['e3cdfb08-15d2-4061-8784-ec895607f90b'],['PLC136'],23.11,RESIDENTIAL,2020-06-11,,,,Yes,"Demand not generated, hence not paid","Demand not generated, hence not paid","Demand not generated, hence not paid",Yes,Yes,Yes,Yes,Yes,Yes
PT-1014-885420,['777dde93-8608-4307-8baf-b8202b12793b'],['PLC13'],212.0,RESIDENTIAL,2020-06-12,,,,,,Yes,Yes,Yes,Yes,Yes,Yes,No,Yes
PT-1014-886104,"['13468a8e-ecb0-45c3-8ba4-cfe6ceb840be', '889c838c-da16-48f1-809a-3ed8f04e93e8']",['PLC81'],229.0,RESIDENTIAL,2020-06-15,,,,,,,Yes,Yes,Yes,No,Yes,Yes,Yes
PT-1014-886147,['88199fa8-bd05-4dd1-af82-ad169a87e438'],['PLC184'],426.0,MIXED,2024-08-23,,,,,,,Yes,Yes,"Demand not generated, hence not paid",Yes,Yes,Yes,Yes
PT-1014-887909,['d68058a4-26d4-4608-9596-9173103049d8'],['PLC153'],220.0,RESIDENTIAL,2020-06-19,,,,,,,Yes,Yes,Yes,Yes,Yes,No,Yes
PT-1014-889429,['66076743-a4c4-42f3-a4ef-89be56ac59a9'],['PLC65'],160.0,RESIDENTIAL,2025-06-03,,,,,,,Yes,Yes,Yes,Yes,Yes,"Demand not generated, hence not paid",Yes
PT-1014-889440,['a906cf4e-6090-4117-b609-4bba366606cd'],['PLC32'],18.67,NONRESIDENTIAL.COMMERCIAL,2020-06-23,,,,,,,Yes,Yes,Yes,"Demand not generated, hence not paid",Yes,Yes,Yes
PT-1014-890282,['0e5e0189-7c2d-43fd-9a6a-cdb31a9f594a'],['PLC52'],20.0,NONRESIDENTIAL.COMMERCIAL,2020-06-24,,Yes,Yes,Yes,Yes,Yes,Yes,Yes,Yes,Yes,"Demand not generated, hence not paid",Yes,Yes
PT-1014-891726,['066400ce-0200-4ee5-a965-6c6d05115d0b'],['PLC79'],37.8,NONRESIDENTIAL.COMMERCIAL,2020-06-26,,,,,,,Yes,Yes,Yes,Yes,"Demand not generated, hence not paid",Yes,Yes
PT-1014-891950,['00f7b55e-4162-427a-8278-42dc960d83ee'],['PLC132'],711.0,RESIDENTIAL,2021-06-23,,Yes,Yes,Yes,Yes,Yes,Yes,Yes,"Demand not generated, hence not paid",Yes,Yes,Yes,Yes
PT-1014-895425,"['befcb9a6-41d2-4325-8df0-9428cbb5723e', '4941b879-6669-4152-9725-dff62199b947', 'b32c248f-e82e-4076-8213-a86e1d52c535']",['PLC141'],440.0,RESIDENTIAL,2020-06-30,,,,,Yes,Yes,Yes,Yes,Yes,Yes,No,Yes,Yes
PT-1014-898344,['e1642928-e720-4f20-b862-20001ae435f1'],['PLC121'],30.0,NONRESIDENTIAL.COMMERCIAL,2020-07-07,,Yes,Yes,Yes,Yes,Yes,Yes,Yes,"Demand not generated, hence not paid","Demand not generated, hence not paid",Yes,Yes,Yes
PT-1014-898548,['e0ff79ff-c0b2-48ff-8bc2-ac4a85e4953d'],['PLC67'],18.0,NONRESIDENTIAL.COMMERCIAL,2023-05-29,,,,,,,Yes,Yes,Yes,"Demand not generated, hence not paid",Yes,Yes,Yes
PT-1014-899740,['4ab4132a-9893-4ca7-bc0e-3c3ff4e0fca4'],['PLC2'],240.0,RESIDENTIAL,2020-07-10,,,,,,,Yes,Yes,Yes,Yes,"Demand not generated, hence not paid",Yes,Yes
PT-1014-900313,['407f6f2a-90c1-4c6f-a28a-a21c2d2af01c'],['PLC142'],102.0,RESIDENTIAL,2020-07-13,,,,,,Yes,Yes,Yes,Yes,"Demand not generated, hence not paid","Demand not generated, hence not paid",Yes,Yes
PT-1014-900503,['f4d62ad3-20ad-45d8-937e-a9780cbe718c'],['PLC81'],640.0,RESIDENTIAL,2020-07-13,,,,,,,Yes,"Demand not generated, hence not paid","Demand not generated, hence not paid",Yes,Yes,Yes,Yes
PT-1014-900507,['f4d62ad3-20ad-45d8-937e-a9780cbe718c'],['PLC81'],80.0,NONRESIDENTIAL.COMMERCIAL,2020-07-13,,,,,,,Yes,Yes,"Demand not generated, hence not paid",Yes,Yes,Yes,Yes
PT-1014-900619,['1d18dd65-2d64-4b03-bd6b-c54801d8a0ae'],['PLC210'],200.0,RESIDENTIAL,2020-07-14,,,,,,,Yes,Yes,Yes,"Demand not generated, hence not paid",Yes,Yes,Yes
PT-1014-901282,['0634b032-3bcd-422d-8ce0-a074458917a3'],['PLC160'],64.7,NONRESIDENTIAL.COMMERCIAL,2021-09-03,,,,,,,Yes,Yes,Yes,"Demand not generated, hence not paid",Yes,Yes,Yes
PT-1014-902201,['ebe5430b-aec6-403d-b797-42848e4e4093'],['PLC185'],200.0,RESIDENTIAL,2020-07-17,,,,,,,Yes,Yes,Yes,Yes,"Demand not generated, hence not paid",Yes,Yes
PT-1014-904445,['816bdf5e-a5f2-4169-9cce-7220b8abd4fb'],['PLC22'],260.3,RESIDENTIAL,2023-09-30,,,,,,,Yes,Yes,"Demand not generated, hence not paid",Yes,Yes,Yes,Yes
PT-1014-904806,['f0995333-b590-4e87-bed1-f49fae409953'],['PLC14'],160.0,RESIDENTIAL,2020-07-24,,Yes,Yes,Yes,Yes,Yes,Yes,Yes,Yes,Yes,Yes,"Demand not generated, hence not paid",Yes
PT-1014-905888,['418005bd-ae10-491e-b60b-4f3b17121e9d'],['PLC159'],77.0,NONRESIDENTIAL.COMMERCIAL,2024-11-08,,,,Yes,Yes,Yes,Yes,Yes,"Demand not generated, hence not paid",Yes,"Demand not generated, hence not paid",Yes,Yes
PT-1014-906200,['76966f89-ff68-4735-acaf-b005dfff5f69'],['PLC101'],55.0,NONRESIDENTIAL.COMMERCIAL,2020-07-28,,,,Yes,Yes,Yes,Yes,Yes,"Demand not generated, hence not paid","Demand not generated, hence not paid",Yes,Yes,Yes
PT-1014-906823,['2d517c43-07cb-4ae2-beca-911dd3de8e99'],['PLC68'],194.0,RESIDENTIAL,2020-07-29,,,,,,,,No,No,No,No,No,Yes
PT-1014-907010,"['2980eb72-6667-4557-8011-a674a3339672', '0abd14d1-9747-4cf6-914b-8777c4efe645']",['PLC51'],62.2,NONRESIDENTIAL.COMMERCIAL,2024-03-29,,,,,,,Yes,"Demand not generated, hence not paid",Yes,Yes,Yes,Yes,Yes
PT-1014-907608,['1f6f8915-3e12-4fc6-b1fe-83eb5c5103c3'],['PLC210'],8211.0,NONRESIDENTIAL.INSTITUTIONAL,2024-09-28,,,,,Yes,Yes,Yes,"Demand not generated, hence not paid","Demand not generated, hence not paid","Demand not generated, hence not paid","Demand not generated, hence not paid","Demand not generated, hence not paid",Yes
PT-1014-907612,['64be13cc-93a8-4d2b-96a6-9e1d740f6ef2'],['PLC210'],7211.82,NONRESIDENTIAL.INSTITUTIONAL,2024-09-28,,,,,Yes,Yes,Yes,No,Yes,Yes,Yes,Yes,Yes
PT-1014-907841,['36c189eb-56e0-4500-9788-48fd49228ae9'],['PLC149'],360.0,NONRESIDENTIAL.COMMERCIAL,2020-07-30,,,,,,Yes,Yes,Yes,Yes,Yes,No,Yes,Yes
PT-1014-908757,['d445fb38-9b6b-4178-b4f0-54db5364a893'],['PLC183'],42.7,NONRESIDENTIAL.COMMERCIAL,2020-07-31,,,,,Yes,Yes,Yes,Yes,"Demand not generated, hence not paid",Yes,Yes,Yes,Yes
PT-1014-908988,['f944fcb2-745e-4f44-ac67-167a53ec7655'],['PLC155'],88.0,MIXED,2025-06-10,,,Yes,"Demand not generated, hence not paid",Yes,Yes,Yes,Yes,Yes,"Demand not generated, hence not paid",Yes,Yes,Yes
PT-1014-909271,['d93731d5-a5c7-4d05-9a82-3ad68190c03e'],['PLC142'],404.0,MIXED,2024-09-06,,,,,,Yes,Yes,Yes,Yes,Yes,"Demand not generated, hence not paid",Yes,Yes
PT-1014-909436,['d9049258-ec0a-4079-8246-120241cb9fa4'],['PLC159'],280.0,MIXED,2020-07-31,,,Yes,Yes,Yes,Yes,Yes,Yes,Yes,Yes,"Demand not generated, hence not paid",Yes,Yes
PT-1014-909467,['9ff7dfa6-949b-4a50-8823-e40f34f720a4'],['PLC50'],405.0,RESIDENTIAL,2020-07-31,,,,,Yes,Yes,Yes,Yes,"Demand not generated, hence not paid",Yes,Yes,Yes,Yes
PT-1014-909490,['9ff7dfa6-949b-4a50-8823-e40f34f720a4'],['PLC50'],173.0,NONRESIDENTIAL.COMMERCIAL,2023-05-19,,,,,Yes,Yes,Yes,Yes,"Demand not generated, hence not paid","Demand not generated, hence not paid",Yes,Yes,Yes
PT-1014-909693,['0f812598-4a69-44f6-853b-66437882ad83'],['PLC183'],45.2,NONRESIDENTIAL.COMMERCIAL,2020-07-31,,,,,,,,No,No,No,No,No,Yes
PT-1014-910326,['b6026d15-7297-4184-9d9c-fdbbf5d973d6'],['PLC184'],95.0,RESIDENTIAL,2020-08-04,,,,,,,Yes,Yes,Yes,Yes,Yes,No,Yes
PT-1014-911456,['7a245980-1512-4e34-a172-a00f885a81f4'],['PLC2'],200.0,RESIDENTIAL,2020-08-07,,,,,,,Yes,Yes,Yes,"Demand not generated, hence not paid","Demand not generated, hence not paid",Yes,Yes
PT-1014-915124,['2fa30599-a0b0-4692-9785-699efb21eb56'],['PLC144'],68.0,MIXED,2020-08-25,,,,,,,,Yes,Yes,Yes,Yes,No,Yes
PT-1014-915522,['86f01f7f-997f-4032-814e-ef34fad8469e'],['PLC24'],214.0,RESIDENTIAL,2023-06-09,,,,,,,Yes,Yes,Yes,Yes,"Demand not generated, hence not paid",No,Yes
PT-1014-978297,['048a82d1-541a-492a-97d0-ea284b7cc152'],['PLC74'],397.0,NONRESIDENTIAL.INDUSTRIAL,2020-09-02,,,,,,,Yes,Yes,"Demand not generated, hence not paid","Demand not generated, hence not paid",Yes,Yes,Yes
PT-1014-978502,['33a69ce1-cd76-43ba-a61f-67f4cd563c0d'],['PLC68'],400.0,RESIDENTIAL,2020-09-03,,,,,,,Yes,Yes,"Demand not generated, hence not paid",Yes,Yes,Yes,Yes
PT-1014-978504,['33a69ce1-cd76-43ba-a61f-67f4cd563c0d'],['PLC68'],400.0,NONRESIDENTIAL.COMMERCIAL,2025-04-24,,,,,,,Yes,Yes,"Demand not generated, hence not paid",Yes,Yes,Yes,Yes
PT-1014-979899,['3ad8e592-4fec-4a63-b16c-9bf99b4721e4'],['PLC84'],610.0,NONRESIDENTIAL.INDUSTRIAL,2020-09-14,,,,,,,Yes,Yes,Yes,"Demand not generated, hence not paid",Yes,Yes,Yes
PT-1014-980069,['2ef50ba7-a4e7-4dca-8c19-72fd6b44bbd9'],['PLC167'],40.5,MIXED,2020-09-15,,,,,,,Yes,Yes,"Demand not generated, hence not paid","Demand not generated, hence not paid",Yes,Yes,Yes
PT-1014-980331,['715b7889-51b9-4e94-bb85-7895efc90b86'],['PLC84'],487.0,NONRESIDENTIAL.INDUSTRIAL,2020-09-15,,,,Yes,Yes,Yes,Yes,Yes,"Demand not generated, hence not paid",Yes,Yes,"Demand not generated, hence not paid",Yes
PT-1014-980373,"['dbb56927-fb3a-4fc9-a7aa-e6b09047c689', '992fa454-693f-46d2-98d3-28237f0418df', 'd34f2009-09e5-4230-b530-90fa8116d972']",['PLC212'],130.0,RESIDENTIAL,2020-09-15,,,,,,,Yes,Yes,"Demand not generated, hence not paid",Yes,Yes,Yes,Yes
PT-1014-980743,['9752d897-b30a-4d3e-8089-b7c17c3d5757'],['PLC33'],91.2,MIXED,2023-08-24,,,,,,,Yes,Yes,Yes,Yes,"Demand not generated, hence not paid",Yes,Yes
PT-1014-981445,['99f6f070-efe6-42cc-b69e-ce7abfde8903'],['PLC20'],52.7,NONRESIDENTIAL.COMMERCIAL,2020-09-17,,,,,,,Yes,Yes,"Demand not generated, hence not paid",Yes,Yes,Yes,Yes
PT-1014-984257,['b4a41a2f-464a-4d68-b717-5a4d830d1207'],['PLC52'],800.0,NONRESIDENTIAL.COMMERCIAL,2024-07-29,,,,,,,,,,,No,Yes,Yes
PT-1014-984329,['68a6a64d-8081-4247-9272-68deb85c5804'],['PLC142'],11.7,NONRESIDENTIAL.COMMERCIAL,2023-05-16,,,,,,,Yes,Yes,Yes,Yes,Yes,No,Yes
PT-1014-984654,['22de6558-f464-4132-b18f-2d4e406535a5'],['PLC20'],24.0,NONRESIDENTIAL.COMMERCIAL,2025-02-13,,,,,,Yes,Yes,Yes,"Demand not generated, hence not paid","Demand not generated, hence not paid",Yes,Yes,Yes
PT-1014-984915,['187a327a-fae1-4f9c-82c6-6e1f642f4087'],['PLC51'],10530.0,NONRESIDENTIAL.COMMERCIAL,2025-07-28,No,No,No,No,No,No,No,No,Yes,Yes,No,Yes,Yes
PT-1014-984967,['cfd981c4-68f5-47ea-852c-ba7aebf09007'],['PLC30'],,RESIDENTIAL,2020-09-25,,,,,,,Yes,Yes,Yes,Yes,No,Yes,Yes
PT-1014-985711,['5902356e-f0b0-4a69-a0ce-728dc8891a27'],['PLC112'],300.0,RESIDENTIAL,2020-09-28,,,,,Yes,Yes,Yes,Yes,Yes,Yes,Yes,No,Yes
PT-1014-985885,['a2477ba4-7f32-4060-8669-d1552201b88a'],['PLC19'],2.7,NONRESIDENTIAL.COMMERCIAL,2020-09-28,,,,,,,Yes,Yes,Yes,Yes,Yes,No,Yes
PT-1014-986102,['c3feb799-1e89-49e3-9b39-1eab3bb4c173'],['PLC144'],303.7,MIXED,2024-12-31,,,,,,,Yes,"Demand not generated, hence not paid","Demand not generated, hence not paid","Demand not generated, hence not paid","Demand not generated, hence not paid",Yes,Yes
PT-1014-987304,['393a0d16-eb6a-4b27-8d22-e0eb5de5d8a9'],['PLC53'],,RESIDENTIAL,2020-09-29,,Yes,Yes,Yes,Yes,Yes,Yes,Yes,Yes,Yes,Yes,No,Yes
PT-1014-987754,['8661795a-749d-496b-b887-249018cc6732'],['PLC116'],150.0,RESIDENTIAL,2021-07-27,,,,,,Yes,Yes,Yes,Yes,Yes,No,Yes,Yes
PT-1014-987918,"['82584f1f-10c0-4ca7-9faa-a1c8f2d017d2', 'cfb6be37-3dab-43b7-ac6d-8b60ac7eddc7']",['PLC84'],66.66,NONRESIDENTIAL.INDUSTRIAL,2020-09-29,,,Yes,Yes,Yes,Yes,Yes,Yes,Yes,No,Yes,No,Yes
PT-1014-987955,['51084203-165c-43b7-b679-58379243b3a5'],['PLC40'],24.5,NONRESIDENTIAL.COMMERCIAL,2020-09-29,,,,Yes,Yes,Yes,Yes,Yes,"Demand not generated, hence not paid",Yes,Yes,Yes,Yes
PT-1014-988707,['a31e4b49-54c4-47d6-983f-01ef90c812b2'],['PLC105'],400.0,MIXED,2024-08-20,,,,,Yes,Yes,Yes,Yes,"Demand not generated, hence not paid",Yes,Yes,Yes,Yes
PT-1014-988979,['893c5b5c-9514-4cdc-942e-cce32d683601'],['PLC40'],400.0,NONRESIDENTIAL.INDUSTRIAL,2020-09-30,,,,,,,Yes,Yes,Yes,Yes,Yes,No,Yes
PT-1014-989240,['4f8d2cbc-81f1-491e-8c1e-7dbbb3f89e41'],['PLC110'],166.7,NONRESIDENTIAL.COMMERCIAL,2020-09-30,,,,,,Yes,Yes,Yes,"Demand not generated, hence not paid","Demand not generated, hence not paid",Yes,Yes,Yes
PT-1014-989256,['83e13ba1-9651-48ab-aab0-4c26a381facf'],['PLC75'],126.0,RESIDENTIAL,2020-09-30,,,,,,,Yes,Yes,Yes,Yes,"Demand not generated, hence not paid",No,Yes
PT-1014-989463,['9762cadb-4162-4f66-bae8-fed53e984ce7'],['PLC167'],303.0,NONRESIDENTIAL.COMMERCIAL,2021-12-27,,,,,,,Yes,Yes,Yes,Yes,"Demand not generated, hence not paid",Yes,Yes
PT-1014-990902,['5da2ccfa-8f7d-4296-8800-4978945c918a'],['PLC31'],3600.0,NONRESIDENTIAL.INDUSTRIAL,2021-04-05,,,,,,,Yes,Yes,Yes,"Demand not generated, hence not paid",Yes,Yes,Yes
PT-1014-991504,['16a602a8-c072-433f-98da-348f8aeb682c'],['PLC142'],59.5,NONRESIDENTIAL.COMMERCIAL,2020-10-07,,,,,,,Yes,Yes,"Demand not generated, hence not paid",Yes,Yes,Yes,Yes
PT-1014-991652,['aea37637-59d4-4443-99d2-4cf0092d0a46'],['PLC74'],150.0,RESIDENTIAL,2020-10-07,,,,,,,Yes,Yes,Yes,Yes,No,No,Yes
PT-1014-992409,"['371a0c84-0dfa-4881-a859-1c5f104076d8', 'f4fc9611-43f0-4a85-8df6-49a6e7cf2e9d']",['PLC184'],173.9,NONRESIDENTIAL.COMMERCIAL,2021-10-27,,Yes,Yes,Yes,Yes,Yes,Yes,Yes,Yes,Yes,"Demand not generated, hence not paid",Yes,Yes
PT-1014-993629,"['f027d12a-86e9-45ba-94be-c2e41c9c4066', '159e8fd9-2096-4888-98dc-f9a00ff8c8e5']",['PLC57'],27.0,NONRESIDENTIAL.COMMERCIAL,2020-10-14,,,,,,,Yes,Yes,Yes,"Demand not generated, hence not paid",Yes,Yes,Yes
PT-1014-994447,['d6b9c97a-7d7c-4df1-98d7-91b9755361a6'],['PLC145'],90.0,MIXED,2025-05-15,,,,,,,Yes,Yes,Yes,"Demand not generated, hence not paid","Demand not generated, hence not paid",Yes,Yes
PT-1014-995802,['f4f1c442-4b97-45cf-973c-a082c7c56ae6'],['PLC20'],74.7,NONRESIDENTIAL.COMMERCIAL,2025-05-06,,,,,,Yes,Yes,Yes,Yes,No,Yes,Yes,Yes
PT-1014-997383,['3532812b-8006-4c3c-bfc8-44ea984676a0'],['PLC55'],107.0,RESIDENTIAL,2020-10-28,,,,,Yes,Yes,Yes,Yes,Yes,Yes,Yes,No,Yes
PT-1014-997704,['87c524fc-6149-432a-8d33-8ada74328f47'],['PLC121'],198.5,MIXED,2020-10-29,,,,,,Yes,Yes,Yes,"Demand not generated, hence not paid",Yes,Yes,Yes,Yes
PT-1014-997830,['9f2903f5-5a53-41a6-9a0d-22c9805a0885'],['PLC113'],100.0,MIXED,2024-05-09,,,,,,,Yes,Yes,"Demand not generated, hence not paid",Yes,Yes,Yes,Yes
PT-1014-997930,['c72a75ab-bbcf-42ea-9c38-6591ffcd3c3f'],['PLC157'],190.0,RESIDENTIAL,2020-10-29,,,,,,,Yes,Yes,Yes,Yes,"Demand not generated, hence not paid",Yes,Yes
PT-1014-998564,['0d3fc36b-0d7c-48f9-bfdc-d8d45ff58f2c'],['PLC105'],150.0,RESIDENTIAL,2020-11-02,,,,,,,Yes,Yes,Yes,Yes,"Demand not generated, hence not paid",Yes,Yes
